datetime,ticker,price_open,price_close,price_high,price_low,price_vol
2015-01-01 00:00:00,X:BTCUSD,314.02868,324.99703,324.99787,314.02868,0.435
2015-01-02 00:00:00,X:BTCUSD,313.17849,315.30403,320.0,313.17849,8.915297499999994
2015-01-03 00:00:00,X:BTCUSD,315.3001,281.50556,319.9338,281.50556,55.70158876000031
2015-01-04 00:00:00,X:BTCUSD,287.5338,265.86907,297.47622,265.86907,22.272335409999982
2015-01-05 00:00:00,X:BTCUSD,269.25518,274.47008,280.0,252.31554,67.25894076000004
2015-01-06 00:00:00,X:BTCUSD,260.00001,281.15113,293.66025,260.00001,3.1411300000000013
2015-01-07 00:00:00,X:BTCUSD,269.00001,299.99973,299.99973,269.00001,7.707377209999992
2015-01-08 00:00:00,X:BTCUSD,290.00001,283.52532,290.00001,283.52532,8.336343099999999
2015-01-09 00:00:00,X:BTCUSD,290.0,299.98516,299.98516,282.99689,8.370981140000001
2015-01-10 00:00:00,X:BTCUSD,288.0,277.78,296.0,274.7275,49.01191883
2015-01-11 00:00:00,X:BTCUSD,269.13069,265.0,269.15244,265.0,6.88088617
2015-01-12 00:00:00,X:BTCUSD,267.0,265.05737,292.0,263.02003,53.91089355
2015-01-13 00:00:00,X:BTCUSD,268.0,216.00001,268.0,215.0901,200.7051902099992
2015-01-14 00:00:00,X:BTCUSD,218.01,175.0,230.9919,175.0,221.66675472999825
2015-01-15 00:00:00,X:BTCUSD,175.0,218.9994,236.46589,175.0,116.57096037000008
2015-01-16 00:00:00,X:BTCUSD,209.03003,213.36243,219.0,195.20001,44.71203000000008
2015-01-17 00:00:00,X:BTCUSD,198.0,200.0,202.1725,196.0,9.216220699999996
2015-01-18 00:00:00,X:BTCUSD,200.0,219.9754,220.0,199.49585,31.116297559999992
2015-01-19 00:00:00,X:BTCUSD,206.13015,211.01,213.0,206.0,7.539439999999998
2015-01-20 00:00:00,X:BTCUSD,211.0,219.81882,219.84384,208.395,5.215864229999999
2015-01-21 00:00:00,X:BTCUSD,206.10107,224.485,225.90836,206.10106,47.35145822999999
2015-01-22 00:00:00,X:BTCUSD,225.01001,228.02561,241.01995,225.01001,26.471158839999998
2015-01-23 00:00:00,X:BTCUSD,228.3432,228.04286,231.23647,222.6761,10.177966109999996
2015-01-24 00:00:00,X:BTCUSD,228.02262,248.3225,251.36381,228.02262,114.17499046
2015-01-25 00:00:00,X:BTCUSD,250.84099,257.06,257.06,241.28478,41.23670749000001
2015-01-26 00:00:00,X:BTCUSD,258.0,270.0,307.045,250.03923,86.66463678999978
2015-01-27 00:00:00,X:BTCUSD,248.07348,250.84686,269.10297,205.00002,59.44039191000004
2015-01-28 00:00:00,X:BTCUSD,248.39845,247.99527,279.99998,225.01593,66.60420387000012
2015-01-29 00:00:00,X:BTCUSD,245.0,231.82976,245.0,222.27741,36.18992437000001
2015-01-30 00:00:00,X:BTCUSD,235.01,220.00103,239.36069,220.00103,55.18645337000001
2015-01-31 00:00:00,X:BTCUSD,229.98215,216.68998,239.98083,216.68998,13.38581916
2015-02-01 00:00:00,X:BTCUSD,216.14762,239.98261,239.98261,210.00635,5.104832620000001
2015-02-02 00:00:00,X:BTCUSD,239.96153,228.0,239.96153,223.9399,5.234146839999999
2015-02-03 00:00:00,X:BTCUSD,240.0,235.45066,246.93235,231.95995,18.46848767000001
2015-02-04 00:00:00,X:BTCUSD,228.0,228.89529,228.89529,221.85024,15.170659899999988
2015-02-05 00:00:00,X:BTCUSD,222.0,217.0,222.53259,215.25,17.33634536999999
2015-02-06 00:00:00,X:BTCUSD,217.0,221.9156,225.0,215.0,12.396409529999996
2015-02-07 00:00:00,X:BTCUSD,218.44062,229.65995,231.57664,218.44062,1.80878
2015-02-08 00:00:00,X:BTCUSD,229.0,229.2314,229.2314,218.80695,14.25094166
2015-02-09 00:00:00,X:BTCUSD,218.44851,221.2,228.95643,215.0,16.759032070000007
2015-02-10 00:00:00,X:BTCUSD,219.01,215.01,221.915,215.00001,3.2900660000000004
2015-02-11 00:00:00,X:BTCUSD,215.01015,207.2,215.01015,205.0,5.62822066
2015-02-12 00:00:00,X:BTCUSD,219.3,223.99999,223.99999,219.3,2.519
2015-02-13 00:00:00,X:BTCUSD,223.99999,232.80282,240.0,207.0,58.79329537000001
2015-02-14 00:00:00,X:BTCUSD,233.0,250.0,250.0,228.0,44.01001128000004
2015-02-15 00:00:00,X:BTCUSD,234.70965,235.2728,264.79663,228.0,48.66836807000001
2015-02-16 00:00:00,X:BTCUSD,230.9,250.65756,250.65756,227.6674,27.05081394
2015-02-17 00:00:00,X:BTCUSD,232.41754,249.98294,249.98294,230.29618,7.416014999999999
2015-02-18 00:00:00,X:BTCUSD,239.04557,236.00001,239.76,230.30013,14.94190669
2015-02-19 00:00:00,X:BTCUSD,237.9,240.1,244.055,237.9,6.173579999999997
2015-02-20 00:00:00,X:BTCUSD,242.11099,240.09028,248.5,240.09028,40.42599122
2015-02-21 00:00:00,X:BTCUSD,240.12031,240.12031,240.12031,240.12031,0.03775
2015-02-22 00:00:00,X:BTCUSD,247.43614,235.0,247.43614,235.0,21.396859200000037
2015-02-23 00:00:00,X:BTCUSD,235.11,236.1201,239.9,234.08001,28.04909921000004
2015-02-24 00:00:00,X:BTCUSD,237.96427,238.0,238.0,237.94427,0.88
2015-02-25 00:00:00,X:BTCUSD,240.183,237.01552,240.183,237.01552,6.478653209999999
2015-02-26 00:00:00,X:BTCUSD,237.05652,239.63507,239.63507,235.0,22.713520600000003
2015-02-27 00:00:00,X:BTCUSD,239.60403,247.05224,259.41692,237.9975,122.7685226899999
2015-02-28 00:00:00,X:BTCUSD,247.05039,250.11,255.74888,244.00001,45.02534393000031
2015-03-01 00:00:00,X:BTCUSD,250.11,249.89344,261.4978,240.00576,22.886845140000037
2015-03-02 00:00:00,X:BTCUSD,254.90181,271.36702,279.99798,250.06853,53.683398390000015
2015-03-03 00:00:00,X:BTCUSD,278.0,276.45248,280.0947,264.68794,24.928836390000008
2015-03-04 00:00:00,X:BTCUSD,276.52394,274.79073,285.73048,267.32,38.22587365000008
2015-03-05 00:00:00,X:BTCUSD,272.32736,272.19753,278.60804,265.17001,14.734610669999991
2015-03-06 00:00:00,X:BTCUSD,269.65122,260.00005,275.4619,260.00005,10.689149999999993
2015-03-07 00:00:00,X:BTCUSD,270.0,269.93423,270.0,269.89856,0.18738
2015-03-08 00:00:00,X:BTCUSD,279.98011,270.07622,279.99575,270.07622,3.75796
2015-03-09 00:00:00,X:BTCUSD,270.12774,296.99983,297.50744,270.12774,18.777936869999994
2015-03-10 00:00:00,X:BTCUSD,287.2091,291.0,299.999,287.2091,29.26992320000008
2015-03-11 00:00:00,X:BTCUSD,291.0,295.6975,299.93926,289.0,36.96841795
2015-03-12 00:00:00,X:BTCUSD,296.93748,290.27606,296.93748,289.3671,8.17787305
2015-03-13 00:00:00,X:BTCUSD,290.03538,286.99089,293.0,272.0,78.46152761000012
2015-03-14 00:00:00,X:BTCUSD,277.53005,282.32767,288.62895,272.63893,54.24510745000005
2015-03-15 00:00:00,X:BTCUSD,287.25,288.0,288.0,281.51071,0.14544647
2015-03-16 00:00:00,X:BTCUSD,288.0,294.44197,294.44402,287.99999,32.98529418
2015-03-17 00:00:00,X:BTCUSD,293.99543,288.1992,294.96033,284.0,17.91309279
2015-03-18 00:00:00,X:BTCUSD,283.37061,257.47999,283.37065,250.00002,37.66223963000005
2015-03-19 00:00:00,X:BTCUSD,253.4492,255.00001,280.86996,253.4492,6.26311755
2015-03-20 00:00:00,X:BTCUSD,270.0,272.48632,272.48632,256.03388,1.21432643
2015-03-21 00:00:00,X:BTCUSD,261.67457,259.68252,261.67457,259.68252,0.1197299999999999
2015-03-22 00:00:00,X:BTCUSD,258.0598,271.34,271.34,258.0598,18.17892453
2015-03-23 00:00:00,X:BTCUSD,271.99899,266.57785,271.99901,263.00001,9.083248669999984
2015-03-24 00:00:00,X:BTCUSD,263.71189,247.0,263.73404,245.00001,28.82396973
2015-03-25 00:00:00,X:BTCUSD,247.04008,250.97809,250.99964,237.685,9.872057269999996
2015-03-26 00:00:00,X:BTCUSD,250.5,251.8985,268.99998,250.04807,14.116976539999998
2015-03-27 00:00:00,X:BTCUSD,248.57992,252.0,252.0,242.87629,0.68489832
2015-03-28 00:00:00,X:BTCUSD,247.80743,252.5,255.69955,247.80743,2.123469560000001
2015-03-29 00:00:00,X:BTCUSD,250.99973,243.58836,250.99973,240.43751,4.381622329999999
2015-03-30 00:00:00,X:BTCUSD,246.02468,268.99959,268.99959,240.18791,4.647841489999999
2015-03-31 00:00:00,X:BTCUSD,249.93732,244.42198,259.99004,244.42198,1.026009
2015-04-01 00:00:00,X:BTCUSD,248.79996,242.97551,249.24224,241.05751,17.81256569000001
2015-04-02 00:00:00,X:BTCUSD,247.59,253.0,255.93,240.0,19.647689789999998
2015-04-03 00:00:00,X:BTCUSD,251.19687,252.89904,256.0,249.37241,3.1142486
2015-04-04 00:00:00,X:BTCUSD,255.0,249.55506,255.0,249.52004,9.16083667
2015-04-05 00:00:00,X:BTCUSD,253.75267,259.99476,259.99476,253.75267,1.4511167600000003
2015-04-06 00:00:00,X:BTCUSD,261.0,254.41999,262.4245,253.01101,12.029357049999994
2015-04-07 00:00:00,X:BTCUSD,253.05602,248.84735,256.87938,246.51001,25.81167990999997
2015-04-08 00:00:00,X:BTCUSD,248.84735,249.45692,258.23933,244.3875,13.747920839999995
2015-04-09 00:00:00,X:BTCUSD,245.5,249.26784,249.44738,239.9625,7.551209999999997
2015-04-10 00:00:00,X:BTCUSD,241.0,242.49256,245.85,232.84648,37.757890960000125
2015-04-11 00:00:00,X:BTCUSD,242.4924,232.5832,242.4924,230.75821,23.524386810000003
2015-04-12 00:00:00,X:BTCUSD,234.04946,239.99978,239.99999,234.04946,18.943426480000007
2015-04-13 00:00:00,X:BTCUSD,239.99972,227.93527,239.99999,223.542,21.321779640000024
2015-04-14 00:00:00,X:BTCUSD,227.93527,221.97962,231.84673,216.50029,41.26620631000001
2015-04-15 00:00:00,X:BTCUSD,221.889,220.10885,224.00001,219.66098,12.479029949999989
2015-04-16 00:00:00,X:BTCUSD,227.85518,233.59987,234.70359,223.36631,9.112341639999997
2015-04-17 00:00:00,X:BTCUSD,229.0,223.00599,230.52451,223.00591,2.3120000000000007
2015-04-18 00:00:00,X:BTCUSD,227.49,222.02479,227.49,222.00072,4.90667786
2015-04-19 00:00:00,X:BTCUSD,222.87381,226.78856,228.99999,222.87381,10.280524999999995
2015-04-20 00:00:00,X:BTCUSD,226.43521,224.3875,227.99985,223.26212,40.23298017000007
2015-04-21 00:00:00,X:BTCUSD,224.32299,234.55422,235.23058,224.0475,92.60975795
2015-04-22 00:00:00,X:BTCUSD,234.64001,233.27,238.89186,232.0925,40.65196145000008
2015-04-23 00:00:00,X:BTCUSD,234.13515,235.20829,235.6875,231.0,23.61503985000002
2015-04-24 00:00:00,X:BTCUSD,235.88,230.9625,237.58149,229.31001,46.509973
2015-04-25 00:00:00,X:BTCUSD,232.14202,227.49,232.14202,226.0348,5.799028589999999
2015-04-26 00:00:00,X:BTCUSD,226.0,220.1475,226.0,216.34205,35.00703702000004
2015-04-27 00:00:00,X:BTCUSD,223.62645,228.26001,238.55826,217.33855,28.26095372000001
2015-04-28 00:00:00,X:BTCUSD,228.0,229.94526,233.25156,224.0,43.42908985
2015-04-29 00:00:00,X:BTCUSD,228.30986,226.0,232.00202,224.0,23.945526920000045
2015-04-30 00:00:00,X:BTCUSD,226.009,237.3075,239.654,225.68502,49.81298221000004
2015-05-01 00:00:00,X:BTCUSD,235.51481,231.2625,238.97102,231.21,40.41757762
2015-05-02 00:00:00,X:BTCUSD,233.7889,234.14507,239.0898,231.38622,21.208736090000013
2015-05-03 00:00:00,X:BTCUSD,237.02975,240.36019,242.5025,236.178,24.954473130000004
2015-05-04 00:00:00,X:BTCUSD,239.72914,236.915,242.105,236.188,13.001727519999998
2015-05-05 00:00:00,X:BTCUSD,239.01726,235.5925,239.111,231.4225,13.80311816
2015-05-06 00:00:00,X:BTCUSD,234.87595,227.355,239.34991,227.001,50.74630823000003
2015-05-07 00:00:00,X:BTCUSD,228.14,236.57249,242.44468,227.0,26.425286840000044
2015-05-08 00:00:00,X:BTCUSD,237.48492,240.51051,243.0,234.801,13.630789749999998
2015-05-09 00:00:00,X:BTCUSD,242.99792,241.74408,243.0,234.131,14.439829509999996
2015-05-10 00:00:00,X:BTCUSD,240.00101,239.24004,242.62143,236.13,8.451411419999998
2015-05-11 00:00:00,X:BTCUSD,239.74405,241.85502,243.14501,238.8025,35.80541256999999
2015-05-12 00:00:00,X:BTCUSD,240.1926,241.22251,242.98998,237.551,33.584847880000005
2015-05-13 00:00:00,X:BTCUSD,240.49885,235.09016,244.0,235.08017,62.42848395
2015-05-14 00:00:00,X:BTCUSD,235.55015,236.47,237.99,235.0,7.2781775899999905
2015-05-15 00:00:00,X:BTCUSD,238.50938,238.97589,240.05,237.48957,1.2217890299999998
2015-05-16 00:00:00,X:BTCUSD,239.09771,237.34752,239.38678,235.14465,3.672374850000002
2015-05-17 00:00:00,X:BTCUSD,236.00001,235.8575,237.57015,235.6,1.38585661
2015-05-18 00:00:00,X:BTCUSD,236.59338,233.32992,236.62001,231.90503,14.678929359999996
2015-05-19 00:00:00,X:BTCUSD,233.31987,232.78497,233.90998,231.43364,23.405443450000025
2015-05-20 00:00:00,X:BTCUSD,232.29837,234.80351,235.05813,231.09775,23.31970886000001
2015-05-21 00:00:00,X:BTCUSD,234.5493,236.0875,236.0875,233.97392,11.937029589999993
2015-05-22 00:00:00,X:BTCUSD,235.05503,237.59,244.0,233.91251,63.87229533000001
2015-05-23 00:00:00,X:BTCUSD,237.65145,237.39019,240.83735,237.39019,28.220204880000047
2015-05-24 00:00:00,X:BTCUSD,237.53121,239.77001,241.13249,237.53117,10.848584689999996
2015-05-25 00:00:00,X:BTCUSD,240.43468,236.18998,240.43468,234.8325,31.926954880000004
2015-05-26 00:00:00,X:BTCUSD,236.04377,236.01749,237.11249,235.17,8.110579539999998
2015-05-27 00:00:00,X:BTCUSD,236.99999,235.29999,238.0,234.76661,6.454212539999997
2015-05-28 00:00:00,X:BTCUSD,234.03003,235.83266,237.90344,234.03003,1.6208711100000002
2015-05-29 00:00:00,X:BTCUSD,235.87608,234.91168,235.92495,234.91168,8.43638
2015-05-30 00:00:00,X:BTCUSD,234.00001,232.81331,235.23954,230.55425,13.466273359999986
2015-05-31 00:00:00,X:BTCUSD,231.78254,227.58963,235.85876,227.58963,12.766791179999991
2015-06-01 00:00:00,X:BTCUSD,232.40158,227.46908,232.40159,222.03202,33.95139536000018
2015-06-02 00:00:00,X:BTCUSD,227.46541,229.49735,229.49815,222.29114,4.348696879999999
2015-06-03 00:00:00,X:BTCUSD,226.00015,227.0,229.47843,226.0,25.400000000000105
2015-06-04 00:00:00,X:BTCUSD,227.0,223.15499,228.792,223.04,49.478175190000336
2015-06-05 00:00:00,X:BTCUSD,223.4874,225.00497,228.2972,220.33904,34.1477509800001
2015-06-06 00:00:00,X:BTCUSD,224.70524,223.70128,225.65381,223.70128,5.359
2015-06-07 00:00:00,X:BTCUSD,225.32953,224.34529,225.32953,224.34529,0.3
2015-06-08 00:00:00,X:BTCUSD,224.2211,229.02749,229.02749,224.2211,26.599046220000023
2015-06-09 00:00:00,X:BTCUSD,226.79,230.91728,230.91728,226.79,2.41268494
2015-06-10 00:00:00,X:BTCUSD,228.21045,227.26254,228.23047,226.57075,8.948799999999999
2015-06-11 00:00:00,X:BTCUSD,228.68997,228.9225,231.58709,228.24321,33.69381729
2015-06-12 00:00:00,X:BTCUSD,228.86036,229.44253,233.15352,228.86036,62.23318961
2015-06-13 00:00:00,X:BTCUSD,228.76875,231.0402,231.05546,226.14462,25.31
2015-06-14 00:00:00,X:BTCUSD,232.0,232.145,233.2925,231.19035,18.23294572
2015-06-15 00:00:00,X:BTCUSD,231.34253,235.53501,235.53501,231.34251,20.06635670000001
2015-06-16 00:00:00,X:BTCUSD,237.02991,249.7075,251.0,233.81721,151.33692178000007
2015-06-17 00:00:00,X:BTCUSD,249.70751,245.025,256.3825,245.025,56.75261786
2015-06-18 00:00:00,X:BTCUSD,247.29251,247.5,252.65981,244.0,29.808802890000003
2015-06-19 00:00:00,X:BTCUSD,247.69004,245.5,249.63215,245.4938,117.09082535000002
2015-06-20 00:00:00,X:BTCUSD,244.0,243.85281,244.69417,241.5,19.407221
2015-06-21 00:00:00,X:BTCUSD,244.28501,241.0,244.95977,238.05336,41.90389999999999
2015-06-22 00:00:00,X:BTCUSD,244.29239,248.08457,248.08457,243.99,39.36509483
2015-06-23 00:00:00,X:BTCUSD,245.81001,243.7221,245.81001,243.7221,49.66488647
2015-06-24 00:00:00,X:BTCUSD,242.8026,241.67089,242.8026,240.1745,1.31196996
2015-06-25 00:00:00,X:BTCUSD,242.77984,242.03894,243.99919,239.5263,16.469583950000004
2015-06-26 00:00:00,X:BTCUSD,242.1,242.0,243.99982,242.0,1.7629862400000005
2015-06-27 00:00:00,X:BTCUSD,243.3737,251.9275,251.9275,243.3737,33.66135374
2015-06-28 00:00:00,X:BTCUSD,251.30249,248.5,260.0,247.45041,55.481095180000096
2015-06-29 00:00:00,X:BTCUSD,250.58862,268.4679,268.49818,248.8887,95.24362098000002
2015-06-30 00:00:00,X:BTCUSD,258.9349,263.1766,273.0,258.49261,69.98686215000004
2015-07-01 00:00:00,X:BTCUSD,263.21271,258.1036,265.02255,255.5,69.00501192000017
2015-07-02 00:00:00,X:BTCUSD,259.76038,254.73617,259.76038,253.43004,15.935686719999998
2015-07-03 00:00:00,X:BTCUSD,254.51613,255.46944,272.99996,252.87507,21.853855600000024
2015-07-04 00:00:00,X:BTCUSD,258.00644,261.999,262.99948,254.88804,15.30954274
2015-07-05 00:00:00,X:BTCUSD,261.94,271.14397,274.67998,257.11755,70.31611004999988
2015-07-06 00:00:00,X:BTCUSD,270.12751,274.5894,278.0,268.13764,96.11661019000002
2015-07-07 00:00:00,X:BTCUSD,269.32707,265.36,272.16381,265.0,29.6454837900001
2015-07-08 00:00:00,X:BTCUSD,265.36002,270.04031,276.32316,265.36,35.2089937900002
2015-07-09 00:00:00,X:BTCUSD,270.554,271.99975,275.66538,267.39002,34.73785030000005
2015-07-10 00:00:00,X:BTCUSD,268.95604,284.54,297.0,268.95604,167.37432052999966
2015-07-11 00:00:00,X:BTCUSD,288.82289,293.59999,298.98683,283.05827,71.95677729000002
2015-07-12 00:00:00,X:BTCUSD,291.69256,310.7575,316.01249,291.69255,143.19805555999991
2015-07-13 00:00:00,X:BTCUSD,309.80751,290.181,310.58156,269.0,332.84911559000034
2015-07-14 00:00:00,X:BTCUSD,293.07,288.70809,295.97251,286.78751,36.26405777
2015-07-15 00:00:00,X:BTCUSD,288.77131,285.83994,293.7899,285.83994,10.411568259999996
2015-07-16 00:00:00,X:BTCUSD,289.44823,276.85939,292.0,273.40259,53.22104189000001
2015-07-17 00:00:00,X:BTCUSD,281.08639,280.38,281.30712,275.515,4.53804255
2015-07-18 00:00:00,X:BTCUSD,281.0028,278.01,281.69369,274.92386,14.072366499999998
2015-07-19 00:00:00,X:BTCUSD,279.33139,275.54,279.57307,274.31656,0.47246337
2015-07-20 00:00:00,X:BTCUSD,277.26347,277.56408,280.40143,276.72252,83.54116649000002
2015-07-21 00:00:00,X:BTCUSD,279.41478,277.48,281.40693,276.4525,21.25397321
2015-07-22 00:00:00,X:BTCUSD,276.666,276.975,279.38271,275.31,59.565350600000016
2015-07-23 00:00:00,X:BTCUSD,278.3975,276.89,278.3975,276.02902,24.71363255
2015-07-24 00:00:00,X:BTCUSD,276.18001,289.26089,290.0,276.18001,41.54499047000002
2015-07-25 00:00:00,X:BTCUSD,286.69717,288.91613,291.8117,286.67015,27.55936554000001
2015-07-26 00:00:00,X:BTCUSD,288.69692,291.28494,293.8545,287.83081,8.720577239999999
2015-07-27 00:00:00,X:BTCUSD,293.36615,296.10159,296.10159,286.55237,11.071090709999998
2015-07-28 00:00:00,X:BTCUSD,295.737,293.56002,296.80402,287.0,57.372600600000005
2015-07-29 00:00:00,X:BTCUSD,293.51367,291.61259,293.51367,280.00001,29.305745770000005
2015-07-30 00:00:00,X:BTCUSD,288.56174,288.0,289.235,280.00001,31.2429952
2015-07-31 00:00:00,X:BTCUSD,285.34906,293.47977,293.47977,280.00001,40.83809560000004
2015-08-01 00:00:00,X:BTCUSD,290.25283,283.2674,292.0,277.12003,63.83871723000056
2015-08-02 00:00:00,X:BTCUSD,285.0035,283.8413,289.88983,277.9052,0.8987923499999998
2015-08-03 00:00:00,X:BTCUSD,285.4046,283.87017,285.51,280.57,18.342827380000003
2015-08-04 00:00:00,X:BTCUSD,282.70008,287.67861,287.68162,280.53092,21.60723768000001
2015-08-05 00:00:00,X:BTCUSD,284.505,281.00001,287.77,281.00001,36.88717861000001
2015-08-06 00:00:00,X:BTCUSD,281.0,278.66964,286.95751,278.60106,13.81267619
2015-08-07 00:00:00,X:BTCUSD,278.67,280.85541,290.0,274.15182,62.78561679999999
2015-08-07 00:00:00,X:ETHUSD,3.0,3.0,3.00001,3.0,123.93056831
2015-08-08 00:00:00,X:BTCUSD,280.28011,264.2,283.77999,259.20268,29.29967062000004
2015-08-08 00:00:00,X:ETHUSD,3.0,1.19999,3.0,0.15,1942.88814725
2015-08-09 00:00:00,X:BTCUSD,264.19997,269.76927,269.76927,258.0,14.823358109999996
2015-08-10 00:00:00,X:BTCUSD,262.49,266.84753,273.88,262.49,19.70776689000001
2015-08-11 00:00:00,X:BTCUSD,264.2,270.0,270.0,260.0,99.12175366999992
2015-08-11 00:00:00,X:ETHUSD,0.79969,0.99,1.15,0.65038,9234.568704799998
2015-08-12 00:00:00,X:BTCUSD,268.97047,267.0254,270.0,265.48598,61.30881062000003
2015-08-12 00:00:00,X:ETHUSD,1.0,1.288,1.288,0.905,1736.1149829999997
2015-08-13 00:00:00,X:BTCUSD,267.47934,265.19999,268.0,261.6437,138.97618378000018
2015-08-13 00:00:00,X:ETHUSD,1.2628,1.8848,1.8848,1.2628,2815.45076228
2015-08-14 00:00:00,X:BTCUSD,265.19999,268.0,270.0,262.00638,368.6367937400012
2015-08-14 00:00:00,X:ETHUSD,1.88345,1.79489,2.1,1.79489,5775.80909876
2015-08-15 00:00:00,X:BTCUSD,268.32981,265.22,269.21723,265.22,164.3289478800001
2015-08-15 00:00:00,X:ETHUSD,1.7,1.79,1.79,1.5,8677.609636910003
2015-08-16 00:00:00,X:BTCUSD,265.22,260.41942,270.0,257.0064,265.96926855999715
2015-08-16 00:00:00,X:ETHUSD,1.65,1.5893,1.65,0.5,9867.150972220004
2015-08-17 00:00:00,X:BTCUSD,261.5,258.6391,263.12,257.5721,86.53270709999998
2015-08-17 00:00:00,X:ETHUSD,1.50539,1.29638,1.58,1.25,3946.58358692
2015-08-18 00:00:00,X:BTCUSD,259.0784,223.00277,259.93483,188.10761,683.1979918999992
2015-08-18 00:00:00,X:ETHUSD,1.15,1.10001,1.36163,0.98998,4150.6382213100005
2015-08-19 00:00:00,X:BTCUSD,204.39327,230.084,245.0,204.39327,239.38614274999856
2015-08-19 00:00:00,X:ETHUSD,1.10001,1.24,1.24,1.10001,2213.64200104
2015-08-20 00:00:00,X:BTCUSD,230.084,236.8741,238.70954,229.0338,508.09991938000303
2015-08-20 00:00:00,X:ETHUSD,1.3,1.5218,1.5218,1.3,912.4127658
2015-08-21 00:00:00,X:BTCUSD,236.99999,234.28494,238.70966,232.61804,148.2441242600001
2015-08-21 00:00:00,X:ETHUSD,1.45061,1.43588,1.53,1.43588,6006.792913190001
2015-08-22 00:00:00,X:BTCUSD,235.012,231.99031,235.31862,223.09997,160.87552293000007
2015-08-22 00:00:00,X:ETHUSD,1.41,1.4,1.41,1.4,229.000432
2015-08-23 00:00:00,X:BTCUSD,232.37909,228.13041,232.37909,226.07,52.24048713000002
2015-08-23 00:00:00,X:ETHUSD,1.35,1.35,1.35002,1.31,258.01665862000004
2015-08-24 00:00:00,X:BTCUSD,226.23081,212.70097,227.19522,209.78753,393.06724433
2015-08-24 00:00:00,X:ETHUSD,1.33,1.23804,1.34,1.23804,4969.027376999999
2015-08-25 00:00:00,X:BTCUSD,211.85102,224.49439,235.98998,204.01,433.9097843300075
2015-08-25 00:00:00,X:ETHUSD,1.22031,1.27119,1.277,1.22031,911.43678445
2015-08-26 00:00:00,X:BTCUSD,225.8616,226.38149,243.3788,223.11341,154.68776979999996
2015-08-26 00:00:00,X:ETHUSD,1.11099,1.18,1.2,1.08253,1961.75247227
2015-08-27 00:00:00,X:BTCUSD,228.2424,226.011,233.0,225.30789,172.04794017999916
2015-08-27 00:00:00,X:ETHUSD,1.18818,1.13646,1.18818,1.13646,230.29495247
2015-08-28 00:00:00,X:BTCUSD,225.3427,232.6416,237.9801,222.5718,264.3752689900005
2015-08-28 00:00:00,X:ETHUSD,1.21733,1.295,1.3,1.15219,20766.09278881
2015-08-29 00:00:00,X:BTCUSD,233.0357,230.77732,234.97411,228.95384,99.84734176999947
2015-08-29 00:00:00,X:ETHUSD,1.16415,1.1795,1.1795,1.153,329.63902475
2015-08-30 00:00:00,X:BTCUSD,231.72,228.95377,233.10008,226.67792,60.62931026999999
2015-08-30 00:00:00,X:ETHUSD,1.21,1.32,1.35,1.17189,6748.747078040001
2015-08-31 00:00:00,X:BTCUSD,228.84,230.92,233.51,225.9989,98.38033774999994
2015-08-31 00:00:00,X:ETHUSD,1.22,1.30651,1.32,0.90001,2948.17462905
2015-09-01 00:00:00,X:BTCUSD,231.0852,229.49,231.12,226.87,101.21826624000006
2015-09-01 00:00:00,X:ETHUSD,1.31241,1.36,1.38,1.31241,921.59244968
2015-09-02 00:00:00,X:BTCUSD,229.49,230.04,232.99117,226.81932,191.17766219
2015-09-02 00:00:00,X:ETHUSD,1.36,1.32795,1.37199,1.14032,364.41379956
2015-09-03 00:00:00,X:BTCUSD,229.14001,226.9388,231.13283,226.17,291.8041028899979
2015-09-03 00:00:00,X:ETHUSD,1.3,1.23357,1.3,1.23357,2599.0465789500004
2015-09-04 00:00:00,X:BTCUSD,226.9796,231.01,231.79,226.55001,151.62819272
2015-09-05 00:00:00,X:BTCUSD,231.0099,236.3209,236.9999,230.24725,173.96860231000008
2015-09-05 00:00:00,X:ETHUSD,1.29705,1.37,1.37,1.29705,7836.038226990003
2015-09-06 00:00:00,X:BTCUSD,237.0,241.98999,243.37667,237.0,112.16443429000002
2015-09-06 00:00:00,X:ETHUSD,1.385,1.34,1.385,1.3351,71.97
2015-09-07 00:00:00,X:BTCUSD,240.3301,241.07,242.7792,239.13181,148.82119427
2015-09-07 00:00:00,X:ETHUSD,1.27561,1.27561,1.27561,1.27561,73.309
2015-09-08 00:00:00,X:BTCUSD,240.35001,243.2677,246.51,240.35,253.51738310999937
2015-09-08 00:00:00,X:ETHUSD,1.26397,1.26349,1.26397,1.26349,82.2295
2015-09-09 00:00:00,X:BTCUSD,242.56,239.01,244.9708,238.18137,202.535194359999
2015-09-09 00:00:00,X:ETHUSD,1.21,1.21,1.21,1.21,3.0
2015-09-10 00:00:00,X:BTCUSD,240.1,238.1631,240.4586,236.99,35.12512335000001
2015-09-10 00:00:00,X:ETHUSD,1.19,1.1857,1.21279,1.12001,518.3670860800001
2015-09-11 00:00:00,X:BTCUSD,239.97,242.11885,242.11885,238.84814,128.37422917000004
2015-09-11 00:00:00,X:ETHUSD,1.15,0.92422,1.16397,0.92422,1982.13688371
2015-09-12 00:00:00,X:BTCUSD,239.45001,235.78,241.6,233.67,55.15843051000008
2015-09-12 00:00:00,X:ETHUSD,0.99999,1.14639,1.14639,0.98,264.75683363
2015-09-13 00:00:00,X:BTCUSD,235.5114,230.0,236.96,228.68,135.95878350999982
2015-09-13 00:00:00,X:ETHUSD,1.013,0.88557,1.013,0.88367,3821.946101480001
2015-09-14 00:00:00,X:BTCUSD,230.0,230.6536,232.638,226.32,418.2882795600117
2015-09-14 00:00:00,X:ETHUSD,0.96222,0.955,0.96223,0.88495,869.81060409
2015-09-15 00:00:00,X:BTCUSD,230.6536,230.79412,232.32408,228.6,122.0930929199987
2015-09-15 00:00:00,X:ETHUSD,0.80405,0.95,1.0,0.80404,2557.5169455200007
2015-09-16 00:00:00,X:BTCUSD,229.35,229.08477,232.19999,226.91,65.82978823
2015-09-16 00:00:00,X:ETHUSD,0.95625,0.93634,0.95625,0.93634,40.8798
2015-09-17 00:00:00,X:BTCUSD,229.99,233.37,236.0,227.88,43.24149774000002
2015-09-17 00:00:00,X:ETHUSD,0.82383,0.875,0.875,0.82383,51.49882246
2015-09-18 00:00:00,X:BTCUSD,232.78,232.8278,235.49999,231.92,62.93082529000039
2015-09-18 00:00:00,X:ETHUSD,0.8751,0.85226,0.87999,0.85226,639.6194208099998
2015-09-19 00:00:00,X:BTCUSD,231.62638,231.61,233.29,230.0,71.09367931999998
2015-09-19 00:00:00,X:ETHUSD,0.87,0.89,0.89,0.80129,3.77699
2015-09-20 00:00:00,X:BTCUSD,230.55101,231.44,231.97,230.17,1.5724976599999998
2015-09-20 00:00:00,X:ETHUSD,0.88,0.94116,0.95,0.88,38.84446285
2015-09-21 00:00:00,X:BTCUSD,230.01,227.171,231.49,226.95,31.97126822000001
2015-09-22 00:00:00,X:BTCUSD,226.3,228.6,233.85819,223.1,155.15770741000006
2015-09-22 00:00:00,X:ETHUSD,0.8611,0.80588,0.8611,0.80588,4.0
2015-09-23 00:00:00,X:BTCUSD,230.36137,230.24,231.07552,228.23299,101.29424726
2015-09-23 00:00:00,X:ETHUSD,0.91,0.91,0.91,0.91,0.7444299999999999
2015-09-24 00:00:00,X:BTCUSD,229.71,231.7824,234.995,229.71,41.48737715999997
2015-09-24 00:00:00,X:ETHUSD,0.80045,0.8,0.80045,0.8,304.0
2015-09-25 00:00:00,X:BTCUSD,233.463,236.0,237.19999,232.35515,142.0090481299997
2015-09-25 00:00:00,X:ETHUSD,0.75286,0.68233,0.76,0.68233,2739.60361328
2015-09-26 00:00:00,X:BTCUSD,234.01,233.49,235.77546,233.46,52.56174906999999
2015-09-26 00:00:00,X:ETHUSD,0.68049,0.77032,0.77032,0.68049,4.28
2015-09-27 00:00:00,X:BTCUSD,233.37,230.62,234.0,230.62,29.86936408
2015-09-27 00:00:00,X:ETHUSD,0.70071,0.70077,0.70077,0.70071,4.0
2015-09-28 00:00:00,X:BTCUSD,233.996,238.488,239.97,233.996,121.69358914999997
2015-09-28 00:00:00,X:ETHUSD,0.70075,0.6,0.7047,0.6,4698.458499999999
2015-09-29 00:00:00,X:BTCUSD,238.33273,238.01963,240.0,235.0046,94.54477411
2015-09-29 00:00:00,X:ETHUSD,0.6,0.68163,0.68163,0.5,4205.466300490001
2015-09-30 00:00:00,X:BTCUSD,236.04,236.0,237.91999,235.00002,40.92350767
2015-09-30 00:00:00,X:ETHUSD,0.50457,0.71365,0.74001,0.50457,349.08804240000006
2015-10-01 00:00:00,X:BTCUSD,235.6,237.8,238.0,234.58813,36.27360097
2015-10-01 00:00:00,X:ETHUSD,0.71364,0.65479,0.71364,0.65454,548.92468126
2015-10-02 00:00:00,X:BTCUSD,236.46,236.42883,239.85654,236.42883,71.12895357000002
2015-10-02 00:00:00,X:ETHUSD,0.66601,0.66467,0.66601,0.66467,400.0
2015-10-03 00:00:00,X:BTCUSD,236.48,238.8,238.8,236.46,18.641990000000007
2015-10-03 00:00:00,X:ETHUSD,0.67467,0.6796,0.6796,0.67467,44.65459185
2015-10-04 00:00:00,X:BTCUSD,238.0,238.96704,239.94586,237.6,9.3187
2015-10-04 00:00:00,X:ETHUSD,0.67467,0.60954,0.67467,0.60954,415.23171815
2015-10-05 00:00:00,X:BTCUSD,237.634,239.48001,240.44219,237.16401,84.78669666
2015-10-05 00:00:00,X:ETHUSD,0.60777,0.60777,0.60777,0.60777,12.3
2015-10-06 00:00:00,X:BTCUSD,240.26001,244.53,248.38999,239.72001,87.21231480000007
2015-10-06 00:00:00,X:ETHUSD,0.60914,0.65114,0.65114,0.60914,24.17013158
2015-10-07 00:00:00,X:BTCUSD,246.0,241.21889,247.19999,234.55,131.57133203
2015-10-07 00:00:00,X:ETHUSD,0.61,0.6,0.61101,0.6,2021.3880001899995
2015-10-08 00:00:00,X:BTCUSD,243.646,242.7,244.73,233.0,112.92422459
2015-10-08 00:00:00,X:ETHUSD,0.6,0.62,0.64,0.6,5641.7097423000005
2015-10-09 00:00:00,X:BTCUSD,242.52,241.74515,244.87149,241.74515,110.72498391000002
2015-10-09 00:00:00,X:ETHUSD,0.6303,0.6352,0.6352,0.5701,2009.2
2015-10-10 00:00:00,X:BTCUSD,243.55005,245.64004,245.64004,243.21004,6.2484354
2015-10-11 00:00:00,X:BTCUSD,245.70007,245.11008,247.12,245.05544,43.17924283000001
2015-10-11 00:00:00,X:ETHUSD,0.59931,0.59934,0.59934,0.59931,14.4
2015-10-12 00:00:00,X:BTCUSD,246.689,245.61063,247.11,244.00006,28.36413564
2015-10-12 00:00:00,X:ETHUSD,0.63899,0.63,0.63899,0.63,19.879
2015-10-13 00:00:00,X:BTCUSD,245.2844,249.0,249.50999,244.01,118.50431753999996
2015-10-13 00:00:00,X:ETHUSD,0.63463,0.60166,0.65,0.60163,691.1248252299999
2015-10-14 00:00:00,X:BTCUSD,249.99999,253.638,253.6601,241.0,100.17277148
2015-10-14 00:00:00,X:ETHUSD,0.599,0.48324,0.599,0.48323,1839.03085998
2015-10-15 00:00:00,X:BTCUSD,254.0,253.5587,255.0,251.86004,105.34612964
2015-10-15 00:00:00,X:ETHUSD,0.55,0.56,0.56,0.51627,10.2
2015-10-16 00:00:00,X:BTCUSD,254.27414,258.0,268.50765,253.00001,272.76275349999986
2015-10-16 00:00:00,X:ETHUSD,0.56224,0.525,0.56224,0.525,257.93163654
2015-10-17 00:00:00,X:BTCUSD,260.97009,270.0,270.99943,260.97009,96.85473612
2015-10-17 00:00:00,X:ETHUSD,0.525,0.52299,0.54,0.52001,870.2936436
2015-10-18 00:00:00,X:BTCUSD,265.2,251.0,267.60998,251.0,63.87121821999998
2015-10-18 00:00:00,X:ETHUSD,0.52,0.505,0.52,0.505,1051.8601999999998
2015-10-19 00:00:00,X:BTCUSD,258.86,264.06003,265.734,258.86,23.86617998
2015-10-19 00:00:00,X:ETHUSD,0.505,0.5,0.505,0.48207,577.3398000000001
2015-10-20 00:00:00,X:BTCUSD,264.9,270.0,270.0,264.0,144.11713514000002
2015-10-20 00:00:00,X:ETHUSD,0.4805,0.44,0.4805,0.44,1278.2
2015-10-21 00:00:00,X:BTCUSD,269.42374,266.59313,270.73997,264.57,178.92602149000012
2015-10-21 00:00:00,X:ETHUSD,0.43,0.41999,0.47186,0.41999,735.71462052
2015-10-22 00:00:00,X:BTCUSD,266.21318,274.19999,278.0,263.73009,70.22716308999995
2015-10-22 00:00:00,X:ETHUSD,0.44126,0.609,0.609,0.41101,2836.8404125800007
2015-10-23 00:00:00,X:BTCUSD,270.0,276.6418,279.31107,270.0,100.39077665999996
2015-10-23 00:00:00,X:ETHUSD,0.53509,0.56491,0.6,0.50001,3364.40804805
2015-10-24 00:00:00,X:BTCUSD,277.8,283.37508,283.56878,277.8,76.2612218
2015-10-24 00:00:00,X:ETHUSD,0.52407,0.55607,0.55607,0.51,295.272
2015-10-25 00:00:00,X:BTCUSD,284.96999,282.44,294.475,282.44,115.09849691000002
2015-10-25 00:00:00,X:ETHUSD,0.59998,0.62,0.67,0.58747,1006.23215769
2015-10-26 00:00:00,X:BTCUSD,284.40969,285.25,286.0,280.64454,70.39117582000002
2015-10-26 00:00:00,X:ETHUSD,0.66221,0.70604,0.70604,0.65,1553.8770484500003
2015-10-27 00:00:00,X:BTCUSD,285.4196,292.5071,296.31,285.239,248.20929467000013
2015-10-27 00:00:00,X:ETHUSD,0.71095,0.83,0.90099,0.70117,1774.07721301
2015-10-28 00:00:00,X:BTCUSD,294.41245,298.0,305.0,290.00002,142.90255577999991
2015-10-28 00:00:00,X:ETHUSD,0.855,0.99,1.01,0.82,3938.99348691
2015-10-29 00:00:00,X:BTCUSD,297.01,312.11121,317.84465,296.4,126.22214068
2015-10-29 00:00:00,X:ETHUSD,1.0,1.12287,1.19999,0.97174,4264.73619516
2015-10-30 00:00:00,X:BTCUSD,312.026,325.0,333.0,311.7704,329.35751846000016
2015-10-30 00:00:00,X:ETHUSD,1.19,1.1385,1.34,1.12063,3479.035500760001
2015-10-31 00:00:00,X:BTCUSD,325.75,306.1304,331.0,306.1304,56.64782291000003
2015-10-31 00:00:00,X:ETHUSD,0.95019,0.86764,1.01001,0.86764,761.6890550300001
2015-11-01 00:00:00,X:BTCUSD,313.46084,320.0,320.0,304.69003,57.39355944999998
2015-11-01 00:00:00,X:ETHUSD,0.97,0.99,0.99,0.97,1.11517
2015-11-02 00:00:00,X:BTCUSD,320.0,358.16998,360.0,314.0,190.4801703899997
2015-11-02 00:00:00,X:ETHUSD,0.97526,0.9878,1.06,0.97526,4656.042446219997
2015-11-03 00:00:00,X:BTCUSD,349.49896,397.76999,418.97,307.23,388.8784197400005
2015-11-03 00:00:00,X:ETHUSD,1.019,1.06,1.06,0.84254,3015.8645015100005
2015-11-04 00:00:00,X:BTCUSD,398.8904,408.96258,489.99,368.48525,426.16404143999983
2015-11-04 00:00:00,X:ETHUSD,0.92084,0.799,0.92084,0.79875,1306.12528547
2015-11-05 00:00:00,X:BTCUSD,395.24652,380.0,438.71737,341.0,193.92428549
2015-11-05 00:00:00,X:ETHUSD,1.00474,0.87638,1.00484,0.82634,624.06367244
2015-11-06 00:00:00,X:BTCUSD,382.0235,362.06,390.0,346.34009,96.24049675000003
2015-11-06 00:00:00,X:ETHUSD,0.87641,0.98987,0.98987,0.79,1586.5266156899993
2015-11-07 00:00:00,X:BTCUSD,372.89997,383.89,389.81,368.0,53.70277448000008
2015-11-07 00:00:00,X:ETHUSD,0.88,0.93,0.93,0.86465,957.31460753
2015-11-08 00:00:00,X:BTCUSD,374.08774,371.7638,385.0,352.0,76.55927286000005
2015-11-08 00:00:00,X:ETHUSD,0.8945,1.0,1.0,0.8945,2577.200017410001
2015-11-09 00:00:00,X:BTCUSD,371.36138,367.0,379.0,350.0,52.94763437000002
2015-11-09 00:00:00,X:ETHUSD,1.0,0.998,1.078,0.89,2875.4609709600013
2015-11-10 00:00:00,X:BTCUSD,367.0,338.0,378.99,327.26001,123.71673470999984
2015-11-10 00:00:00,X:ETHUSD,1.0,0.9,1.0,0.9,6648.804045190001
2015-11-11 00:00:00,X:BTCUSD,338.0,304.80001,341.0,300.0,140.32538734999997
2015-11-11 00:00:00,X:ETHUSD,0.94,0.75,0.94,0.73,2589.8171967200005
2015-11-12 00:00:00,X:BTCUSD,309.197,336.0,341.0,301.56,184.04841207999996
2015-11-12 00:00:00,X:ETHUSD,0.89,0.88,0.9,0.80104,313.22209661999995
2015-11-13 00:00:00,X:BTCUSD,329.04,336.9484,340.1788,326.5,114.87871334
2015-11-13 00:00:00,X:ETHUSD,0.88,0.9,0.9,0.83953,564.5609182000001
2015-11-14 00:00:00,X:BTCUSD,337.92176,329.7431,339.47,326.03001,51.78549369999999
2015-11-14 00:00:00,X:ETHUSD,0.91,0.88,0.91,0.87356,94.90544037
2015-11-15 00:00:00,X:BTCUSD,330.69427,315.00001,333.73999,315.00001,73.53327846000002
2015-11-15 00:00:00,X:ETHUSD,0.87459,0.91926,0.91926,0.87459,616.07219339
2015-11-16 00:00:00,X:BTCUSD,315.9809,321.90688,330.0,315.70073,83.01478014
2015-11-16 00:00:00,X:ETHUSD,0.92,0.925,0.925,0.6612,2709.0009477400004
2015-11-17 00:00:00,X:BTCUSD,329.65,330.0,336.88999,329.65,87.42883721999996
2015-11-17 00:00:00,X:ETHUSD,0.92244,1.0,1.0,0.9224,6762.890359749998
2015-11-18 00:00:00,X:BTCUSD,330.0,326.50003,334.74999,326.00001,59.65146845000002
2015-11-18 00:00:00,X:ETHUSD,0.98,0.99727,0.99727,0.95,1620.6842476799998
2015-11-19 00:00:00,X:BTCUSD,332.7,326.25999,332.70988,323.07088,46.06616721
2015-11-19 00:00:00,X:ETHUSD,0.99999,0.94,0.99999,0.92,910.23419
2015-11-20 00:00:00,X:BTCUSD,323.07088,317.21,323.07088,310.0,78.94460649000003
2015-11-20 00:00:00,X:ETHUSD,0.92851,0.92,0.92851,0.91,135.73566037999998
2015-11-21 00:00:00,X:BTCUSD,319.97584,322.8,324.37,319.97584,4.57207009
2015-11-21 00:00:00,X:ETHUSD,0.93,0.96,0.96,0.92,132.6146202
2015-11-22 00:00:00,X:BTCUSD,325.0,322.85,325.0,319.03328,36.66267746999994
2015-11-22 00:00:00,X:ETHUSD,0.8827,0.97,0.97,0.8827,6.800000000000001
2015-11-23 00:00:00,X:BTCUSD,320.0,322.68425,323.5,319.0,68.88624189999999
2015-11-23 00:00:00,X:ETHUSD,0.92,0.92,0.92,0.92,3.2
2015-11-24 00:00:00,X:BTCUSD,319.0,323.48,325.0,316.01323,349.5248530200008
2015-11-24 00:00:00,X:ETHUSD,0.94,0.91002,0.95,0.91,4.2
2015-11-25 00:00:00,X:BTCUSD,323.3,329.69,330.0,317.57001,175.52180748999996
2015-11-25 00:00:00,X:ETHUSD,0.88001,0.87,0.91265,0.86736,1127.5477
2015-11-26 00:00:00,X:BTCUSD,329.70784,350.55,370.0,329.7,136.6211240499999
2015-11-26 00:00:00,X:ETHUSD,0.89,0.86,0.90998,0.81547,3885.027263979999
2015-11-27 00:00:00,X:BTCUSD,351.51,360.0,364.0,350.53001,83.17191044000002
2015-11-27 00:00:00,X:ETHUSD,0.89,0.88,0.89,0.88,634.1659000000001
2015-11-28 00:00:00,X:BTCUSD,354.0,356.49998,359.0,350.27786,54.90819496000001
2015-11-28 00:00:00,X:ETHUSD,0.89,0.91,0.91,0.89,95.2
2015-11-29 00:00:00,X:BTCUSD,357.43899,370.39,373.76998,353.03001,87.69965570000002
2015-11-29 00:00:00,X:ETHUSD,0.89523,0.87,0.89523,0.85,770.15645554
2015-11-30 00:00:00,X:BTCUSD,370.39,378.49993,380.67998,370.39,79.73365201999997
2015-11-30 00:00:00,X:ETHUSD,0.86743,0.88,0.88,0.86743,52.3930614
2015-12-01 00:00:00,X:BTCUSD,377.68718,361.582,378.47,355.0,442.0814447999999
2015-12-01 00:00:00,X:ETHUSD,0.86512,0.87,0.88846,0.84232,221.45876354
2015-12-02 00:00:00,X:BTCUSD,362.4066,358.69,362.4066,349.20001,228.55621082
2015-12-02 00:00:00,X:ETHUSD,0.86,0.82,0.865,0.8,3512.85012183
2015-12-03 00:00:00,X:BTCUSD,359.46,361.298,370.0,356.988,1144.6329573600028
2015-12-03 00:00:00,X:ETHUSD,0.81117,0.83,0.83,0.79792,634.90343132
2015-12-04 00:00:00,X:BTCUSD,363.6827,364.93447,365.0826,357.48405,50.81390143999997
2015-12-04 00:00:00,X:ETHUSD,0.82458,0.84,0.84,0.82458,139.64150587999998
2015-12-05 00:00:00,X:BTCUSD,364.32,387.65,390.58431,363.93001,205.33255949000008
2015-12-05 00:00:00,X:ETHUSD,0.85,0.86993,0.86993,0.83506,296.71861671
2015-12-06 00:00:00,X:BTCUSD,391.37999,387.6548,404.21397,386.01,170.31993018000006
2015-12-06 00:00:00,X:ETHUSD,0.87,0.82499,0.87,0.82499,113.2
2015-12-07 00:00:00,X:BTCUSD,386.4955,395.3,398.0,384.07,241.3464100400001
2015-12-07 00:00:00,X:ETHUSD,0.82224,0.79,0.8224,0.7829,282.08220000000006
2015-12-08 00:00:00,X:BTCUSD,391.88,415.0,415.0,388.52,259.51137300999994
2015-12-08 00:00:00,X:ETHUSD,0.79,0.79461,0.898,0.77963,5895.884692119999
2015-12-09 00:00:00,X:BTCUSD,414.97999,416.33,420.0,404.0,265.76156528
2015-12-09 00:00:00,X:ETHUSD,0.79461,0.80511,0.85333,0.761,8125.65433652
2015-12-10 00:00:00,X:BTCUSD,417.27,416.0,420.0,410.01286,233.11669731999984
2015-12-10 00:00:00,X:ETHUSD,0.77973,0.84374,0.86826,0.77973,4871.63185339
2015-12-11 00:00:00,X:BTCUSD,417.83305,443.119,445.0,417.83305,461.3582214600003
2015-12-11 00:00:00,X:ETHUSD,0.84348,0.8998,0.9,0.77,2783.9818704900003
2015-12-12 00:00:00,X:BTCUSD,443.119,431.0,463.99999,407.13518,238.98760812000003
2015-12-12 00:00:00,X:ETHUSD,0.9,0.96,0.96,0.9,2071.348622769999
2015-12-13 00:00:00,X:BTCUSD,427.48657,432.0,438.0,418.36999,40.15370005000001
2015-12-13 00:00:00,X:ETHUSD,0.88355,0.91993,0.97491,0.88355,987.99
2015-12-14 00:00:00,X:BTCUSD,430.0,442.0,445.0,426.21,302.06599034000004
2015-12-14 00:00:00,X:ETHUSD,0.96279,0.99,0.99,0.96279,4292.4356599600005
2015-12-15 00:00:00,X:BTCUSD,443.0,464.98,464.98,430.01,187.27926950000025
2015-12-15 00:00:00,X:ETHUSD,0.98,1.0,1.0,0.96,6764.822089020002
2015-12-16 00:00:00,X:BTCUSD,461.60483,453.6486,461.63003,441.0,183.79328989999996
2015-12-16 00:00:00,X:ETHUSD,0.98315,0.803,1.0998,0.8,4405.422204359999
2015-12-17 00:00:00,X:BTCUSD,450.3476,451.03435,459.15315,445.00001,67.71351772000001
2015-12-17 00:00:00,X:ETHUSD,0.97,0.94,0.9701,0.9371,157.66894292
2015-12-18 00:00:00,X:BTCUSD,455.0,464.97099,467.69074,452.27193,92.69887504999996
2015-12-18 00:00:00,X:ETHUSD,0.9,0.9,0.9,0.9,5.07
2015-12-19 00:00:00,X:BTCUSD,464.76094,458.01,464.96,455.0,52.990593350000005
2015-12-19 00:00:00,X:ETHUSD,0.91928,0.89348,0.91928,0.89348,61.78970838
2015-12-20 00:00:00,X:BTCUSD,458.9,441.22,460.48999,436.0,166.610861
2015-12-20 00:00:00,X:ETHUSD,0.9,1.065,1.065,0.9,1281.96129625
2015-12-21 00:00:00,X:BTCUSD,442.0,441.74999,446.95575,426.69595,193.73980497
2015-12-21 00:00:00,X:ETHUSD,0.9647,0.91,1.065,0.91,1887.91619251
2015-12-22 00:00:00,X:BTCUSD,440.56114,437.69,444.25,434.29292,40.91631382
2015-12-22 00:00:00,X:ETHUSD,0.91,0.88,0.99989,0.88,3928.9843524100006
2015-12-23 00:00:00,X:BTCUSD,437.7,444.83,445.99,435.46883,66.44749549000002
2015-12-23 00:00:00,X:ETHUSD,0.87884,0.87093,0.9897,0.87,395.23573239
2015-12-24 00:00:00,X:BTCUSD,443.99,452.71225,458.0,443.99,60.26048776999999
2015-12-24 00:00:00,X:ETHUSD,0.85166,0.87,0.88988,0.85,1233.1828607599998
2015-12-25 00:00:00,X:BTCUSD,455.33901,457.83999,457.95,451.12,4.066762059999999
2015-12-25 00:00:00,X:ETHUSD,0.86276,0.88,0.88,0.85691,16.79070888
2015-12-26 00:00:00,X:BTCUSD,451.12,417.47,451.12,409.0,216.29296295999987
2015-12-26 00:00:00,X:ETHUSD,0.89,0.853,1.0,0.85,2809.15091018
2015-12-27 00:00:00,X:BTCUSD,413.0,427.29,429.72,409.40689,26.981862029999995
2015-12-27 00:00:00,X:ETHUSD,0.8501,0.91799,0.91799,0.84,1282.96161333
2015-12-28 00:00:00,X:BTCUSD,427.29,424.3,429.36,418.78109,108.74893910999997
2015-12-28 00:00:00,X:ETHUSD,0.8521,0.87489,0.918,0.84,3709.19847762
2015-12-29 00:00:00,X:BTCUSD,421.09481,430.95,432.5,420.3989,148.2647171900001
2015-12-29 00:00:00,X:ETHUSD,0.8509,0.86,0.88999,0.84329,390.69809967
2015-12-30 00:00:00,X:BTCUSD,433.3,424.30871,434.99999,420.0,48.78505383999999
2015-12-30 00:00:00,X:ETHUSD,0.87,0.89254,0.92899,0.8676,647.16008046
2015-12-31 00:00:00,X:BTCUSD,424.45,431.31,431.31,416.60843,80.65263234000003
2015-12-31 00:00:00,X:ETHUSD,0.92584,0.94885,0.96664,0.92584,162.74138645
2016-01-01 00:00:00,X:BTCUSD,434.17899,431.50531,434.96999,430.74,14.34857996
2016-01-01 00:00:00,X:ETHUSD,0.91838,0.92037,0.92037,0.91838,14.6
2016-01-02 00:00:00,X:BTCUSD,434.0,434.98,434.99,430.32476,26.75948217000001
2016-01-02 00:00:00,X:ETHUSD,0.93,0.95466,0.95466,0.93,54.35
2016-01-03 00:00:00,X:BTCUSD,434.49,426.57001,434.49,422.98,23.61102955
2016-01-03 00:00:00,X:ETHUSD,0.95899,0.96,0.97,0.95058,20.2
2016-01-04 00:00:00,X:BTCUSD,427.77001,431.08415,433.96,426.56,40.87598514
2016-01-04 00:00:00,X:ETHUSD,0.96436,0.95,0.96436,0.91857,696.43695555
2016-01-05 00:00:00,X:BTCUSD,431.06001,431.32,434.7299,429.0,34.082065099999994
2016-01-05 00:00:00,X:ETHUSD,0.955,0.9426,0.95988,0.84158,857.44923813
2016-01-06 00:00:00,X:BTCUSD,431.3299,429.99,431.3299,427.58056,20.04790497
2016-01-06 00:00:00,X:ETHUSD,0.94,0.95,0.95199,0.92922,1048.57909523
2016-01-07 00:00:00,X:BTCUSD,428.55,457.88354,457.88354,427.78067,132.76454268
2016-01-07 00:00:00,X:ETHUSD,0.952,0.94,0.96,0.93,1236.6446994
2016-01-08 00:00:00,X:BTCUSD,457.9999,455.22,460.0,447.6401,110.94217655
2016-01-08 00:00:00,X:ETHUSD,0.95,0.985,0.985,0.95,6714.733596389997
2016-01-09 00:00:00,X:BTCUSD,452.85001,451.38,459.87181,450.0,84.78387587999997
2016-01-09 00:00:00,X:ETHUSD,0.985,0.985,0.998,0.96536,2928.2175661300007
2016-01-10 00:00:00,X:BTCUSD,450.0,449.13,451.12999,442.05,42.67798529000002
2016-01-10 00:00:00,X:ETHUSD,0.99789,1.0,1.0,0.99025,1907.82561455
2016-01-11 00:00:00,X:BTCUSD,449.89328,452.23059,454.53,443.81177,110.19949601000002
2016-01-11 00:00:00,X:ETHUSD,1.0,1.07,1.1,1.0,8280.33499604
2016-01-12 00:00:00,X:BTCUSD,451.3155,440.0,451.3155,440.0,157.6837879
2016-01-12 00:00:00,X:ETHUSD,1.04713,1.2249,1.25,1.04713,18474.31292058
2016-01-13 00:00:00,X:BTCUSD,440.0,433.9817,455.0,427.17,180.79213732000005
2016-01-13 00:00:00,X:ETHUSD,1.13,1.13743,1.1489,1.0699,7770.952270420003
2016-01-14 00:00:00,X:BTCUSD,433.0605,430.57505,437.15,430.0,44.44569491999999
2016-01-14 00:00:00,X:ETHUSD,1.1,1.17,1.17,1.1,1737.1
2016-01-15 00:00:00,X:BTCUSD,430.57505,364.49,430.91,364.49,629.5344978899997
2016-01-15 00:00:00,X:ETHUSD,1.19,1.29891,1.33,1.16145,6375.024550760002
2016-01-16 00:00:00,X:BTCUSD,364.48,390.328,392.5201,351.76,516.3884063099995
2016-01-16 00:00:00,X:ETHUSD,1.19821,1.21179,1.32,1.19821,5209.759813060002
2016-01-17 00:00:00,X:BTCUSD,390.328,381.95022,395.0,381.6,133.94492996000014
2016-01-17 00:00:00,X:ETHUSD,1.2061,1.32,1.32,1.2061,1784.1741812200005
2016-01-18 00:00:00,X:BTCUSD,383.5708,390.1,391.82,376.58,243.0561327000006
2016-01-18 00:00:00,X:ETHUSD,1.33,1.46625,1.55,1.30661,25958.179877530005
2016-01-19 00:00:00,X:BTCUSD,390.97,381.10022,390.97,379.02,68.61650782999997
2016-01-19 00:00:00,X:ETHUSD,1.38844,1.35506,1.4096,1.2205,1957.05627238
2016-01-20 00:00:00,X:BTCUSD,381.0438,419.0501,425.1272,375.93,792.6624189900003
2016-01-20 00:00:00,X:ETHUSD,1.31121,1.40261,1.61,1.28092,4352.620762330001
2016-01-21 00:00:00,X:BTCUSD,419.0501,412.31,425.78,406.05001,730.2346238900095
2016-01-21 00:00:00,X:ETHUSD,1.50001,1.49593,1.5395,1.41983,23187.891477019944
2016-01-22 00:00:00,X:BTCUSD,410.6546,383.25,411.18988,375.52417,514.5195551400003
2016-01-22 00:00:00,X:ETHUSD,1.56756,1.51999,1.66,1.42,6863.37720298
2016-01-23 00:00:00,X:BTCUSD,384.29,385.80986,395.0,381.36,387.8284607799998
2016-01-23 00:00:00,X:ETHUSD,1.54,2.0,2.03143,1.3888,23357.59292881996
2016-01-24 00:00:00,X:BTCUSD,387.96988,400.68011,406.70999,386.58,601.9007718500009
2016-01-24 00:00:00,X:ETHUSD,1.88838,2.1,2.3,1.1,61453.08769527995
2016-01-25 00:00:00,X:BTCUSD,401.25228,394.01,401.25228,387.17001,473.1331572600011
2016-01-25 00:00:00,X:ETHUSD,2.06164,2.59554,2.87999,2.05,15340.459372509991
2016-01-26 00:00:00,X:BTCUSD,393.36878,395.95,406.69999,390.45001,709.3699526199979
2016-01-26 00:00:00,X:ETHUSD,2.6,2.30001,2.802,2.25,40093.84753969
2016-01-27 00:00:00,X:BTCUSD,395.94988,395.35535,401.4799,393.11001,200.92198807999975
2016-01-27 00:00:00,X:ETHUSD,2.57405,2.4,2.8,1.878,13618.099625390005
2016-01-28 00:00:00,X:BTCUSD,396.55,380.0,397.84,376.96522,316.96745170000526
2016-01-28 00:00:00,X:ETHUSD,2.40001,2.54645,2.61145,2.236,5113.935445509999
2016-01-29 00:00:00,X:BTCUSD,380.0001,379.91559,385.63,365.0001,613.790435380007
2016-01-29 00:00:00,X:ETHUSD,2.50024,2.49874,2.61,2.21,25048.6320143
2016-01-30 00:00:00,X:BTCUSD,379.91559,378.0001,382.47158,376.12,207.77435070999996
2016-01-30 00:00:00,X:ETHUSD,2.49927,2.44067,2.59999,2.37002,3147.59114303
2016-01-31 00:00:00,X:BTCUSD,379.22745,369.18991,380.9998,366.16011,209.20134690999924
2016-01-31 00:00:00,X:ETHUSD,2.47,2.2004,2.53999,2.2,16250.97025679
2016-02-01 00:00:00,X:BTCUSD,369.18991,372.19,379.99987,366.16054,525.1390290900005
2016-02-01 00:00:00,X:ETHUSD,2.20087,2.16537,2.32125,2.0,10745.459982620005
2016-02-02 00:00:00,X:BTCUSD,372.15,373.4899,376.67565,372.00001,361.86236674
2016-02-02 00:00:00,X:ETHUSD,2.1701,2.44653,2.44654,2.12,8510.675979119991
2016-02-03 00:00:00,X:BTCUSD,372.44,368.14,373.59732,365.78233,218.3095983700001
2016-02-03 00:00:00,X:ETHUSD,2.34985,2.53,2.53875,2.30127,1791.66885072
2016-02-04 00:00:00,X:BTCUSD,368.66,389.71,392.0,368.66,381.7591722300001
2016-02-04 00:00:00,X:ETHUSD,2.53,2.55007,2.79,2.49887,8530.94409753
2016-02-05 00:00:00,X:BTCUSD,389.71,387.22,390.55961,382.47764,476.1787044600053
2016-02-05 00:00:00,X:ETHUSD,2.572,2.56453,2.58999,2.47,7740.82625839
2016-02-06 00:00:00,X:BTCUSD,384.00012,375.7,384.94113,367.70524,414.8974011800007
2016-02-06 00:00:00,X:ETHUSD,2.53,2.54903,2.57197,2.48,5836.563528160002
2016-02-07 00:00:00,X:BTCUSD,375.7,372.1236,381.22988,371.5501,183.5462161599996
2016-02-07 00:00:00,X:ETHUSD,2.57,2.89791,3.0,2.51,16362.962592080014
2016-02-08 00:00:00,X:BTCUSD,373.79,373.47,377.77941,371.6601,443.17404046
2016-02-08 00:00:00,X:ETHUSD,2.79224,3.18998,3.238,2.75,21683.71348560001
2016-02-09 00:00:00,X:BTCUSD,371.99999,374.44476,381.39723,371.26178,817.4057750200002
2016-02-09 00:00:00,X:ETHUSD,3.18995,4.0,4.0,3.13501,32230.01307515997
2016-02-10 00:00:00,X:BTCUSD,374.96927,380.00001,384.75592,371.70825,1174.1876985699992
2016-02-10 00:00:00,X:ETHUSD,4.04,4.35016,4.9795,3.5,85381.28968827994
2016-02-11 00:00:00,X:BTCUSD,380.0,377.76,383.95,373.67,1332.4993927499966
2016-02-11 00:00:00,X:ETHUSD,4.44444,5.99986,6.375,3.44,44258.65857672996
2016-02-12 00:00:00,X:BTCUSD,377.76,380.91,383.48999,375.76,977.5190912299956
2016-02-12 00:00:00,X:ETHUSD,5.99983,5.4999,6.47111,5.05265,40886.41274359994
2016-02-13 00:00:00,X:BTCUSD,381.45,390.0,391.14,380.91001,787.509865019997
2016-02-13 00:00:00,X:ETHUSD,5.5,5.33018,5.8,4.06999,58057.98651893
2016-02-14 00:00:00,X:BTCUSD,390.99999,404.75079,407.34542,388.7201,656.2218172199986
2016-02-14 00:00:00,X:ETHUSD,5.37,5.2,5.41,4.5,19205.84577713002
2016-02-15 00:00:00,X:BTCUSD,404.75079,392.00087,409.30768,392.0,713.8515228399986
2016-02-15 00:00:00,X:ETHUSD,5.2,5.15216,5.98,4.5,25667.604167769987
2016-02-16 00:00:00,X:BTCUSD,395.99769,405.5,408.6,390.10001,1024.4879117600003
2016-02-16 00:00:00,X:ETHUSD,5.20014,4.25011,5.43891,4.00002,28685.959923119943
2016-02-17 00:00:00,X:BTCUSD,405.23881,413.86,421.7991,403.01282,1199.2390611900005
2016-02-17 00:00:00,X:ETHUSD,4.25,3.79448,4.77942,3.5,45329.13566149
2016-02-18 00:00:00,X:BTCUSD,413.49001,421.17,424.78854,411.46001,820.8566448099999
2016-02-18 00:00:00,X:ETHUSD,3.61245,4.49,4.75,3.32001,36685.01057086999
2016-02-19 00:00:00,X:BTCUSD,420.01,417.5813,421.01,413.1337,445.8489176199999
2016-02-19 00:00:00,X:ETHUSD,4.29,4.72,4.75,4.15,13308.147078359994
2016-02-20 00:00:00,X:BTCUSD,418.49997,435.0,442.0,418.21018,1137.4809920099988
2016-02-20 00:00:00,X:ETHUSD,4.7,4.37354,4.71,4.01,11584.34110971999
2016-02-21 00:00:00,X:BTCUSD,436.15713,433.389,443.99999,422.49602,857.5771056099992
2016-02-21 00:00:00,X:ETHUSD,4.31,4.63,4.63,4.0,21604.00479711999
2016-02-22 00:00:00,X:BTCUSD,431.20361,433.5111,437.14394,422.0,917.76519553
2016-02-22 00:00:00,X:ETHUSD,4.62,5.6,5.84,4.5,32712.36691529994
2016-02-23 00:00:00,X:BTCUSD,431.82001,417.47006,437.14641,414.28892,1204.3980829299976
2016-02-23 00:00:00,X:ETHUSD,5.599,5.55,6.0,5.31956,23907.46168981
2016-02-24 00:00:00,X:BTCUSD,417.44374,423.20278,427.1,408.14416,768.1205027499992
2016-02-24 00:00:00,X:ETHUSD,5.54,6.23427,6.5,5.50989,29146.297324650004
2016-02-25 00:00:00,X:BTCUSD,423.99999,421.85,425.99998,416.69864,746.2577867800004
2016-02-25 00:00:00,X:ETHUSD,6.234,6.09999,6.63996,5.55,30760.209946800027
2016-02-26 00:00:00,X:BTCUSD,422.76984,433.0,433.0,417.64758,459.1762140800006
2016-02-26 00:00:00,X:ETHUSD,6.1,5.87016,6.28726,5.71,12487.46685987001
2016-02-27 00:00:00,X:BTCUSD,433.04,432.92,435.99809,428.5,615.0079153499993
2016-02-27 00:00:00,X:ETHUSD,5.9999,6.31101,6.5,5.75,24224.286155769994
2016-02-28 00:00:00,X:BTCUSD,432.49,430.77929,434.98,421.07001,177.42158980999994
2016-02-28 00:00:00,X:ETHUSD,6.35012,6.49862,6.5432,6.15177,10757.206217320008
2016-02-29 00:00:00,X:BTCUSD,430.77929,438.24,442.0,429.28651,584.0427978499997
2016-02-29 00:00:00,X:ETHUSD,6.34152,6.34758,6.62484,6.0,14735.52976124
2016-03-01 00:00:00,X:BTCUSD,437.893,431.48,439.406,422.794,1807.943662830003
2016-03-01 00:00:00,X:ETHUSD,6.36,7.55,7.6,6.25119,51016.97315008
2016-03-02 00:00:00,X:BTCUSD,431.48,421.17,432.475,412.0,1344.91873428
2016-03-02 00:00:00,X:ETHUSD,7.58767,8.41,9.9,7.04003,56466.42369703007
2016-03-03 00:00:00,X:BTCUSD,421.71,419.621,431.111,417.0,3659.1701621400007
2016-03-03 00:00:00,X:ETHUSD,8.45,9.05,9.94,8.3,86809.54989756003
2016-03-04 00:00:00,X:BTCUSD,421.33,406.67,424.49,404.87,3020.2604288699936
2016-03-04 00:00:00,X:ETHUSD,9.36363,10.03,10.03,8.27,122790.78027122028
2016-03-05 00:00:00,X:BTCUSD,406.67,393.161,407.77,388.401,4395.326344200007
2016-03-05 00:00:00,X:ETHUSD,10.03,10.88907,12.0,9.75,129141.14257294024
2016-03-06 00:00:00,X:BTCUSD,393.18,400.649,410.057,387.27,1730.3653139700014
2016-03-06 00:00:00,X:ETHUSD,10.88794,11.18745,11.9,9.75001,59110.62641337984
2016-03-07 00:00:00,X:BTCUSD,400.649,410.01,414.12,397.395,1289.6788506399994
2016-03-07 00:00:00,X:ETHUSD,11.10026,9.48871,11.46999,9.055,64976.35244001004
2016-03-08 00:00:00,X:BTCUSD,410.453,412.04,414.357,407.5,1315.059897339999
2016-03-08 00:00:00,X:ETHUSD,9.487,9.76,10.893,8.49,57645.6991940399
2016-03-09 00:00:00,X:BTCUSD,411.92,411.93,414.735,406.45,1564.185252510002
2016-03-09 00:00:00,X:ETHUSD,9.76,11.55,12.0,9.60001,49328.51043907993
2016-03-10 00:00:00,X:BTCUSD,410.52,415.83,429.702,409.42,2772.203134820006
2016-03-10 00:00:00,X:ETHUSD,11.55004,11.19,12.05,10.25,56703.18601596986
2016-03-11 00:00:00,X:BTCUSD,416.5,420.349,423.65,415.0,1521.511433740001
2016-03-11 00:00:00,X:ETHUSD,11.19,11.05,11.61999,10.40001,26705.85351888002
2016-03-12 00:00:00,X:BTCUSD,419.19,406.655,420.589,406.15,4301.441010920018
2016-03-12 00:00:00,X:ETHUSD,11.05,13.45,13.48,11.03,120082.65662634972
2016-03-13 00:00:00,X:BTCUSD,408.681,408.32,413.615,406.66,2155.379119769997
2016-03-13 00:00:00,X:ETHUSD,13.44999,14.39791,15.17999,12.0,113215.78344209008
2016-03-14 00:00:00,X:BTCUSD,410.331,414.431,416.966,407.74,3341.5744087800044
2016-03-14 00:00:00,X:ETHUSD,14.39799,12.59969,14.85,10.0,115818.58626763005
2016-03-15 00:00:00,X:BTCUSD,414.5,415.14,417.089,412.173,1782.3582059000007
2016-03-15 00:00:00,X:ETHUSD,12.59962,13.15,13.44996,11.93,52526.78818394012
2016-03-16 00:00:00,X:BTCUSD,415.29,418.166,419.04,412.871,1605.640994669987
2016-03-16 00:00:00,X:ETHUSD,13.1,12.54,13.75,12.5,40939.65603443998
2016-03-17 00:00:00,X:BTCUSD,418.166,419.812,422.69,416.83,1841.7496279800005
2016-03-17 00:00:00,X:ETHUSD,12.54,10.94,13.00208,10.2,89429.97695586011
2016-03-18 00:00:00,X:BTCUSD,420.995,407.901,420.996,405.031,3224.533544560008
2016-03-18 00:00:00,X:ETHUSD,11.1383,10.98,11.47,8.09114,107354.25114720003
2016-03-19 00:00:00,X:BTCUSD,407.902,409.53,411.443,405.527,1850.6201761300035
2016-03-19 00:00:00,X:ETHUSD,11.088,10.54672,11.188,9.80017,26109.24379639998
2016-03-20 00:00:00,X:BTCUSD,409.92,413.639,414.818,409.92,805.3788763800013
2016-03-20 00:00:00,X:ETHUSD,10.54672,10.3428,10.84994,9.52,34520.75822245999
2016-03-21 00:00:00,X:BTCUSD,413.189,412.318,414.359,407.676,1344.264163680002
2016-03-21 00:00:00,X:ETHUSD,10.1752,11.89489,11.98997,9.93104,57505.26950830995
2016-03-22 00:00:00,X:BTCUSD,412.25,417.16,417.9,411.169,1649.5954635100013
2016-03-22 00:00:00,X:ETHUSD,11.74911,11.44996,12.2,10.95001,52401.928348610025
2016-03-23 00:00:00,X:BTCUSD,417.89,416.0,417.98,411.89,1274.3178584599998
2016-03-23 00:00:00,X:ETHUSD,11.3221,12.42,12.5,11.0,43714.06791791997
2016-03-24 00:00:00,X:BTCUSD,415.566,415.04,417.78,413.12,1187.8507354799997
2016-03-24 00:00:00,X:ETHUSD,12.32002,11.1306,12.488,10.84,46086.93384099008
2016-03-25 00:00:00,X:BTCUSD,415.03,415.341,419.759,413.61,943.394520849996
2016-03-25 00:00:00,X:ETHUSD,11.2886,10.6115,11.4,10.51,24132.675344579995
2016-03-26 00:00:00,X:BTCUSD,415.851,417.573,418.4,415.28,978.5467908799998
2016-03-26 00:00:00,X:ETHUSD,10.79989,10.9909,11.39997,10.58177,18103.86073865999
2016-03-27 00:00:00,X:BTCUSD,417.573,425.007,429.999,415.9,1292.9724924499983
2016-03-27 00:00:00,X:ETHUSD,10.962,10.4348,11.09349,10.11,25541.51098653001
2016-03-28 00:00:00,X:BTCUSD,425.012,423.0,426.39,421.134,1137.4673078100016
2016-03-28 00:00:00,X:ETHUSD,10.44,11.5621,11.84,10.31723,36990.41694971
2016-03-29 00:00:00,X:BTCUSD,422.51,416.7,428.109,405.0,1234.4149427999955
2016-03-29 00:00:00,X:ETHUSD,11.66,11.62002,11.8,11.2006,21762.83546874001
2016-03-30 00:00:00,X:BTCUSD,414.88,412.432,416.01,409.123,1042.9325974600033
2016-03-30 00:00:00,X:ETHUSD,11.62002,11.85,12.13,11.2,41886.67408529004
2016-03-31 00:00:00,X:BTCUSD,412.432,416.1,419.988,412.422,2093.3866110300023
2016-03-31 00:00:00,X:ETHUSD,11.85,11.37,12.13,11.3314,28304.376941580005
2016-04-01 00:00:00,X:BTCUSD,416.1,417.9,419.039,415.5,648.0454499299998
2016-04-01 00:00:00,X:ETHUSD,11.37,11.6343,11.89999,11.28001,12106.451496699978
2016-04-02 00:00:00,X:BTCUSD,417.9,421.0,423.17,417.9,524.0218400699996
2016-04-02 00:00:00,X:ETHUSD,11.6301,11.5757,11.6659,11.3559,4679.110629459999
2016-04-03 00:00:00,X:BTCUSD,420.631,421.497,421.66,417.959,495.9346061900008
2016-04-03 00:00:00,X:ETHUSD,11.6,11.61449,11.63,11.47954,4924.072364390003
2016-04-04 00:00:00,X:BTCUSD,421.48,420.99,421.6,417.542,582.4970091800004
2016-04-04 00:00:00,X:ETHUSD,11.5782,11.15,11.64,10.99017,19777.98595349002
2016-04-05 00:00:00,X:BTCUSD,419.51,422.76,424.97,419.5,985.0174777500004
2016-04-05 00:00:00,X:ETHUSD,11.142,10.45824,11.259,10.01003,52757.53972531
2016-04-06 00:00:00,X:BTCUSD,423.0,423.55,424.611,421.56,891.8825002600004
2016-04-06 00:00:00,X:ETHUSD,10.421,10.7,11.14549,10.25,16154.82539004997
2016-04-07 00:00:00,X:BTCUSD,423.54,422.01,424.39,420.06,1047.5221841799994
2016-04-07 00:00:00,X:ETHUSD,10.7,10.0687,10.7743,9.89,20246.25964387
2016-04-08 00:00:00,X:BTCUSD,422.27,418.551,425.96,418.0,860.5745307000001
2016-04-08 00:00:00,X:ETHUSD,10.0495,9.6863,10.32,9.597,23064.00151291002
2016-04-09 00:00:00,X:BTCUSD,419.351,418.079,420.75,415.0,847.1065851799992
2016-04-09 00:00:00,X:ETHUSD,9.65001,9.01031,10.05,9.0,37205.36069419996
2016-04-10 00:00:00,X:BTCUSD,418.095,420.8,422.919,416.96,1653.5840856199995
2016-04-10 00:00:00,X:ETHUSD,9.1405,8.95092,9.1985,7.3506,108248.77953391972
2016-04-11 00:00:00,X:BTCUSD,420.65,423.53,424.5,420.226,1256.0919897299998
2016-04-11 00:00:00,X:ETHUSD,8.84286,8.6926,8.95102,7.99,35977.362998150005
2016-04-12 00:00:00,X:BTCUSD,423.0,426.71,430.358,423.0,1155.986383260001
2016-04-12 00:00:00,X:ETHUSD,8.7,7.4785,8.7,7.15,59982.861985369935
2016-04-13 00:00:00,X:BTCUSD,426.69,423.538,427.71,422.0,1185.1441508299986
2016-04-13 00:00:00,X:ETHUSD,7.477,8.0,8.75,7.0,61334.19771012015
2016-04-14 00:00:00,X:BTCUSD,424.12,424.519,425.772,422.385,513.18561871
2016-04-14 00:00:00,X:ETHUSD,8.11238,8.4578,8.86999,7.9905,24268.51260347001
2016-04-15 00:00:00,X:BTCUSD,426.04,429.25,431.02,424.647,637.083220109999
2016-04-15 00:00:00,X:ETHUSD,8.4217,8.1949,8.61,8.13,10425.33149633
2016-04-16 00:00:00,X:BTCUSD,428.588,428.649,434.225,427.972,782.7684667300008
2016-04-16 00:00:00,X:ETHUSD,8.1684,8.57,8.57,8.10001,28790.25085398
2016-04-17 00:00:00,X:BTCUSD,430.1,427.55,431.366,424.578,561.6660206800003
2016-04-17 00:00:00,X:ETHUSD,8.55,9.3205,10.0,8.55,46446.63618996001
2016-04-18 00:00:00,X:BTCUSD,426.77,427.42,429.798,426.28,1041.3338300799985
2016-04-18 00:00:00,X:ETHUSD,9.35999,9.0,9.5067,8.46,51372.82852857998
2016-04-19 00:00:00,X:BTCUSD,427.42,436.277,437.998,426.8,1174.73695004
2016-04-19 00:00:00,X:ETHUSD,9.0,8.6876,9.24948,8.55,35956.48258610999
2016-04-20 00:00:00,X:BTCUSD,435.999,440.965,444.0,434.27,1573.4906900000003
2016-04-20 00:00:00,X:ETHUSD,8.67,8.4701,8.87389,8.35,30063.14404495997
2016-04-21 00:00:00,X:BTCUSD,440.965,450.118,451.339,440.11,929.4930180599996
2016-04-21 00:00:00,X:ETHUSD,8.47,8.12879,8.70491,8.0,23220.866088479983
2016-04-22 00:00:00,X:BTCUSD,449.166,447.559,450.09,442.7,637.1779783499996
2016-04-22 00:00:00,X:ETHUSD,8.16551,7.84002,8.35409,7.65311,19108.70620264001
2016-04-23 00:00:00,X:BTCUSD,446.003,450.711,450.711,443.216,697.7999774399996
2016-04-23 00:00:00,X:ETHUSD,7.78,8.31517,8.55,7.72362,11284.644109250006
2016-04-24 00:00:00,X:BTCUSD,450.711,459.5,460.0,445.4,1119.7909325600006
2016-04-24 00:00:00,X:ETHUSD,8.2732,7.95,8.44958,7.81,28030.79726798
2016-04-25 00:00:00,X:BTCUSD,459.5,461.882,469.69,452.5,1499.9278350000002
2016-04-25 00:00:00,X:ETHUSD,7.98,7.56491,8.1,7.27,36193.266738199934
2016-04-26 00:00:00,X:BTCUSD,464.358,467.49,470.0,462.085,903.1426913100004
2016-04-26 00:00:00,X:ETHUSD,7.5451,7.43,7.576,7.09997,32471.75916909004
2016-04-27 00:00:00,X:BTCUSD,466.84,444.01,469.178,444.0,1581.6504855199996
2016-04-27 00:00:00,X:ETHUSD,7.429,7.76876,7.98949,7.336,19181.19792507001
2016-04-28 00:00:00,X:BTCUSD,445.99,450.42,452.005,435.427,1765.423106609997
2016-04-28 00:00:00,X:ETHUSD,7.76882,7.2218,7.79,7.2218,13651.445325300008
2016-04-29 00:00:00,X:BTCUSD,450.49,457.59,457.59,447.39,943.25400149
2016-04-29 00:00:00,X:ETHUSD,7.2186,7.49446,7.7322,7.2186,8233.708631309999
2016-04-30 00:00:00,X:BTCUSD,458.12,448.906,458.12,446.44,1183.0613226599994
2016-04-30 00:00:00,X:ETHUSD,7.5242,8.85,9.419,7.5242,62563.54569140996
2016-05-01 00:00:00,X:BTCUSD,448.904,452.072,454.469,446.851,286.45371154999987
2016-05-01 00:00:00,X:ETHUSD,8.83018,8.79,9.1,8.4255,15648.192299439996
2016-05-02 00:00:00,X:BTCUSD,452.34,444.535,453.58,440.0,1356.185270649999
2016-05-02 00:00:00,X:ETHUSD,8.85276,10.14775,10.44999,8.8517,54094.15124973994
2016-05-03 00:00:00,X:BTCUSD,444.552,451.75,452.52,442.52,1225.4034129199993
2016-05-03 00:00:00,X:ETHUSD,10.14775,9.38359,10.148,8.43,40016.56324824997
2016-05-04 00:00:00,X:BTCUSD,451.52,447.841,451.725,444.86,716.8995933900006
2016-05-04 00:00:00,X:ETHUSD,9.30931,9.46589,10.0,9.24522,24540.57457242997
2016-05-05 00:00:00,X:BTCUSD,447.768,448.71,450.0,447.224,642.5431429200003
2016-05-05 00:00:00,X:ETHUSD,9.3642,9.8,10.0,9.27,27097.963613050004
2016-05-06 00:00:00,X:BTCUSD,448.71,462.341,462.369,447.171,1843.9283257500003
2016-05-06 00:00:00,X:ETHUSD,9.80001,9.3088,9.971,9.14,33336.34722583999
2016-05-07 00:00:00,X:BTCUSD,459.57,459.47,462.152,457.92,280.7667734
2016-05-07 00:00:00,X:ETHUSD,9.35,9.3199,9.6386,9.24711,5415.273519110004
2016-05-08 00:00:00,X:BTCUSD,459.0,459.1,461.788,455.948,659.28489475
2016-05-08 00:00:00,X:ETHUSD,9.42,9.535,9.61499,8.978,13491.668067310004
2016-05-09 00:00:00,X:BTCUSD,458.08,461.99,464.99,455.99,1250.3342458500006
2016-05-09 00:00:00,X:ETHUSD,9.5,9.351,9.6699,9.2135,7342.948563670004
2016-05-10 00:00:00,X:BTCUSD,461.721,452.13,463.49,450.0,1013.2435549199988
2016-05-10 00:00:00,X:ETHUSD,9.351,9.41,9.52989,9.25191,9184.078669959994
2016-05-11 00:00:00,X:BTCUSD,452.569,453.21,455.0,450.99,1803.3180849899973
2016-05-11 00:00:00,X:ETHUSD,9.41,9.98,10.0,9.38311,28231.148013699985
2016-05-12 00:00:00,X:BTCUSD,453.29,455.95,455.95,449.394,840.4801152999986
2016-05-12 00:00:00,X:ETHUSD,9.98,10.13,10.55,9.85191,38887.563989709975
2016-05-13 00:00:00,X:BTCUSD,455.949,456.281,457.5,452.612,1285.476604689998
2016-05-13 00:00:00,X:ETHUSD,10.23832,10.6465,11.09,10.05005,31263.363629570023
2016-05-14 00:00:00,X:BTCUSD,456.863,454.581,458.059,453.786,956.2046505599995
2016-05-14 00:00:00,X:ETHUSD,10.5902,10.12592,10.69449,9.73,26817.16022018
2016-05-15 00:00:00,X:BTCUSD,455.4,457.649,459.787,454.14,273.8081032000001
2016-05-15 00:00:00,X:ETHUSD,10.22411,9.93,10.47923,9.9,18635.433867659984
2016-05-16 00:00:00,X:BTCUSD,457.397,453.769,458.0,450.167,1269.23949153
2016-05-16 00:00:00,X:ETHUSD,9.98492,11.13,11.4087,9.98195,44841.73841548006
2016-05-17 00:00:00,X:BTCUSD,453.0,453.283,454.91,451.0,1103.6016418500014
2016-05-17 00:00:00,X:ETHUSD,11.14709,12.14288,12.5,11.04392,44589.81771482995
2016-05-18 00:00:00,X:BTCUSD,452.788,452.35,455.88,452.345,1306.2149135199993
2016-05-18 00:00:00,X:ETHUSD,12.2,13.499,14.3,12.2,71473.25178678009
2016-05-19 00:00:00,X:BTCUSD,453.29,429.0,453.8,429.0,1400.3989499499987
2016-05-19 00:00:00,X:ETHUSD,13.4789,14.45,14.45,12.85005,54826.308673490064
2016-05-20 00:00:00,X:BTCUSD,429.0,435.255,442.629,427.061,974.527936270002
2016-05-20 00:00:00,X:ETHUSD,14.456,13.5,14.85,13.25,54058.72955221992
2016-05-21 00:00:00,X:BTCUSD,439.8,438.551,441.0,431.012,674.1071331599996
2016-05-21 00:00:00,X:ETHUSD,13.50001,13.81876,13.9989,12.81003,30719.221990180016
2016-05-22 00:00:00,X:BTCUSD,438.561,437.45,442.0,433.34,2794.53719104
2016-05-22 00:00:00,X:ETHUSD,13.85,14.2,14.23,13.732,31656.39231890001
2016-05-23 00:00:00,X:BTCUSD,437.52,442.99,444.012,435.55,2893.73461032
2016-05-23 00:00:00,X:ETHUSD,14.1482,13.35,14.38,13.2,44944.790730100045
2016-05-24 00:00:00,X:BTCUSD,442.99,444.516,445.785,441.48,1404.7129277900003
2016-05-24 00:00:00,X:ETHUSD,13.32791,12.7,13.81299,11.80051,57079.03667809
2016-05-25 00:00:00,X:BTCUSD,443.06,448.3,449.21,443.02,615.1859046199999
2016-05-25 00:00:00,X:ETHUSD,12.75822,12.5,12.9124,11.8,37300.68425757998
2016-05-26 00:00:00,X:BTCUSD,448.3,452.409,452.45,445.19,908.69858284
2016-05-26 00:00:00,X:ETHUSD,12.5,12.301,12.9,12.0,23375.260911380035
2016-05-27 00:00:00,X:BTCUSD,452.409,471.471,477.0,452.409,1861.14560185
2016-05-27 00:00:00,X:ETHUSD,12.30101,11.29649,12.35379,10.40003,82712.43797507005
2016-05-28 00:00:00,X:BTCUSD,471.471,522.0,545.0,450.55,5187.825752730024
2016-05-28 00:00:00,X:ETHUSD,11.2318,11.56001,12.2,10.29,51075.75890377006
2016-05-29 00:00:00,X:BTCUSD,523.998,518.982,549.0,470.0,2604.022090320004
2016-05-29 00:00:00,X:ETHUSD,11.79,12.07017,12.39998,11.4908,19466.221913300004
2016-05-30 00:00:00,X:BTCUSD,521.349,529.0,540.0,518.977,925.907515079999
2016-05-30 00:00:00,X:ETHUSD,12.26999,12.63097,12.76,12.0,19720.56129234
2016-05-31 00:00:00,X:BTCUSD,529.0,531.19,544.53,510.965,2715.7457612799963
2016-05-31 00:00:00,X:ETHUSD,12.47142,14.06591,14.39999,12.45045,52306.30497438995
2016-06-01 00:00:00,X:BTCUSD,530.834,535.565,541.77,485.895,1990.5126094499972
2016-06-01 00:00:00,X:ETHUSD,14.064,13.9625,14.29876,13.44,44854.710937499935
2016-06-02 00:00:00,X:BTCUSD,535.231,537.122,539.675,531.523,1856.9396563299997
2016-06-02 00:00:00,X:ETHUSD,13.98011,13.72,14.08999,13.601,23425.500203080017
2016-06-03 00:00:00,X:BTCUSD,536.928,569.0,576.03,536.061,2673.1957729300007
2016-06-03 00:00:00,X:ETHUSD,13.6516,13.82,13.94989,13.01001,23591.39251152997
2016-06-04 00:00:00,X:BTCUSD,569.382,572.447,588.71,562.0,2460.6930159099984
2016-06-04 00:00:00,X:ETHUSD,13.82,13.65,13.9,13.3005,23489.57955114
2016-06-05 00:00:00,X:BTCUSD,573.121,574.074,583.669,568.069,1174.5782429299998
2016-06-05 00:00:00,X:ETHUSD,13.62871,13.95997,13.96,13.5655,11151.615877959995
2016-06-06 00:00:00,X:BTCUSD,573.353,585.0,586.299,573.353,1021.7219864199996
2016-06-06 00:00:00,X:ETHUSD,13.95997,13.94782,13.96,13.76951,17688.16726799
2016-06-07 00:00:00,X:BTCUSD,584.99,578.2,589.91,565.38,3445.007328210002
2016-06-07 00:00:00,X:ETHUSD,13.95,14.509,14.67064,13.76,29749.793210310003
2016-06-08 00:00:00,X:BTCUSD,578.3,581.98,582.13,571.709,1349.381478710001
2016-06-08 00:00:00,X:ETHUSD,14.509,14.3879,14.76543,14.3215,28402.411578980027
2016-06-09 00:00:00,X:BTCUSD,581.98,575.014,581.98,571.596,1371.5856531599995
2016-06-09 00:00:00,X:ETHUSD,14.41772,14.45,14.79997,14.3547,10448.601633389992
2016-06-10 00:00:00,X:BTCUSD,576.286,579.77,581.8,572.878,1378.9535475599985
2016-06-10 00:00:00,X:ETHUSD,14.4,13.96857,14.48998,13.8,30990.02715395001
2016-06-11 00:00:00,X:BTCUSD,580.574,609.421,609.436,579.28,1674.2025325100003
2016-06-11 00:00:00,X:ETHUSD,13.9204,14.18995,14.19496,13.77,12428.587015580006
2016-06-12 00:00:00,X:BTCUSD,608.726,667.063,683.057,603.0,5122.909722050026
2016-06-12 00:00:00,X:ETHUSD,14.18995,15.66,15.75,14.18,47206.96478860998
2016-06-13 00:00:00,X:BTCUSD,670.47,703.369,717.794,659.001,3952.06851993003
2016-06-13 00:00:00,X:ETHUSD,15.63707,17.65865,17.65974,15.56708,86462.62427334998
2016-06-14 00:00:00,X:BTCUSD,703.369,685.75,703.95,647.264,4355.668581620026
2016-06-14 00:00:00,X:ETHUSD,17.62,18.86699,19.3,16.12,136297.75798215988
2016-06-15 00:00:00,X:BTCUSD,683.665,696.0,697.594,671.578,1895.6068876299964
2016-06-15 00:00:00,X:ETHUSD,18.84999,18.45,18.87481,17.6,52579.90189042992
2016-06-16 00:00:00,X:BTCUSD,696.0,763.008,776.709,695.57,5718.336554970063
2016-06-16 00:00:00,X:ETHUSD,18.45999,20.48967,20.92081,18.37002,100458.80155689004
2016-06-17 00:00:00,X:BTCUSD,766.659,749.67,776.0,702.0,5828.113100360079
2016-06-17 00:00:00,X:ETHUSD,20.48966,15.35,21.48995,13.511,522545.00323136174
2016-06-18 00:00:00,X:BTCUSD,750.49,758.11,781.148,728.867,5967.985796740054
2016-06-18 00:00:00,X:ETHUSD,15.3395,11.2,15.49988,10.1,382779.4226552808
2016-06-19 00:00:00,X:BTCUSD,758.23,765.49,769.99,745.03,2490.497221510004
2016-06-19 00:00:00,X:ETHUSD,11.2,12.23579,13.6384,10.62202,127621.54245481992
2016-06-20 00:00:00,X:BTCUSD,765.692,735.39,768.827,725.02,3884.35568689
2016-06-20 00:00:00,X:ETHUSD,12.2691,11.7606,12.74485,10.31103,140201.01416121994
2016-06-21 00:00:00,X:BTCUSD,733.561,667.725,735.0,630.203,8380.675482760029
2016-06-21 00:00:00,X:ETHUSD,11.7601,13.21691,13.5,11.11001,115398.10585153016
2016-06-22 00:00:00,X:BTCUSD,666.65,601.936,679.853,580.0,7182.348030100023
2016-06-22 00:00:00,X:ETHUSD,13.26699,13.39,16.08479,13.0,251117.7555721992
2016-06-23 00:00:00,X:BTCUSD,599.88,627.375,635.0,551.494,4783.671586370031
2016-06-23 00:00:00,X:ETHUSD,13.39,13.6405,13.92997,12.6,123908.4861660302
2016-06-24 00:00:00,X:BTCUSD,628.343,672.203,762.24,627.59,5927.377383540172
2016-06-24 00:00:00,X:ETHUSD,13.7115,14.41,15.1,13.15642,114062.95080748004
2016-06-25 00:00:00,X:BTCUSD,672.29,673.893,703.335,641.414,2249.5604641099867
2016-06-25 00:00:00,X:ETHUSD,14.41,14.44,14.79999,14.00301,40443.10547142995
2016-06-26 00:00:00,X:BTCUSD,673.7,630.0,676.205,615.257,1331.1999728500057
2016-06-26 00:00:00,X:ETHUSD,14.44099,13.97,14.50996,13.7,27343.258678780003
2016-06-27 00:00:00,X:BTCUSD,629.999,663.499,664.076,627.0,1268.6998877199974
2016-06-27 00:00:00,X:ETHUSD,13.78068,14.09,14.323,13.78068,15292.520745889984
2016-06-28 00:00:00,X:BTCUSD,663.82,649.322,664.857,640.0,2469.8046969300003
2016-06-28 00:00:00,X:ETHUSD,14.09,12.122,14.1,11.3315,161080.0279356601
2016-06-29 00:00:00,X:BTCUSD,647.5,643.119,648.349,615.854,2069.45225032
2016-06-29 00:00:00,X:ETHUSD,12.121,12.64999,13.0279,11.645,62392.37985269997
2016-06-30 00:00:00,X:BTCUSD,638.567,671.524,675.0,635.0,1678.3223918999945
2016-06-30 00:00:00,X:ETHUSD,12.641,12.4545,12.75,12.21,35063.79891681002
2016-07-01 00:00:00,X:BTCUSD,672.22,674.0,691.204,665.851,2086.281579239984
2016-07-01 00:00:00,X:ETHUSD,12.454,12.17899,12.67105,11.72001,30095.72839058001
2016-07-02 00:00:00,X:BTCUSD,674.67,702.31,703.95,674.67,1237.97284813
2016-07-02 00:00:00,X:ETHUSD,12.151,12.14377,12.21,11.85011,13509.255525940003
2016-07-03 00:00:00,X:BTCUSD,703.95,655.84,703.96,644.65,1542.9453455699968
2016-07-03 00:00:00,X:ETHUSD,12.04154,11.74531,12.1147,11.5333,15083.044985090002
2016-07-04 00:00:00,X:BTCUSD,656.331,675.001,684.73,645.0,1718.815203019983
2016-07-04 00:00:00,X:ETHUSD,11.67186,11.39999,11.899,10.5,53133.95659937957
2016-07-05 00:00:00,X:BTCUSD,678.848,669.21,683.078,659.566,902.8708275500028
2016-07-05 00:00:00,X:ETHUSD,11.39,10.54,11.4,9.30631,144318.96724534998
2016-07-06 00:00:00,X:BTCUSD,669.45,677.1,681.99,666.01,929.899808760002
2016-07-06 00:00:00,X:ETHUSD,10.5,10.45771,11.1,10.2001,41427.00321781
2016-07-07 00:00:00,X:BTCUSD,678.84,640.4,681.99,610.699,2885.2916483300014
2016-07-07 00:00:00,X:ETHUSD,10.60738,10.17,10.6413,9.75,44499.09279313
2016-07-08 00:00:00,X:BTCUSD,640.4,671.436,671.933,634.04,1828.5611751100016
2016-07-08 00:00:00,X:ETHUSD,10.12,11.53202,11.68995,10.0,65778.98016420938
2016-07-09 00:00:00,X:BTCUSD,671.932,652.0,671.932,622.0,1908.295952829996
2016-07-09 00:00:00,X:ETHUSD,11.45501,10.98,11.54766,10.75,36706.64016973998
2016-07-10 00:00:00,X:BTCUSD,652.0,650.07,655.65,642.425,450.16783226000047
2016-07-10 00:00:00,X:ETHUSD,11.0,11.06043,11.1,10.75,8391.02309532
2016-07-11 00:00:00,X:BTCUSD,652.54,650.78,663.315,645.315,814.1572577600055
2016-07-11 00:00:00,X:ETHUSD,10.98909,10.5,11.05,10.09876,48949.03859148004
2016-07-12 00:00:00,X:BTCUSD,650.72,666.0,675.98,647.14,1014.4100953400005
2016-07-12 00:00:00,X:ETHUSD,10.5,10.58,10.798,10.45,21412.550374489983
2016-07-13 00:00:00,X:BTCUSD,665.41,655.11,669.795,655.1,949.5952512799964
2016-07-13 00:00:00,X:ETHUSD,10.48301,10.4205,10.6459,10.3719,20982.493048239987
2016-07-14 00:00:00,X:BTCUSD,654.22,662.99,665.916,650.0,1106.7690507999966
2016-07-14 00:00:00,X:ETHUSD,10.5,11.6,11.77,10.5,56921.801692519984
2016-07-15 00:00:00,X:BTCUSD,661.25,665.15,668.999,660.0,1151.6011426799987
2016-07-15 00:00:00,X:ETHUSD,11.5585,12.02993,12.69999,11.5277,76927.26516921002
2016-07-16 00:00:00,X:BTCUSD,665.15,665.0,669.102,661.0,435.8446021500006
2016-07-16 00:00:00,X:ETHUSD,11.95,11.7,12.0,11.56,17866.746571489984
2016-07-17 00:00:00,X:BTCUSD,665.0,681.86,685.0,661.52,933.5953672499968
2016-07-17 00:00:00,X:ETHUSD,11.7,11.24449,11.7,11.03,27068.361429309964
2016-07-18 00:00:00,X:BTCUSD,680.3,674.79,686.0,667.584,1292.0310866399986
2016-07-18 00:00:00,X:ETHUSD,11.14053,11.06934,11.69999,10.92168,48038.56144415984
2016-07-19 00:00:00,X:BTCUSD,673.93,673.092,676.55,666.016,996.32950445
2016-07-19 00:00:00,X:ETHUSD,11.06,11.719,12.09999,11.03,51512.26096026992
2016-07-20 00:00:00,X:BTCUSD,672.721,666.161,676.148,660.0,1575.1297859599983
2016-07-20 00:00:00,X:ETHUSD,11.54749,12.499,13.0,11.45,116910.80304546969
2016-07-21 00:00:00,X:BTCUSD,667.49,665.88,669.459,658.891,530.5869998599998
2016-07-21 00:00:00,X:ETHUSD,12.45851,12.679,12.91205,12.03,54646.55958323999
2016-07-22 00:00:00,X:BTCUSD,665.549,651.15,668.969,644.545,1532.279468250006
2016-07-22 00:00:00,X:ETHUSD,12.63298,14.6695,15.2392,12.501,163355.4988397112
2016-07-23 00:00:00,X:BTCUSD,651.15,657.718,660.0,645.939,712.3452912399998
2016-07-23 00:00:00,X:ETHUSD,14.6665,14.29999,15.23,14.001,59451.28328027022
2016-07-24 00:00:00,X:BTCUSD,657.718,663.366,668.438,651.98,884.0548109600007
2016-07-24 00:00:00,X:ETHUSD,14.21431,12.78798,15.0,12.2,163817.60058004997
2016-07-25 00:00:00,X:BTCUSD,661.73,651.736,664.675,651.736,857.4698846399986
2016-07-25 00:00:00,X:ETHUSD,12.75819,13.815,13.87998,12.68158,60203.65204130006
2016-07-26 00:00:00,X:BTCUSD,653.153,650.0,659.1,642.5,1148.2048131900012
2016-07-26 00:00:00,X:ETHUSD,13.78,11.84952,13.82001,11.5,164057.59018064968
2016-07-27 00:00:00,X:BTCUSD,651.82,656.979,663.942,648.0,1752.7273389200018
2016-07-27 00:00:00,X:ETHUSD,11.95559,13.03996,13.43533,11.85559,65062.46183732012
2016-07-28 00:00:00,X:BTCUSD,656.979,656.08,661.1,651.696,876.4761842400044
2016-07-28 00:00:00,X:ETHUSD,13.02382,12.89129,13.09996,12.50112,40498.28316792992
2016-07-29 00:00:00,X:BTCUSD,655.98,656.86,659.569,651.697,995.0728644799984
2016-07-29 00:00:00,X:ETHUSD,12.85,12.8,12.88,12.6,25264.873708299863
2016-07-30 00:00:00,X:BTCUSD,656.869,655.72,658.177,651.9,447.1376182800005
2016-07-30 00:00:00,X:ETHUSD,12.8,12.49,12.8056,12.49,8523.072463150003
2016-07-31 00:00:00,X:BTCUSD,653.74,622.57,655.799,620.0,1375.0225087599945
2016-07-31 00:00:00,X:ETHUSD,12.44,11.87998,12.5171,11.5,46397.15457813011
2016-08-01 00:00:00,X:BTCUSD,623.52,602.551,627.046,601.012,2570.0998940299933
2016-08-01 00:00:00,X:ETHUSD,11.8905,10.89968,12.0134,9.2,105082.66228321983
2016-08-02 00:00:00,X:BTCUSD,602.552,540.0,611.436,479.0,7786.687369559992
2016-08-02 00:00:00,X:ETHUSD,10.88,8.6,11.15133,7.0,319456.93987308006
2016-08-03 00:00:00,X:BTCUSD,539.599,569.82,572.0,515.271,4713.470466620002
2016-08-03 00:00:00,X:ETHUSD,8.6,10.37108,10.49978,8.5034,104849.32820879004
2016-08-04 00:00:00,X:BTCUSD,567.576,582.683,588.999,566.157,2734.728864400003
2016-08-04 00:00:00,X:ETHUSD,10.3633,11.20998,11.60813,10.16288,82000.91513588029
2016-08-05 00:00:00,X:BTCUSD,582.68,575.64,584.41,567.408,998.1100836799988
2016-08-05 00:00:00,X:ETHUSD,11.18176,10.90505,11.32118,10.67,23445.052730370004
2016-08-06 00:00:00,X:BTCUSD,575.64,591.758,597.998,569.876,1052.8644335799993
2016-08-06 00:00:00,X:ETHUSD,10.93,10.94,11.0,10.329,31919.53955843002
2016-08-07 00:00:00,X:BTCUSD,591.759,595.0,607.508,570.11,1340.1912449100034
2016-08-07 00:00:00,X:ETHUSD,10.94,10.9762,11.2,10.80052,34200.221897589974
2016-08-08 00:00:00,X:BTCUSD,595.5,591.831,597.348,585.0,936.9469850699973
2016-08-08 00:00:00,X:ETHUSD,10.9599,11.23323,11.5,10.84396,41868.98192137967
2016-08-09 00:00:00,X:BTCUSD,591.831,586.22,592.0,583.2,1063.7565360399974
2016-08-09 00:00:00,X:ETHUSD,11.23336,12.23823,12.4729,11.2,56100.234469719966
2016-08-10 00:00:00,X:BTCUSD,586.308,591.0,603.144,582.0,1865.6486416599969
2016-08-10 00:00:00,X:ETHUSD,12.18971,12.22799,12.49999,11.9,50024.84041896006
2016-08-11 00:00:00,X:BTCUSD,590.061,588.01,599.98,588.0,1587.0839852300046
2016-08-11 00:00:00,X:ETHUSD,12.20181,11.7128,12.4795,11.65,32488.72540848
2016-08-12 00:00:00,X:BTCUSD,589.37,588.32,592.187,582.51,945.7627819699986
2016-08-12 00:00:00,X:ETHUSD,11.75573,11.68583,12.08994,11.58656,19335.7881262802
2016-08-13 00:00:00,X:BTCUSD,586.69,584.82,590.79,581.101,521.8808989200002
2016-08-13 00:00:00,X:ETHUSD,11.73876,11.5381,11.81408,11.4493,10718.74462126
2016-08-14 00:00:00,X:BTCUSD,583.84,570.56,584.58,561.4,1012.7924713899986
2016-08-14 00:00:00,X:ETHUSD,11.5115,11.13868,11.72357,11.07502,19217.673090100005
2016-08-15 00:00:00,X:BTCUSD,570.56,566.52,575.0,561.479,792.2539268300002
2016-08-15 00:00:00,X:ETHUSD,11.18,11.18251,11.43237,10.94,12751.26076068
2016-08-16 00:00:00,X:BTCUSD,568.25,579.61,587.803,565.338,1213.8736875400004
2016-08-16 00:00:00,X:ETHUSD,11.2086,11.21,11.50914,11.01585,12537.997027399995
2016-08-17 00:00:00,X:BTCUSD,579.61,573.28,581.061,569.541,745.9175095200015
2016-08-17 00:00:00,X:ETHUSD,11.196,10.777,11.196,10.71291,19074.68672165
2016-08-18 00:00:00,X:BTCUSD,573.679,575.56,579.36,570.811,611.8972352099996
2016-08-18 00:00:00,X:ETHUSD,10.74,10.8,11.08229,10.74,28798.78940523003
2016-08-19 00:00:00,X:BTCUSD,572.79,572.9,577.987,572.22,598.6882949499994
2016-08-19 00:00:00,X:ETHUSD,10.80312,10.66023,10.83449,10.6566,3665.476625460001
2016-08-20 00:00:00,X:BTCUSD,572.95,582.15,584.0,572.03,471.84445332000064
2016-08-20 00:00:00,X:ETHUSD,10.67003,11.30194,11.38271,10.67003,15986.853743440011
2016-08-21 00:00:00,X:BTCUSD,581.331,581.53,586.12,577.519,389.9323246600002
2016-08-21 00:00:00,X:ETHUSD,11.2748,11.17001,11.29949,11.0,4926.509465849999
2016-08-22 00:00:00,X:BTCUSD,581.301,584.99,592.132,579.85,797.8608770100013
2016-08-22 00:00:00,X:ETHUSD,11.17971,11.041,11.337,11.04,7037.854943760002
2016-08-23 00:00:00,X:BTCUSD,586.0,583.38,588.99,580.1,778.6635639300002
2016-08-23 00:00:00,X:ETHUSD,11.19777,11.0768,11.22099,10.903,15535.564555160005
2016-08-24 00:00:00,X:BTCUSD,584.86,582.109,587.713,579.36,534.2923296200001
2016-08-24 00:00:00,X:ETHUSD,11.056,11.09,11.18677,10.8,12793.108826939995
2016-08-25 00:00:00,X:BTCUSD,580.999,576.94,582.247,569.89,1354.07377126
2016-08-25 00:00:00,X:ETHUSD,11.05085,11.34,11.34,11.00002,19401.454158469987
2016-08-26 00:00:00,X:BTCUSD,577.08,579.36,580.512,572.994,327.0230187
2016-08-26 00:00:00,X:ETHUSD,11.3104,11.2666,11.40234,11.15003,14637.910516770004
2016-08-27 00:00:00,X:BTCUSD,579.35,570.22,579.705,564.271,649.6957630699987
2016-08-27 00:00:00,X:ETHUSD,11.27,11.16,11.29879,11.15,9216.18582533
2016-08-28 00:00:00,X:BTCUSD,570.16,576.043,580.965,568.464,561.1987868000016
2016-08-28 00:00:00,X:ETHUSD,11.16,11.02,11.2,11.015,22432.978759189988
2016-08-29 00:00:00,X:BTCUSD,578.99,575.492,582.01,570.471,860.0640549800007
2016-08-29 00:00:00,X:ETHUSD,11.02,10.95,11.16,10.83836,10543.268923700003
2016-08-30 00:00:00,X:BTCUSD,573.552,578.96,581.7,573.416,722.8615637400009
2016-08-30 00:00:00,X:ETHUSD,11.0,11.2999,11.35,10.96,13322.703735089995
2016-08-31 00:00:00,X:BTCUSD,577.24,574.22,578.83,569.42,493.3708705900026
2016-08-31 00:00:00,X:ETHUSD,11.18141,11.61012,11.78492,11.10075,9415.448456170005
2016-09-01 00:00:00,X:BTCUSD,574.21,572.0,575.0,568.235,1005.5314373099992
2016-09-01 00:00:00,X:ETHUSD,11.61672,12.0,12.54746,11.6,45567.17088690001
2016-09-02 00:00:00,X:BTCUSD,572.0,577.1,577.1,565.556,1057.9343312399956
2016-09-02 00:00:00,X:ETHUSD,11.92593,12.13441,12.33997,11.83189,10457.769469970002
2016-09-03 00:00:00,X:BTCUSD,576.653,601.0,605.325,572.131,1284.6858922999968
2016-09-03 00:00:00,X:ETHUSD,12.12,11.8929,12.38,11.56627,19857.397656649995
2016-09-04 00:00:00,X:BTCUSD,601.0,609.74,616.68,598.297,955.0845385400016
2016-09-04 00:00:00,X:ETHUSD,11.75,11.60411,11.89995,11.47,14738.15914146
2016-09-05 00:00:00,X:BTCUSD,612.299,609.874,612.299,602.001,729.3453870099996
2016-09-05 00:00:00,X:ETHUSD,11.73946,11.7894,11.84,11.56526,4789.689438650001
2016-09-06 00:00:00,X:BTCUSD,609.634,612.001,613.999,605.0,486.0962289499995
2016-09-06 00:00:00,X:ETHUSD,11.79159,11.66401,11.7958,11.42218,9400.320939189996
2016-09-07 00:00:00,X:BTCUSD,613.318,617.335,617.375,606.35,1021.4784674899996
2016-09-07 00:00:00,X:ETHUSD,11.7475,11.58,11.8,11.45261,7580.968939799998
2016-09-08 00:00:00,X:BTCUSD,617.333,631.119,635.62,615.0,966.3258485100032
2016-09-08 00:00:00,X:ETHUSD,11.60911,11.40003,11.84,11.35,13792.183530730006
2016-09-09 00:00:00,X:BTCUSD,627.083,626.1,630.075,621.249,576.5847536
2016-09-09 00:00:00,X:ETHUSD,11.5029,11.6999,11.94,11.40001,19221.55823063001
2016-09-10 00:00:00,X:BTCUSD,625.78,624.889,629.241,622.771,437.36595566
2016-09-10 00:00:00,X:ETHUSD,11.7004,12.24,12.24,11.45001,17026.590785669992
2016-09-11 00:00:00,X:BTCUSD,624.889,608.256,634.77,595.162,804.9940153700005
2016-09-11 00:00:00,X:ETHUSD,12.14401,11.75498,12.2399,11.63,11207.300354680012
2016-09-12 00:00:00,X:BTCUSD,611.299,611.107,613.541,607.153,512.1782085700003
2016-09-12 00:00:00,X:ETHUSD,11.67891,11.95849,12.01766,11.67592,4953.113983800002
2016-09-13 00:00:00,X:BTCUSD,611.107,615.289,616.999,607.761,735.5770848400012
2016-09-13 00:00:00,X:ETHUSD,11.94154,11.96181,12.19999,11.89031,25317.235813600008
2016-09-14 00:00:00,X:BTCUSD,612.37,613.971,616.845,610.75,657.9752635700003
2016-09-14 00:00:00,X:ETHUSD,12.03179,11.9619,12.1169,11.71481,23323.04132236
2016-09-15 00:00:00,X:BTCUSD,612.5,609.962,615.8,609.051,533.7651080200009
2016-09-15 00:00:00,X:ETHUSD,11.96071,12.08291,12.22999,11.90601,14397.471728220013
2016-09-16 00:00:00,X:BTCUSD,612.917,607.98,613.0,606.667,448.5114635100009
2016-09-16 00:00:00,X:ETHUSD,11.96087,12.55131,12.89992,11.95001,31958.887064340008
2016-09-17 00:00:00,X:BTCUSD,610.083,606.8,610.084,604.583,325.56070612999963
2016-09-17 00:00:00,X:ETHUSD,12.48581,12.8075,12.83,12.4756,11599.5081164
2016-09-18 00:00:00,X:BTCUSD,609.93,611.989,614.509,607.29,325.86890767999995
2016-09-18 00:00:00,X:ETHUSD,12.66384,12.49792,13.05,12.12,42545.774387280006
2016-09-19 00:00:00,X:BTCUSD,612.94,609.2,614.59,605.059,619.1542609499994
2016-09-19 00:00:00,X:ETHUSD,12.49629,13.2,13.25,12.47736,27632.310610380013
2016-09-20 00:00:00,X:BTCUSD,611.059,603.8,612.0,603.8,884.3940134600005
2016-09-20 00:00:00,X:ETHUSD,13.2,14.43979,14.45,13.11605,69442.51266519989
2016-09-21 00:00:00,X:BTCUSD,603.106,599.65,603.106,592.002,985.5019634300004
2016-09-21 00:00:00,X:ETHUSD,14.28225,13.7895,14.333,13.15,61538.263201670015
2016-09-22 00:00:00,X:BTCUSD,598.925,595.053,600.758,595.053,502.4268412000002
2016-09-22 00:00:00,X:ETHUSD,13.65918,13.25,13.65918,12.3,40913.05292323999
2016-09-23 00:00:00,X:BTCUSD,595.071,604.168,604.557,595.07,507.5214625799997
2016-09-23 00:00:00,X:ETHUSD,13.26,13.3115,13.49,13.10201,15014.454572079992
2016-09-24 00:00:00,X:BTCUSD,604.169,603.999,607.632,601.5,309.57007911
2016-09-24 00:00:00,X:ETHUSD,13.31331,12.9,13.3249,12.5632,15509.47698586
2016-09-25 00:00:00,X:BTCUSD,601.7,599.998,603.889,598.0,453.3241107300002
2016-09-25 00:00:00,X:ETHUSD,12.8908,13.05,13.15728,12.82121,4902.82370408
2016-09-26 00:00:00,X:BTCUSD,599.998,608.98,608.98,599.0,770.1559447200004
2016-09-26 00:00:00,X:ETHUSD,13.09,12.82042,13.19948,12.71005,9265.959253100003
2016-09-27 00:00:00,X:BTCUSD,608.978,606.505,609.109,600.689,719.7745401400008
2016-09-27 00:00:00,X:ETHUSD,12.83231,13.05083,13.33988,12.8323,21210.726076920004
2016-09-28 00:00:00,X:BTCUSD,606.577,604.999,607.589,601.849,416.2964526600004
2016-09-28 00:00:00,X:ETHUSD,13.13651,13.27085,13.5,13.0,10797.937844959995
2016-09-29 00:00:00,X:BTCUSD,604.999,607.369,609.304,604.25,494.6918002500007
2016-09-29 00:00:00,X:ETHUSD,13.299,13.09,13.38998,13.06304,9447.456008309997
2016-09-30 00:00:00,X:BTCUSD,607.368,612.5,612.5,604.026,544.4203139199996
2016-09-30 00:00:00,X:ETHUSD,13.08088,13.26576,13.42997,13.063,8272.929718439995
2016-10-01 00:00:00,X:BTCUSD,612.5,614.385,617.299,612.0,440.3560116000006
2016-10-01 00:00:00,X:ETHUSD,13.25111,13.25076,13.31989,13.1,7151.131437229999
2016-10-02 00:00:00,X:BTCUSD,614.27,611.837,615.98,607.148,354.2413051300003
2016-10-02 00:00:00,X:ETHUSD,13.17721,13.15611,13.36877,13.15162,4347.75198445
2016-10-03 00:00:00,X:BTCUSD,611.758,613.598,613.661,609.02,569.2637037500003
2016-10-03 00:00:00,X:ETHUSD,13.15861,13.44396,13.46,13.14005,10292.661351309996
2016-10-04 00:00:00,X:BTCUSD,613.597,612.0,613.598,608.001,431.40377901999983
2016-10-04 00:00:00,X:ETHUSD,13.44632,13.26172,13.50886,13.205,9601.217026960006
2016-10-05 00:00:00,X:BTCUSD,611.998,614.956,616.091,608.939,833.7972539900001
2016-10-05 00:00:00,X:ETHUSD,13.32998,13.02,13.41182,13.02,15220.202605000006
2016-10-06 00:00:00,X:BTCUSD,614.999,614.996,615.967,611.258,388.8517043699994
2016-10-06 00:00:00,X:ETHUSD,13.0909,12.8757,13.21054,12.65028,16152.71390524
2016-10-07 00:00:00,X:BTCUSD,611.965,618.529,623.0,611.352,1659.7947488599978
2016-10-07 00:00:00,X:ETHUSD,12.87179,12.73078,13.0,12.532,10966.544638019996
2016-10-08 00:00:00,X:BTCUSD,618.501,620.79,623.102,617.55,524.7964135799996
2016-10-08 00:00:00,X:ETHUSD,12.68241,12.25,12.80048,12.04,29360.32049563
2016-10-09 00:00:00,X:BTCUSD,620.01,616.51,620.79,615.006,366.43895809000026
2016-10-09 00:00:00,X:ETHUSD,12.16439,12.06597,12.39,11.9,22494.48775791
2016-10-10 00:00:00,X:BTCUSD,615.851,618.76,619.9,614.829,755.655561289998
2016-10-10 00:00:00,X:ETHUSD,12.0044,11.76999,12.06598,11.6,20010.613613879977
2016-10-11 00:00:00,X:BTCUSD,618.86,643.355,645.415,616.32,1431.659503280003
2016-10-11 00:00:00,X:ETHUSD,11.71193,11.8169,12.23998,11.71193,26422.63944082999
2016-10-12 00:00:00,X:BTCUSD,640.976,635.28,643.415,633.282,779.21833023
2016-10-12 00:00:00,X:ETHUSD,11.8,11.85631,12.09,11.70001,25742.80251037001
2016-10-13 00:00:00,X:BTCUSD,634.731,634.243,639.975,630.15,753.8126175999998
2016-10-13 00:00:00,X:ETHUSD,11.885,11.91,12.08,11.79,37089.46148070999
2016-10-14 00:00:00,X:BTCUSD,634.243,640.61,643.0,631.686,936.350728379998
2016-10-14 00:00:00,X:ETHUSD,11.985,11.93,12.04779,11.83852,14296.866816710017
2016-10-15 00:00:00,X:BTCUSD,640.61,640.749,647.0,636.396,538.2128879899991
2016-10-15 00:00:00,X:ETHUSD,11.89207,11.9945,11.99743,11.70002,9173.742931729994
2016-10-16 00:00:00,X:BTCUSD,640.749,643.28,645.06,638.75,200.57673784
2016-10-16 00:00:00,X:ETHUSD,11.9945,11.97899,12.0475,11.83715,7763.636454509995
2016-10-17 00:00:00,X:BTCUSD,641.521,640.976,643.549,637.8,613.6449473799977
2016-10-17 00:00:00,X:ETHUSD,11.90028,12.03,12.03,11.83001,14246.036170000016
2016-10-18 00:00:00,X:BTCUSD,640.99,636.97,641.1,634.101,594.4844496299999
2016-10-18 00:00:00,X:ETHUSD,12.02591,12.48257,12.8995,12.0,22801.649612530004
2016-10-19 00:00:00,X:BTCUSD,636.508,631.5,639.636,623.734,1049.2786976299983
2016-10-19 00:00:00,X:ETHUSD,12.61,12.03679,12.66407,11.89001,19660.45377266996
2016-10-20 00:00:00,X:BTCUSD,631.499,630.05,633.416,627.011,457.2980730599997
2016-10-20 00:00:00,X:ETHUSD,12.05,12.04775,12.29709,12.01007,8770.795396340003
2016-10-21 00:00:00,X:BTCUSD,630.05,634.43,638.0,630.05,735.8791342800025
2016-10-21 00:00:00,X:ETHUSD,12.14835,12.16,12.1781,12.05,4941.25007589
2016-10-22 00:00:00,X:BTCUSD,634.449,661.223,669.86,627.0,1480.4435241299975
2016-10-22 00:00:00,X:ETHUSD,12.16359,12.211,12.28995,12.02,6734.176997629998
2016-10-23 00:00:00,X:BTCUSD,663.499,657.683,669.0,652.793,785.1307287299999
2016-10-23 00:00:00,X:ETHUSD,12.2,12.02002,12.27665,12.02002,6967.912997549998
2016-10-24 00:00:00,X:BTCUSD,655.255,652.63,657.88,645.807,1362.23293953
2016-10-24 00:00:00,X:ETHUSD,12.02002,11.975,12.09,11.93462,6378.436903159998
2016-10-25 00:00:00,X:BTCUSD,652.63,655.889,664.0,651.99,1664.2353218700057
2016-10-25 00:00:00,X:ETHUSD,11.9475,11.35,11.9628,11.12,47833.54967421003
2016-10-26 00:00:00,X:BTCUSD,655.889,677.318,679.0,655.303,1596.707147460002
2016-10-26 00:00:00,X:ETHUSD,11.4534,11.51,11.6715,11.29661,6376.32099729
2016-10-27 00:00:00,X:BTCUSD,677.318,686.788,687.844,674.629,1530.096309119995
2016-10-27 00:00:00,X:ETHUSD,11.49002,11.5022,11.56847,11.16,8601.347811959995
2016-10-28 00:00:00,X:BTCUSD,686.781,690.0,691.784,682.851,1209.1682264999993
2016-10-28 00:00:00,X:ETHUSD,11.4987,11.10812,11.65579,10.91054,25869.93076881996
2016-10-29 00:00:00,X:BTCUSD,690.0,713.99,722.01,688.352,1649.026224060001
2016-10-29 00:00:00,X:ETHUSD,11.1,10.42966,11.1893,9.23786,70600.15101639998
2016-10-30 00:00:00,X:BTCUSD,713.949,700.917,713.989,688.0,1750.7801287500045
2016-10-30 00:00:00,X:ETHUSD,10.3361,11.26309,11.4195,10.20921,24170.95796291003
2016-10-31 00:00:00,X:BTCUSD,700.079,698.919,708.899,685.7,982.6310454799984
2016-10-31 00:00:00,X:ETHUSD,11.20768,10.90001,12.0,10.9,32519.926683160007
2016-11-01 00:00:00,X:BTCUSD,698.79,733.744,739.488,697.91,2336.21997665001
2016-11-01 00:00:00,X:ETHUSD,10.90002,10.7724,11.17359,10.37431,43914.42662042999
2016-11-02 00:00:00,X:BTCUSD,733.742,747.07,747.07,722.89,1902.39363235
2016-11-02 00:00:00,X:ETHUSD,10.77,10.84707,11.19603,10.70167,36852.05558834998
2016-11-03 00:00:00,X:BTCUSD,747.07,692.179,750.5,673.407,4169.139505900012
2016-11-03 00:00:00,X:ETHUSD,10.83455,10.91529,11.14997,10.7,30342.247890340062
2016-11-04 00:00:00,X:BTCUSD,692.902,706.036,709.998,682.311,1904.9100133299933
2016-11-04 00:00:00,X:ETHUSD,10.8942,11.13347,11.22778,10.8246,15455.461469180002
2016-11-05 00:00:00,X:BTCUSD,706.036,706.478,714.471,698.478,630.6877289800002
2016-11-05 00:00:00,X:ETHUSD,11.19808,11.0775,11.247,10.99971,5909.355766079999
2016-11-06 00:00:00,X:BTCUSD,706.46,715.497,721.458,702.879,638.7440988300002
2016-11-06 00:00:00,X:ETHUSD,11.07785,10.951,11.22987,10.94,9350.765353090004
2016-11-07 00:00:00,X:BTCUSD,715.0,707.345,715.413,700.16,917.3699813799994
2016-11-07 00:00:00,X:ETHUSD,10.951,10.88468,11.0574,10.81547,14867.492569540009
2016-11-08 00:00:00,X:BTCUSD,704.142,712.5,718.3,704.142,967.3491788899998
2016-11-08 00:00:00,X:ETHUSD,10.88468,10.8826,11.04028,10.8,21354.77806237001
2016-11-09 00:00:00,X:BTCUSD,712.69,722.4,745.492,708.682,2759.317961370009
2016-11-09 00:00:00,X:ETHUSD,10.8826,10.6929,10.8826,10.20222,29260.264189050024
2016-11-10 00:00:00,X:BTCUSD,722.4,714.0,724.696,706.0,1231.3800137199987
2016-11-10 00:00:00,X:ETHUSD,10.7026,10.50006,10.72307,10.5,6427.858566189998
2016-11-11 00:00:00,X:BTCUSD,713.503,717.75,718.99,712.002,719.8583946300004
2016-11-11 00:00:00,X:ETHUSD,10.5,10.26489,10.61236,10.26001,14465.02264781001
2016-11-12 00:00:00,X:BTCUSD,717.74,704.0,719.1,701.348,722.7137968199992
2016-11-12 00:00:00,X:ETHUSD,10.28111,9.75,10.36544,9.56002,30150.980823409984
2016-11-13 00:00:00,X:BTCUSD,704.399,701.67,706.794,685.327,1072.4686373699997
2016-11-13 00:00:00,X:ETHUSD,9.8685,10.12356,10.3726,9.78771,25605.40861158001
2016-11-14 00:00:00,X:BTCUSD,702.7,706.994,709.0,697.791,785.1084939699997
2016-11-14 00:00:00,X:ETHUSD,10.08887,10.03473,10.16999,9.84,12235.536224549998
2016-11-15 00:00:00,X:BTCUSD,706.999,711.31,717.0,706.081,848.9377131699994
2016-11-15 00:00:00,X:ETHUSD,9.9393,10.15551,10.3726,9.84997,16153.877740459997
2016-11-16 00:00:00,X:BTCUSD,710.87,741.603,744.8,709.0,2465.3395532699974
2016-11-16 00:00:00,X:ETHUSD,10.2351,10.04,10.37029,9.9002,20724.766046160035
2016-11-17 00:00:00,X:BTCUSD,741.875,739.1,760.814,733.3,3453.915169230011
2016-11-17 00:00:00,X:ETHUSD,10.01126,9.92045,10.21859,9.9,14591.662216719998
2016-11-18 00:00:00,X:BTCUSD,739.088,752.232,754.0,733.01,1730.4424848199938
2016-11-18 00:00:00,X:ETHUSD,9.9569,9.48026,10.0629,9.40036,25469.85020012001
2016-11-19 00:00:00,X:BTCUSD,752.232,751.99,763.11,735.0,1420.0266909999968
2016-11-19 00:00:00,X:ETHUSD,9.48002,9.7377,9.77323,9.48,11623.588402509988
2016-11-20 00:00:00,X:BTCUSD,751.99,729.677,757.0,713.0,1413.783355509997
2016-11-20 00:00:00,X:ETHUSD,9.66705,9.5,9.72577,9.5,9059.766015
2016-11-21 00:00:00,X:BTCUSD,731.0,738.0,741.0,728.33,545.09034298
2016-11-21 00:00:00,X:ETHUSD,9.50836,9.64298,9.66999,9.49032,10090.200081700004
2016-11-22 00:00:00,X:BTCUSD,737.999,749.76,752.614,733.83,1806.774640099994
2016-11-22 00:00:00,X:ETHUSD,9.61,9.88088,10.3,9.53188,26713.79614703
2016-11-23 00:00:00,X:BTCUSD,749.76,741.98,750.0,731.06,1283.5342292799942
2016-11-23 00:00:00,X:ETHUSD,9.93,9.80434,9.93496,9.70083,6155.734138129999
2016-11-24 00:00:00,X:BTCUSD,742.489,738.44,745.11,730.0,867.1983952799985
2016-11-24 00:00:00,X:ETHUSD,9.73745,9.20754,9.78729,8.67149,54049.75426376
2016-11-25 00:00:00,X:BTCUSD,740.459,742.14,743.0,730.345,985.0119725999924
2016-11-25 00:00:00,X:ETHUSD,9.2173,9.41057,9.78879,9.18999,15582.604950870002
2016-11-26 00:00:00,X:BTCUSD,742.479,733.17,743.3,726.0,678.2360923899982
2016-11-26 00:00:00,X:ETHUSD,9.4014,9.2901,9.53569,9.25012,2324.32438785
2016-11-27 00:00:00,X:BTCUSD,733.26,729.93,739.0,727.2,637.789927209999
2016-11-27 00:00:00,X:ETHUSD,9.30028,8.99205,9.31223,8.6,50506.29100420007
2016-11-28 00:00:00,X:BTCUSD,729.885,734.17,736.071,728.1,819.240542249995
2016-11-28 00:00:00,X:ETHUSD,8.92498,8.67695,9.04919,8.45,24883.865548660004
2016-11-29 00:00:00,X:BTCUSD,734.173,732.0,735.555,728.5,1062.3350739599994
2016-11-29 00:00:00,X:ETHUSD,8.6759,8.14285,8.6965,7.8,71641.13934565008
2016-11-30 00:00:00,X:BTCUSD,732.0,742.396,743.559,731.015,1169.441170109999
2016-11-30 00:00:00,X:ETHUSD,8.12149,8.55384,8.69904,8.00005,50646.97151709999
2016-12-01 00:00:00,X:BTCUSD,742.396,752.489,754.5,740.89,1292.503466519999
2016-12-01 00:00:00,X:ETHUSD,8.55,8.40341,8.67992,8.21146,15239.108841790014
2016-12-02 00:00:00,X:BTCUSD,753.999,773.499,781.976,752.633,2472.778860129994
2016-12-02 00:00:00,X:ETHUSD,8.39,7.6439,8.39,7.36083,56490.69327249997
2016-12-03 00:00:00,X:BTCUSD,773.501,764.745,773.509,757.12,667.6922255699988
2016-12-03 00:00:00,X:ETHUSD,7.74899,7.82738,8.14033,7.50001,32600.78480241994
2016-12-04 00:00:00,X:BTCUSD,765.897,769.0,772.57,762.43,561.9478394799993
2016-12-04 00:00:00,X:ETHUSD,7.82735,7.36101,7.9001,7.35019,16179.71426437002
2016-12-05 00:00:00,X:BTCUSD,769.0,752.079,770.0,745.928,1724.4374236099986
2016-12-05 00:00:00,X:ETHUSD,7.35001,6.7756,7.65,6.55152,46406.17568387999
2016-12-06 00:00:00,X:BTCUSD,752.079,758.383,760.03,750.101,1157.9939713799952
2016-12-06 00:00:00,X:ETHUSD,6.7691,7.75812,7.89879,5.92005,153782.75161471005
2016-12-07 00:00:00,X:BTCUSD,758.0,765.011,770.0,753.779,812.3359240599997
2016-12-07 00:00:00,X:ETHUSD,7.76541,8.3242,8.57449,7.27152,40622.46488511001
2016-12-08 00:00:00,X:BTCUSD,765.008,768.288,779.499,762.001,801.5643117799989
2016-12-08 00:00:00,X:ETHUSD,8.35,8.19899,8.89934,8.19899,49132.19791908006
2016-12-09 00:00:00,X:BTCUSD,768.834,771.668,774.999,767.0,813.7855693200008
2016-12-09 00:00:00,X:ETHUSD,8.19899,8.35578,8.6499,8.0,43988.82885611
2016-12-10 00:00:00,X:BTCUSD,773.588,775.0,778.555,771.239,694.8646041999983
2016-12-10 00:00:00,X:ETHUSD,8.36022,8.15,8.65999,8.01,25273.315837159986
2016-12-11 00:00:00,X:BTCUSD,775.421,771.681,775.421,762.02,628.4658587000005
2016-12-11 00:00:00,X:ETHUSD,8.11331,8.22757,8.27149,8.07963,7119.610237200003
2016-12-12 00:00:00,X:BTCUSD,771.325,778.074,783.263,768.702,1031.1339705099972
2016-12-12 00:00:00,X:ETHUSD,8.2297,8.52,8.6,8.13379,30918.59041871997
2016-12-13 00:00:00,X:BTCUSD,778.226,778.72,789.0,770.001,1060.5685413099998
2016-12-13 00:00:00,X:ETHUSD,8.52,8.3943,8.52019,8.25673,13815.267528610002
2016-12-14 00:00:00,X:BTCUSD,778.0,777.559,783.086,774.0,912.3510875699966
2016-12-14 00:00:00,X:ETHUSD,8.4513,8.21262,8.5,8.196,15575.950405880005
2016-12-15 00:00:00,X:BTCUSD,777.56,778.11,781.498,776.526,757.4429141599868
2016-12-15 00:00:00,X:ETHUSD,8.23,7.75679,8.33,7.72993,42856.84938644996
2016-12-16 00:00:00,X:BTCUSD,778.5,785.41,785.979,776.0,1067.2474277799963
2016-12-16 00:00:00,X:ETHUSD,7.84552,7.81734,7.94999,7.75013,11656.934304259988
2016-12-17 00:00:00,X:BTCUSD,785.41,792.969,795.0,785.33,628.4226104099995
2016-12-17 00:00:00,X:ETHUSD,7.84157,7.88,7.94899,7.50347,19998.79660756999
2016-12-18 00:00:00,X:BTCUSD,792.989,794.211,794.44,786.5,368.00924406000144
2016-12-18 00:00:00,X:ETHUSD,7.86,7.8803,7.96869,7.74302,22023.597417670004
2016-12-19 00:00:00,X:BTCUSD,791.371,792.54,794.44,790.5,652.2023605100018
2016-12-19 00:00:00,X:ETHUSD,7.88031,7.61649,7.89845,7.58,16120.361680340004
2016-12-20 00:00:00,X:BTCUSD,791.686,801.249,806.099,790.0,1204.5882217300032
2016-12-20 00:00:00,X:ETHUSD,7.61821,7.65411,7.77469,7.5205,14537.86184768
2016-12-21 00:00:00,X:BTCUSD,800.199,830.0,830.0,796.474,1934.6434957499876
2016-12-21 00:00:00,X:ETHUSD,7.69415,7.82815,7.98554,7.60004,24478.008149530026
2016-12-22 00:00:00,X:BTCUSD,829.999,860.0,877.994,826.02,2489.420950639996
2016-12-22 00:00:00,X:ETHUSD,7.85,7.57487,7.86001,7.50998,36663.29577041999
2016-12-23 00:00:00,X:BTCUSD,860.07,918.19,922.93,859.01,4130.372081650007
2016-12-23 00:00:00,X:ETHUSD,7.55,7.13321,7.67,7.10546,37685.306628070015
2016-12-24 00:00:00,X:BTCUSD,918.2,895.47,923.869,884.33,1563.1424557799946
2016-12-24 00:00:00,X:ETHUSD,7.12261,7.26,7.49495,7.11228,11847.855725379992
2016-12-25 00:00:00,X:BTCUSD,895.399,896.799,900.344,853.368,1642.7195426799924
2016-12-25 00:00:00,X:ETHUSD,7.26,7.1544,7.319,7.1544,6175.302626309999
2016-12-26 00:00:00,X:BTCUSD,896.72,901.501,917.53,888.96,1837.2796571699955
2016-12-26 00:00:00,X:ETHUSD,7.1544,7.25649,7.29999,7.01012,9535.684730529996
2016-12-27 00:00:00,X:BTCUSD,904.609,933.0,939.0,900.0,1772.724887859998
2016-12-27 00:00:00,X:ETHUSD,7.25649,7.20999,7.33573,7.07137,9585.858860059998
2016-12-28 00:00:00,X:BTCUSD,936.934,978.001,979.99,935.35,3290.423400100008
2016-12-28 00:00:00,X:ETHUSD,7.12238,7.5484,7.73443,7.04,42148.79751847003
2016-12-29 00:00:00,X:BTCUSD,979.87,974.32,982.0,950.0,2551.012223159994
2016-12-29 00:00:00,X:ETHUSD,7.57997,8.3639,8.5624,7.57997,109536.3775315501
2016-12-30 00:00:00,X:BTCUSD,974.32,960.769,974.32,920.017,2162.4425841599978
2016-12-30 00:00:00,X:ETHUSD,8.33455,8.20027,8.49927,8.02121,38962.76005809999
2016-12-31 00:00:00,X:BTCUSD,960.66,967.45,971.726,940.013,779.9047245599992
2016-12-31 00:00:00,X:ETHUSD,8.14884,8.07,8.21477,7.94881,18695.75867564999
2017-01-01 00:00:00,X:BTCUSD,973.37,992.95,1010.0,959.71,26200.59582765809
2017-01-01 00:00:00,X:ETHUSD,8.16,8.18,8.6,8.03,138183.85080233097
2017-01-02 00:00:00,X:BTCUSD,992.96,1011.45,1038.0,990.01,40008.87483770712
2017-01-02 00:00:00,X:ETHUSD,8.2,8.38,8.53,8.05,124362.40005393769
2017-01-03 00:00:00,X:BTCUSD,1011.52,1020.67,1040.0,999.99,33464.68052181795
2017-01-03 00:00:00,X:ETHUSD,8.38,9.59,10.09948,8.24,454564.0023042803
2017-01-04 00:00:00,X:BTCUSD,1020.69,1130.3,1150.0,997.23,97090.6993596756
2017-01-04 00:00:00,X:ETHUSD,9.62,11.17,11.17,9.34,541714.0048752904
2017-01-05 00:00:00,X:BTCUSD,1114.38,1007.0,1175.0,850.79,156146.1553337565
2017-01-05 00:00:00,X:ETHUSD,11.13,10.31859,11.8,9.08,727743.0156080741
2017-01-06 00:00:00,X:BTCUSD,1003.8,898.5,1059.19599,868.384,105328.2690394046
2017-01-06 00:00:00,X:ETHUSD,10.23,10.14,10.5,9.4726,269646.1362032772
2017-01-07 00:00:00,X:BTCUSD,894.02,908.0,968.0,802.07,77481.8319873282
2017-01-07 00:00:00,X:ETHUSD,10.14,9.92,10.21,9.48,130200.49719166
2017-01-08 00:00:00,X:BTCUSD,908.03,923.33,953.8,881.3,47089.25617957209
2017-01-08 00:00:00,X:ETHUSD,9.92,10.5,10.58,9.76164,129202.3975626291
2017-01-09 00:00:00,X:BTCUSD,922.04,896.23,923.58,875.0,32530.490926013863
2017-01-09 00:00:00,X:ETHUSD,10.5,10.39,10.94,9.5004,168420.7167542009
2017-01-10 00:00:00,X:BTCUSD,902.66,905.76,918.0,889.41,29098.44408074298
2017-01-10 00:00:00,X:ETHUSD,10.41,10.63,10.75,10.2,139783.62171846922
2017-01-11 00:00:00,X:BTCUSD,905.76,795.77,924.59,755.0,128024.46399534996
2017-01-11 00:00:00,X:ETHUSD,10.63,9.95,10.84,9.41,297173.4800312873
2017-01-12 00:00:00,X:BTCUSD,779.54,804.58,840.0,734.64,70745.81578880838
2017-01-12 00:00:00,X:ETHUSD,9.96,9.8,10.1899,9.082,165806.60028210297
2017-01-13 00:00:00,X:BTCUSD,804.58,825.86,839.0,775.0,50763.59706398619
2017-01-13 00:00:00,X:ETHUSD,9.70079,9.84,9.91,9.376,106168.13586354157
2017-01-14 00:00:00,X:BTCUSD,827.22,828.0,847.52,800.03,25604.25554523679
2017-01-14 00:00:00,X:ETHUSD,9.84,9.86,9.94,9.507,49463.365920579134
2017-01-15 00:00:00,X:BTCUSD,819.52,821.86,835.0,805.03,13748.978132160855
2017-01-15 00:00:00,X:ETHUSD,9.6658,9.9,10.05,9.614,37294.55838428974
2017-01-16 00:00:00,X:BTCUSD,833.43,834.41,855.75,813.94,18601.15271972021
2017-01-16 00:00:00,X:ETHUSD,9.91,9.53,10.23,9.53,75558.83678878828
2017-01-17 00:00:00,X:BTCUSD,831.76,906.0,967.94,827.0,51479.450453346726
2017-01-17 00:00:00,X:ETHUSD,9.61999,10.292,10.688,9.533,220289.45532200916
2017-01-18 00:00:00,X:BTCUSD,905.95,887.46,936.42,847.23,42730.86536138018
2017-01-18 00:00:00,X:ETHUSD,10.291,10.222,10.51,9.7357,150728.2509509888
2017-01-19 00:00:00,X:BTCUSD,887.49,901.01,910.03,878.89,33773.10241101676
2017-01-19 00:00:00,X:ETHUSD,10.222,10.44988,10.6,10.152,86385.72677050975
2017-01-20 00:00:00,X:BTCUSD,902.23,895.74,907.104,880.0,20850.104914109583
2017-01-20 00:00:00,X:ETHUSD,10.46,10.64,10.81,10.25,113814.19366878973
2017-01-21 00:00:00,X:BTCUSD,894.31,925.298,931.01,891.28,24794.012345347965
2017-01-21 00:00:00,X:ETHUSD,10.64,10.93,11.092,10.561,126638.32170893876
2017-01-22 00:00:00,X:BTCUSD,924.3,923.76,946.25,886.76,36051.68211144605
2017-01-22 00:00:00,X:ETHUSD,10.94,10.664,11.07,10.339,117527.51478541971
2017-01-23 00:00:00,X:BTCUSD,929.45,905.99,931.33,905.99,18614.465392540515
2017-01-23 00:00:00,X:ETHUSD,10.77,10.827,11.1971,10.589,74115.20966965036
2017-01-24 00:00:00,X:BTCUSD,913.15,885.47,930.0,880.0,40022.857878878494
2017-01-24 00:00:00,X:ETHUSD,10.79,10.579,10.92,10.45063,115927.16905247682
2017-01-25 00:00:00,X:BTCUSD,885.71,896.0,904.01,884.2,21578.13954259745
2017-01-25 00:00:00,X:ETHUSD,10.57,10.55,10.667,10.351,63039.19189998994
2017-01-26 00:00:00,X:BTCUSD,893.25,914.926,921.95,892.86,20884.43824930943
2017-01-26 00:00:00,X:ETHUSD,10.54,10.54,10.691,10.427,79529.20988569014
2017-01-27 00:00:00,X:BTCUSD,917.02,922.63,925.0,905.0,20135.799691108616
2017-01-27 00:00:00,X:ETHUSD,10.58,10.55,10.6532,10.356,87250.5114885704
2017-01-28 00:00:00,X:BTCUSD,922.89,924.98,925.5,912.0,8152.091244970403
2017-01-28 00:00:00,X:ETHUSD,10.453,10.528,10.59996,10.35,72829.72346894015
2017-01-29 00:00:00,X:BTCUSD,918.6,912.55,927.47,910.45,7241.693050940415
2017-01-29 00:00:00,X:ETHUSD,10.535,10.49,10.58,10.376,32747.67298717003
2017-01-30 00:00:00,X:BTCUSD,913.12,919.99,925.0,910.0,11489.656165390646
2017-01-30 00:00:00,X:ETHUSD,10.5,10.5,10.72889,10.37,100688.2281062798
2017-01-31 00:00:00,X:BTCUSD,919.99,963.99,974.969,916.06,39189.25213355673
2017-01-31 00:00:00,X:ETHUSD,10.59,10.7,10.79,10.377,141445.00313588037
2017-02-01 00:00:00,X:BTCUSD,968.166,992.75,992.75,959.95,26682.756840537822
2017-02-01 00:00:00,X:ETHUSD,10.7,10.72,10.86,10.41,120756.62569514112
2017-02-02 00:00:00,X:BTCUSD,992.75,1007.0,1013.991,970.1,34373.77653892884
2017-02-02 00:00:00,X:ETHUSD,10.73,10.82,10.86,10.527,109820.96893671884
2017-02-03 00:00:00,X:BTCUSD,1009.15,1018.0,1037.519,981.761,39872.8523530893
2017-02-03 00:00:00,X:ETHUSD,10.74,10.99,11.043,10.55,114387.60275129911
2017-02-04 00:00:00,X:BTCUSD,1015.8,1031.1,1046.501,1001.6,29546.935408489044
2017-02-04 00:00:00,X:ETHUSD,11.017,11.41,11.46718,10.941,173665.66590582964
2017-02-05 00:00:00,X:BTCUSD,1033.72,1016.32,1036.3,995.1,26193.03620827849
2017-02-05 00:00:00,X:ETHUSD,11.39,11.26,11.44,11.054,61724.517663579536
2017-02-06 00:00:00,X:BTCUSD,1010.03,1022.58,1034.31,1005.1,19155.98956631004
2017-02-06 00:00:00,X:ETHUSD,11.27,11.34,11.42,11.123,78757.69670364074
2017-02-07 00:00:00,X:BTCUSD,1024.0,1052.48,1058.26,1021.3,28010.561851918126
2017-02-07 00:00:00,X:ETHUSD,11.33,11.438,11.59,11.253,113493.7223406705
2017-02-08 00:00:00,X:BTCUSD,1053.95,1056.7,1072.43,1006.5,42623.85653096692
2017-02-08 00:00:00,X:ETHUSD,11.51,11.41,11.65,11.0,140414.16493075856
2017-02-09 00:00:00,X:BTCUSD,1049.0,994.24,1079.91,913.73,108442.59229179544
2017-02-09 00:00:00,X:ETHUSD,11.41,11.02,11.54,10.409,260826.36384728012
2017-02-10 00:00:00,X:BTCUSD,987.431,992.0,1013.93,948.208,45933.6024539678
2017-02-10 00:00:00,X:ETHUSD,11.02,11.43,11.48,10.75,142915.69357998032
2017-02-11 00:00:00,X:BTCUSD,995.49,1018.65,1023.89,984.01,19144.829131129703
2017-02-11 00:00:00,X:ETHUSD,11.44,11.52,11.52,11.125,87976.29481662004
2017-02-12 00:00:00,X:BTCUSD,1000.0,1000.73,1018.88,991.98,9159.54708685086
2017-02-12 00:00:00,X:ETHUSD,11.51,11.5,11.54,11.221,42568.81236045995
2017-02-13 00:00:00,X:BTCUSD,996.0,1002.82,1021.5,974.22,19634.575226968453
2017-02-13 00:00:00,X:ETHUSD,11.5,11.43,11.54,11.05,84341.94284105038
2017-02-14 00:00:00,X:BTCUSD,1000.74,1013.3,1025.0,987.97,26725.877363618118
2017-02-14 00:00:00,X:ETHUSD,11.42,13.14,14.7,11.317,595907.4185379229
2017-02-15 00:00:00,X:BTCUSD,1013.92,1014.53,1020.0,1000.97,14450.712919271124
2017-02-15 00:00:00,X:ETHUSD,13.072,12.98,13.2,12.59,277527.3757039422
2017-02-16 00:00:00,X:BTCUSD,1011.53,1032.7,1047.43,1006.85,25171.170570578983
2017-02-16 00:00:00,X:ETHUSD,12.98001,12.89,13.03,12.49,186882.0529239154
2017-02-17 00:00:00,X:BTCUSD,1038.95,1056.2,1067.4,1031.14,30756.81958713824
2017-02-17 00:00:00,X:ETHUSD,12.92,12.761,12.95,12.6,138522.1464419199
2017-02-18 00:00:00,X:BTCUSD,1055.75,1062.15,1073.8,1046.14,17026.175779080688
2017-02-18 00:00:00,X:ETHUSD,12.77,12.89,12.93,12.7,79580.51522196969
2017-02-19 00:00:00,X:BTCUSD,1059.1,1055.60999,1067.78,1039.07,12254.556078200743
2017-02-19 00:00:00,X:ETHUSD,12.87,12.9,12.95,12.69,58606.37189792906
2017-02-20 00:00:00,X:BTCUSD,1055.588,1089.82,1110.0,1040.1,22808.51527433949
2017-02-20 00:00:00,X:ETHUSD,12.7813,12.47,12.95,12.402,123833.8829198098
2017-02-21 00:00:00,X:BTCUSD,1084.0,1129.6,1134.0,1077.0,42957.42903763904
2017-02-21 00:00:00,X:ETHUSD,12.43,12.78238,12.89,12.2288,182381.47066333127
2017-02-22 00:00:00,X:BTCUSD,1129.67,1128.71,1143.0,1098.16,34234.72339447716
2017-02-22 00:00:00,X:ETHUSD,12.83,12.75,12.99,12.601,115467.3285078124
2017-02-23 00:00:00,X:BTCUSD,1130.02,1186.9,1197.0,1116.5,48208.02812129867
2017-02-23 00:00:00,X:ETHUSD,12.74,13.269,13.37,12.601,198602.39947812105
2017-02-24 00:00:00,X:BTCUSD,1183.53,1185.4,1222.4,1056.65799,85546.19670763944
2017-02-24 00:00:00,X:ETHUSD,13.2,13.113,13.33,12.56,241954.97225199916
2017-02-25 00:00:00,X:BTCUSD,1185.4,1158.0,1189.9,1110.0,30783.12102352488
2017-02-25 00:00:00,X:ETHUSD,13.18,13.65,13.87,13.00003,218049.4143134113
2017-02-26 00:00:00,X:BTCUSD,1157.98,1184.91,1187.33,1130.0,20796.932990580048
2017-02-26 00:00:00,X:ETHUSD,13.64,14.568,14.84,13.3,276412.44309466035
2017-02-27 00:00:00,X:BTCUSD,1180.46,1195.81,1204.0,1161.98,24018.64275517791
2017-02-27 00:00:00,X:ETHUSD,14.567,15.66,16.32,14.25,434454.5463972481
2017-02-28 00:00:00,X:BTCUSD,1195.7,1189.1,1216.0,1175.808,33783.55466430712
2017-02-28 00:00:00,X:ETHUSD,15.66,15.862,16.94,15.01231,707991.1695334997
2017-03-01 00:00:00,X:BTCUSD,1191.16,1230.0,1236.4,1085.71,38904.1877944918
2017-03-01 00:00:00,X:ETHUSD,15.62999,17.435,17.58,15.45281,453800.889273874
2017-03-02 00:00:00,X:BTCUSD,1233.7,1269.17,1312.11,1212.0,50153.79684651533
2017-03-02 00:00:00,X:ETHUSD,17.477,18.9871,19.99,16.05,832463.874046113
2017-03-03 00:00:00,X:BTCUSD,1258.5,1289.2,1298.0,1235.278,40859.3657716787
2017-03-03 00:00:00,X:ETHUSD,19.27,19.68,21.49,16.75,949926.982769134
2017-03-04 00:00:00,X:BTCUSD,1289.2,1273.97,1294.48,1226.41,28302.09511005827
2017-03-04 00:00:00,X:ETHUSD,19.36785,18.65,20.4,18.35273,309243.07672302093
2017-03-05 00:00:00,X:BTCUSD,1273.94,1273.0,1279.9,1237.775,17541.62358973086
2017-03-05 00:00:00,X:ETHUSD,18.65,19.4,19.47037,17.89999,246390.36363819137
2017-03-06 00:00:00,X:BTCUSD,1269.98,1279.2,1288.0,1251.0,19619.526711419745
2017-03-06 00:00:00,X:ETHUSD,19.39,19.68,20.24,18.8,302432.51954005915
2017-03-07 00:00:00,X:BTCUSD,1279.3,1237.36,1288.0,1050.0,71353.16728258772
2017-03-07 00:00:00,X:ETHUSD,19.68,18.96,19.78522,18.35001,314103.2752531156
2017-03-08 00:00:00,X:BTCUSD,1233.86,1143.387,1246.0,1128.0,76409.3283733264
2017-03-08 00:00:00,X:ETHUSD,18.96,16.39999,18.96,16.39999,586285.4718357091
2017-03-09 00:00:00,X:BTCUSD,1149.34,1190.89,1214.95,1105.0,42615.84347495116
2017-03-09 00:00:00,X:ETHUSD,16.544,17.82,18.29,15.56,388529.73459296
2017-03-10 00:00:00,X:BTCUSD,1190.99,1115.4,1360.0,956.85,171926.67246975354
2017-03-10 00:00:00,X:ETHUSD,17.672,19.2,19.75847,15.9,849651.2888061951
2017-03-11 00:00:00,X:BTCUSD,1111.92,1172.4,1219.0,1101.2,52629.51163905199
2017-03-11 00:00:00,X:ETHUSD,19.175,21.64,21.89,18.65007,578560.5187301812
2017-03-12 00:00:00,X:BTCUSD,1188.11,1224.4,1244.0,1138.0,33471.24164816802
2017-03-12 00:00:00,X:ETHUSD,21.67,23.39,24.25,20.9999,646213.9197457519
2017-03-13 00:00:00,X:BTCUSD,1235.27,1245.49,1249.02,1180.0,42375.76412053323
2017-03-13 00:00:00,X:ETHUSD,23.38,28.64,31.1,23.16007,1669604.6569243968
2017-03-14 00:00:00,X:BTCUSD,1242.46,1243.99499,1262.0,1213.55,33708.884160917725
2017-03-14 00:00:00,X:ETHUSD,28.392,28.66,30.0,26.401,563954.6279282676
2017-03-15 00:00:00,X:BTCUSD,1244.4,1263.0,1264.55,1238.32,29449.072875018013
2017-03-15 00:00:00,X:ETHUSD,28.66,34.796,35.86,28.00021,1030253.3943834612
2017-03-16 00:00:00,X:BTCUSD,1258.75,1172.62,1277.27,1025.0,90147.17744553172
2017-03-16 00:00:00,X:ETHUSD,34.796,44.89,47.03,33.1789,1939616.269348658
2017-03-17 00:00:00,X:BTCUSD,1169.1,1070.4,1175.11,983.9,103493.24378682092
2017-03-17 00:00:00,X:ETHUSD,45.071,44.65,57.67,32.836,1961616.257566216
2017-03-18 00:00:00,X:BTCUSD,1067.8,971.5,1099.0,919.44,139927.02623699664
2017-03-18 00:00:00,X:ETHUSD,44.65,33.64,45.0,30.30025,1354479.3880894186
2017-03-19 00:00:00,X:BTCUSD,971.53,1016.5,1063.7,943.896,70575.2642216163
2017-03-19 00:00:00,X:ETHUSD,34.2,43.168,45.69,32.51373,1077442.1110762083
2017-03-20 00:00:00,X:BTCUSD,1016.1,1040.5,1055.64,902.0,40190.1726523291
2017-03-20 00:00:00,X:ETHUSD,43.21,42.064,45.25,39.472,551616.2387426099
2017-03-21 00:00:00,X:BTCUSD,1040.5,1114.39,1125.17,1029.999,60510.16548548143
2017-03-21 00:00:00,X:ETHUSD,42.37,42.48308,43.7,41.02229,331872.58505226107
2017-03-22 00:00:00,X:BTCUSD,1109.99,1039.1,1116.0,975.626,74266.8460137878
2017-03-22 00:00:00,X:ETHUSD,42.39,41.459,42.948,37.6,406473.26623499714
2017-03-23 00:00:00,X:BTCUSD,1039.3,1032.7,1057.41,1006.4,35480.08459111812
2017-03-23 00:00:00,X:ETHUSD,41.459,43.136,44.749,40.0,376864.1995451085
2017-03-24 00:00:00,X:BTCUSD,1030.84,921.302,1034.6,911.23,83402.50303294352
2017-03-24 00:00:00,X:ETHUSD,43.136,54.01,58.989,42.5,1017212.4259590526
2017-03-25 00:00:00,X:BTCUSD,942.14,956.02,981.31,881.891,80545.78331059836
2017-03-25 00:00:00,X:ETHUSD,52.93,50.5,54.9,46.7,729841.319173827
2017-03-26 00:00:00,X:BTCUSD,963.72,968.9,1006.0,923.005,54634.51344770788
2017-03-26 00:00:00,X:ETHUSD,49.99934,50.73,51.8,46.55,310036.91853903735
2017-03-27 00:00:00,X:BTCUSD,973.97,1042.7,1046.9,948.323,54208.25802518938
2017-03-27 00:00:00,X:ETHUSD,50.74,48.97,52.01,47.666,322621.79136881954
2017-03-28 00:00:00,X:BTCUSD,1042.8,1043.281,1069.39,734.0,48002.15606799845
2017-03-28 00:00:00,X:ETHUSD,48.913,50.23688,50.599,47.95,332896.6803676095
2017-03-29 00:00:00,X:BTCUSD,1045.54,1041.8,1060.06,850.0,44237.44542223906
2017-03-29 00:00:00,X:ETHUSD,50.23639,53.1,54.3,49.397,521886.8345080448
2017-03-30 00:00:00,X:BTCUSD,1043.09,1042.34,1057.51,650.0,44986.72427716783
2017-03-30 00:00:00,X:ETHUSD,53.11,51.88,54.97531,50.751,281842.9115065323
2017-03-31 00:00:00,X:BTCUSD,1042.32,1088.99,1094.49,845.0,54491.73237034348
2017-03-31 00:00:00,X:ETHUSD,51.676,49.724,52.41,46.60152,546490.7098948231
2017-04-01 00:00:00,X:BTCUSD,1081.3,1093.5,1110.95,870.0,31478.926378287
2017-04-01 00:00:00,X:ETHUSD,49.777,50.592,51.87,48.56928,228032.11209192243
2017-04-02 00:00:00,X:BTCUSD,1083.95,1078.01,1119.0,932.02,38992.85624939261
2017-04-02 00:00:00,X:ETHUSD,50.72,48.74,51.594,47.38002,420225.8153270551
2017-04-03 00:00:00,X:BTCUSD,1107.6,1152.6,1168.72,946.0,58327.83379162966
2017-04-03 00:00:00,X:ETHUSD,48.32507,44.25,48.97,42.39,744829.7275716848
2017-04-04 00:00:00,X:BTCUSD,1152.09,1145.8,1165.64799,1050.0,40779.01536462829
2017-04-04 00:00:00,X:ETHUSD,44.33,44.414,46.25,41.05,501302.7943912437
2017-04-05 00:00:00,X:BTCUSD,1141.999,1140.4,1146.883,1087.56,39127.26369122903
2017-04-05 00:00:00,X:ETHUSD,44.45,44.78,47.63,44.025,356711.05015337403
2017-04-06 00:00:00,X:BTCUSD,1132.99,1192.3,1206.97,1087.4,56397.3227337805
2017-04-06 00:00:00,X:ETHUSD,45.35,43.4099,46.025,41.01,401507.035300656
2017-04-07 00:00:00,X:BTCUSD,1191.5,1194.0,1209.0,1135.0,34608.07430484905
2017-04-07 00:00:00,X:ETHUSD,43.31,42.32,44.8092,41.57,202108.8468549481
2017-04-08 00:00:00,X:BTCUSD,1196.4,1188.1,1204.999,1087.15,19291.614402640367
2017-04-08 00:00:00,X:ETHUSD,42.32,44.507,45.79999,42.07233,205382.5644950673
2017-04-09 00:00:00,X:BTCUSD,1188.1,1211.0,1226.9,1080.01,28878.73461480882
2017-04-09 00:00:00,X:ETHUSD,44.708,43.937,44.99963,42.72,127064.11413381186
2017-04-10 00:00:00,X:BTCUSD,1205.2,1209.25,1229.9,1080.02,22452.03032518947
2017-04-10 00:00:00,X:ETHUSD,43.92,44.169,44.79949,42.1,153383.08192632496
2017-04-11 00:00:00,X:BTCUSD,1209.99,1235.6,1244.7,1174.0,19906.763847750277
2017-04-11 00:00:00,X:ETHUSD,43.92,43.83,44.8,43.52,99653.57092218078
2017-04-12 00:00:00,X:BTCUSD,1235.9,1227.4,1244.3,1190.0,23487.84075010925
2017-04-12 00:00:00,X:ETHUSD,43.84,46.852,48.467,42.72,319500.1609615169
2017-04-13 00:00:00,X:BTCUSD,1227.4,1177.05,1235.3,1141.0,38560.90089954824
2017-04-13 00:00:00,X:ETHUSD,46.96,49.77,51.505,46.19999,381889.47144082654
2017-04-14 00:00:00,X:BTCUSD,1172.56,1173.74,1222.07,1142.0,28601.075956094573
2017-04-14 00:00:00,X:ETHUSD,50.53,47.2,50.65,46.52,231366.0942485408
2017-04-15 00:00:00,X:BTCUSD,1206.7,1178.85,1215.0,0.06,16062.55920909126
2017-04-15 00:00:00,X:ETHUSD,48.5,49.707,74.98,46.78,150482.38762066
2017-04-16 00:00:00,X:BTCUSD,1178.84,1177.99,1217.6,1150.0,10910.66552202103
2017-04-16 00:00:00,X:ETHUSD,48.93,48.13,49.9,47.5,66479.96694402114
2017-04-17 00:00:00,X:BTCUSD,1212.5,1240.0,1247.0,1161.0,27130.12944814477
2017-04-17 00:00:00,X:ETHUSD,48.19,47.94,50.27,47.5,121691.92342202476
2017-04-18 00:00:00,X:BTCUSD,1190.95,1202.378,1274.8,1175.95,30061.666084647382
2017-04-18 00:00:00,X:ETHUSD,47.94,49.79,53.0,47.61293,301198.214727884
2017-04-19 00:00:00,X:BTCUSD,1202.59,1214.21,1272.0,1180.06,21858.841106999225
2017-04-19 00:00:00,X:ETHUSD,49.85,48.0,53.0,45.0,264480.689716795
2017-04-20 00:00:00,X:BTCUSD,1203.98,1308.5,1326.9,1180.05,31653.5059580385
2017-04-20 00:00:00,X:ETHUSD,48.00001,49.38,52.45,47.25802,220444.090006486
2017-04-21 00:00:00,X:BTCUSD,1308.5,1249.99,1340.0,1231.65,21680.985580720386
2017-04-21 00:00:00,X:ETHUSD,49.39,48.37,52.265,48.0,143119.88818150168
2017-04-22 00:00:00,X:BTCUSD,1249.98,1247.0,1354.9,1199.0,24359.776241719337
2017-04-22 00:00:00,X:ETHUSD,48.38,48.61,52.776,47.5,106448.87380869844
2017-04-23 00:00:00,X:BTCUSD,1231.85,1241.99,1359.0,1223.42,16688.780842820674
2017-04-23 00:00:00,X:ETHUSD,48.20005,53.332,54.438,47.60001,121051.66375879353
2017-04-24 00:00:00,X:BTCUSD,1251.91,1257.29,1359.6,1234.0,18460.24949065015
2017-04-24 00:00:00,X:ETHUSD,48.95,50.12,54.477,48.40015,175111.2876508147
2017-04-25 00:00:00,X:BTCUSD,1345.0,1281.16,1378.5,1220.0,23288.3888669184
2017-04-25 00:00:00,X:ETHUSD,50.11,50.31,54.21,49.55001,128008.61374449126
2017-04-26 00:00:00,X:BTCUSD,1372.1,1400.0,1428.0,1265.0,33485.490939736745
2017-04-26 00:00:00,X:ETHUSD,50.28,57.31,58.38,49.80094,403100.7214954174
2017-04-27 00:00:00,X:BTCUSD,1297.56,1331.53,1449.7,1285.0,30888.25899807794
2017-04-27 00:00:00,X:ETHUSD,53.4,67.999,67.999,52.01098,555659.7907239983
2017-04-28 00:00:00,X:BTCUSD,1335.493,1353.34,1480.0,1292.14,39816.42076397884
2017-04-28 00:00:00,X:ETHUSD,62.59071,73.14,77.399,61.12194,824956.465055094
2017-04-29 00:00:00,X:BTCUSD,1415.9,1365.43,1439.5,1312.0,24489.72327166922
2017-04-29 00:00:00,X:ETHUSD,73.17,68.775,77.599,66.31,430154.7826550685
2017-04-30 00:00:00,X:BTCUSD,1425.4,1435.0,1443.7,1309.36999,24377.992543029643
2017-04-30 00:00:00,X:ETHUSD,68.81881,80.87,83.999,68.34229,467741.8361304203
2017-05-01 00:00:00,X:BTCUSD,1348.88,1436.5,1560.0,1325.76,53229.05353272121
2017-05-01 00:00:00,X:ETHUSD,83.518,74.39977,88.103,66.001,905799.969812826
2017-05-02 00:00:00,X:BTCUSD,1436.5,1447.75,1604.6,1381.436,42897.61878995867
2017-05-02 00:00:00,X:ETHUSD,79.05,77.55,85.18,73.08669,366212.0655091798
2017-05-03 00:00:00,X:BTCUSD,1471.79,1513.599,1627.0,1431.02,49681.492453520455
2017-05-03 00:00:00,X:ETHUSD,77.55,81.29,86.615,75.23876,382146.8280878045
2017-05-04 00:00:00,X:BTCUSD,1619.6,1563.39,1750.0,1444.94,87033.71407999721
2017-05-04 00:00:00,X:ETHUSD,81.19,99.2,99.777,79.50001,714508.2490965565
2017-05-05 00:00:00,X:BTCUSD,1607.2,1551.3,1671.13,1491.335,73112.5433602701
2017-05-05 00:00:00,X:ETHUSD,95.98,91.5,153.12,10.0,569563.3996575121
2017-05-06 00:00:00,X:BTCUSD,1545.0,1597.0,1615.1,1505.0,34824.74614950726
2017-05-06 00:00:00,X:ETHUSD,91.5,96.69,97.22,89.01234,218301.20475770623
2017-05-07 00:00:00,X:BTCUSD,1535.422,1505.164,1656.32,1358.0,39041.792946687456
2017-05-07 00:00:00,X:ETHUSD,95.74,87.4,100.73,26.0,370597.6549238086
2017-05-08 00:00:00,X:BTCUSD,1620.0,1713.0,1716.89,1485.982,62179.38586830032
2017-05-08 00:00:00,X:ETHUSD,87.4,87.08,98.36,70.0,420529.0900426831
2017-05-09 00:00:00,X:BTCUSD,1712.99,1760.0,1815.0,1616.05,76220.45599185246
2017-05-09 00:00:00,X:ETHUSD,89.25,86.97999,94.83,73.15,574520.3726282542
2017-05-10 00:00:00,X:BTCUSD,1760.0,1794.99,1817.4,1682.0,48825.03560109888
2017-05-10 00:00:00,X:ETHUSD,88.9,88.36,94.45,85.07,239502.2476038813
2017-05-11 00:00:00,X:BTCUSD,1781.999,1853.9,1908.1,1745.01,62003.76581527919
2017-05-11 00:00:00,X:ETHUSD,88.33,88.3,91.99,85.07,208742.42963258983
2017-05-12 00:00:00,X:BTCUSD,1854.0,1698.188,1866.23,1639.0,62083.86857387033
2017-05-12 00:00:00,X:ETHUSD,88.3,85.17,92.0,82.2,268041.89007191325
2017-05-13 00:00:00,X:BTCUSD,1733.7,1819.5,1827.11,1601.46,45155.14044499553
2017-05-13 00:00:00,X:ETHUSD,85.19,88.42,89.99,81.69,154079.66224622808
2017-05-14 00:00:00,X:BTCUSD,1776.8,1827.3,1861.7,1752.85,25750.59077737532
2017-05-14 00:00:00,X:ETHUSD,89.9,89.39,91.919,85.0,131360.3117330444
2017-05-15 00:00:00,X:BTCUSD,1827.3,1705.48,1838.32,1682.56,43982.706139268426
2017-05-15 00:00:00,X:ETHUSD,90.37,91.0,95.17,87.99,297499.26623275963
2017-05-16 00:00:00,X:BTCUSD,1706.07,1700.01,1804.35,1641.22,44097.77742496837
2017-05-16 00:00:00,X:ETHUSD,91.0,88.17,93.482,85.429,227378.28372295323
2017-05-17 00:00:00,X:BTCUSD,1700.01,1813.23,1894.0,1670.01,55225.405175270105
2017-05-17 00:00:00,X:ETHUSD,88.17,86.88,93.83,82.5,251323.58062373343
2017-05-18 00:00:00,X:BTCUSD,1813.23,1899.16,2589.0,1766.33,42946.49602854758
2017-05-18 00:00:00,X:ETHUSD,86.88,98.6,98.98,86.5,375553.2843708349
2017-05-19 00:00:00,X:BTCUSD,1941.9,1966.5,2000.0,1833.89,63788.08580879059
2017-05-19 00:00:00,X:ETHUSD,96.08999,125.14,129.98,95.59,902054.3296376052
2017-05-20 00:00:00,X:BTCUSD,1966.5,2039.114,2072.2,1834.79,53263.44909149748
2017-05-20 00:00:00,X:ETHUSD,125.04,123.63,129.34,108.85,396719.0314794222
2017-05-21 00:00:00,X:BTCUSD,2039.115,2026.6,2102.68,1945.81,47688.46126542801
2017-05-21 00:00:00,X:ETHUSD,122.21001,146.14,148.97,117.79,636070.6511481619
2017-05-22 00:00:00,X:BTCUSD,2056.99,2085.992,2298.0,1900.1,112866.16922840386
2017-05-22 00:00:00,X:ETHUSD,146.14,155.6,190.0,131.22,1307336.5899110916
2017-05-23 00:00:00,X:BTCUSD,2088.76,2249.6,2283.0,1984.0,61975.545492750185
2017-05-23 00:00:00,X:ETHUSD,160.38,168.24,179.84,148.6,494334.5395933944
2017-05-24 00:00:00,X:BTCUSD,2233.975,2408.23999,2481.75,2231.72,85876.41741839245
2017-05-24 00:00:00,X:ETHUSD,169.9,183.88,204.27,160.2,655924.490472877
2017-05-25 00:00:00,X:BTCUSD,2395.5,2268.1,2806.0,2141.1,139726.0819508046
2017-05-25 00:00:00,X:ETHUSD,183.88,168.00011,217.85,115.92,867670.2373723424
2017-05-26 00:00:00,X:BTCUSD,2268.2,2279.82,2683.18,2007.0,110887.8740580554
2017-05-26 00:00:00,X:ETHUSD,181.4,163.8,199.99,136.27,745461.7751922156
2017-05-27 00:00:00,X:BTCUSD,2276.46,1980.2,2519.37,1810.0,118996.06946524123
2017-05-27 00:00:00,X:ETHUSD,163.78,151.61111,172.0,110.0,1023207.392778632
2017-05-28 00:00:00,X:BTCUSD,2042.89,2137.213,2342.99,1834.79,66784.22110341117
2017-05-28 00:00:00,X:ETHUSD,151.61111,168.28644,185.0,134.11,499310.2485512148
2017-05-29 00:00:00,X:BTCUSD,2056.8,2279.48,2519.37,1990.0,50104.46435733598
2017-05-29 00:00:00,X:ETHUSD,168.28664,193.30207,199.0,152.62,424663.8050146798
2017-05-30 00:00:00,X:BTCUSD,2290.18,2146.7,2339.08,2080.1,64168.691460419206
2017-05-30 00:00:00,X:ETHUSD,188.1,224.69,295.0,140.01,808551.7600071098
2017-05-31 00:00:00,X:BTCUSD,2146.8,2291.301,2338.91,2000.0,68075.9499553162
2017-05-31 00:00:00,X:ETHUSD,224.78,229.14,236.59,185.0,649025.6761428067
2017-06-01 00:00:00,X:BTCUSD,2291.301,2419.99,2488.0,2187.3,69420.71811019724
2017-06-01 00:00:00,X:ETHUSD,229.15,219.00102,238.97,196.0,592656.4974489739
2017-06-02 00:00:00,X:BTCUSD,2399.981,2487.183,2497.65,2262.8,44987.20538268718
2017-06-02 00:00:00,X:ETHUSD,219.48722,214.77,229.75,207.01,260633.00015279156
2017-06-03 00:00:00,X:BTCUSD,2485.43199,2540.94,2599.0,2345.13,40589.0625284578
2017-06-03 00:00:00,X:ETHUSD,221.95,217.01,227.5,205.0,166547.5261444542
2017-06-04 00:00:00,X:BTCUSD,2461.6,2488.2,2570.0,2361.98,40387.40759731572
2017-06-04 00:00:00,X:ETHUSD,224.95,245.5,249.99,209.08,407859.5449526548
2017-06-05 00:00:00,X:BTCUSD,2488.2,2636.9,2699.35,2472.86,47852.020010466505
2017-06-05 00:00:00,X:ETHUSD,245.48,248.0,250.0,227.82,249412.1905444648
2017-06-06 00:00:00,X:BTCUSD,2698.0,2871.29,2938.55,2571.24,109779.21964227846
2017-06-06 00:00:00,X:ETHUSD,247.99,264.22,269.36,230.0,532002.6592600014
2017-06-07 00:00:00,X:BTCUSD,2844.7,2644.0,2893.28,2582.0,66387.08846613874
2017-06-07 00:00:00,X:ETHUSD,261.89,255.68,265.63,241.01,338346.2205391207
2017-06-08 00:00:00,X:BTCUSD,2644.1,2799.73,2818.052,2527.0,49004.08411112674
2017-06-08 00:00:00,X:ETHUSD,255.81184,260.23791,262.0,242.04,218673.9632677585
2017-06-09 00:00:00,X:BTCUSD,2805.46,2809.0,2868.23,2763.9,32856.4894857567
2017-06-09 00:00:00,X:ETHUSD,258.64,279.38,279.93299,257.02,318926.8948867097
2017-06-10 00:00:00,X:BTCUSD,2811.37,2931.15,2942.04,2711.1,50663.58779364381
2017-06-10 00:00:00,X:ETHUSD,279.39,326.0,358.46,274.68,684936.215913979
2017-06-11 00:00:00,X:BTCUSD,2931.16,2941.8,3003.0,2781.893,46948.67411958661
2017-06-11 00:00:00,X:ETHUSD,340.13,336.33,355.0,304.89,452024.6707885024
2017-06-12 00:00:00,X:BTCUSD,2998.98,2609.442,2999.99,2261.43,129202.34918806372
2017-06-12 00:00:00,X:ETHUSD,343.29,385.0,421.73,297.0,1009436.3139603708
2017-06-13 00:00:00,X:BTCUSD,2569.0,2709.01,2798.99,2431.77,66389.74776126965
2017-06-13 00:00:00,X:ETHUSD,384.99002,382.7,411.8,345.61,463516.98657901096
2017-06-14 00:00:00,X:BTCUSD,2709.02,2452.686,2827.0,2236.01,102807.22540575362
2017-06-14 00:00:00,X:ETHUSD,388.0,335.95,394.47,309.9,653558.1830654631
2017-06-15 00:00:00,X:BTCUSD,2393.3,2428.707,2525.0,1996.23,150488.0935748434
2017-06-15 00:00:00,X:ETHUSD,341.7,345.987,356.29,253.0,1289295.909402916
2017-06-16 00:00:00,X:BTCUSD,2428.71999,2480.43,2540.0,2225.98,66392.52553420691
2017-06-16 00:00:00,X:ETHUSD,345.0001,354.26,364.0,304.63,443888.311996407
2017-06-17 00:00:00,X:BTCUSD,2437.5,2630.0,2679.24,2367.47,51236.04772420806
2017-06-17 00:00:00,X:ETHUSD,354.26,368.9527,369.9,331.72,252491.19830447447
2017-06-18 00:00:00,X:BTCUSD,2634.94,2515.25,2670.158,2414.79,50328.95208551918
2017-06-18 00:00:00,X:ETHUSD,368.99,349.5,381.66,336.28,300237.9230741512
2017-06-19 00:00:00,X:BTCUSD,2516.98,2582.0,2601.0,2471.5,44801.10451635377
2017-06-19 00:00:00,X:ETHUSD,351.84,355.5,368.0,344.13,194375.20408056444
2017-06-20 00:00:00,X:BTCUSD,2598.0,2705.1,2783.0,2565.91,62222.31623789125
2017-06-20 00:00:00,X:ETHUSD,358.71,344.15,370.0,306.99981,382896.0830260239
2017-06-21 00:00:00,X:BTCUSD,2725.11,2644.96799,2789.0,2559.51,64873.74708416224
2017-06-21 00:00:00,X:ETHUSD,348.49998,324.47996,358.78,0.1,730113.228133982
2017-06-22 00:00:00,X:BTCUSD,2644.969,2684.987,2740.0,2514.94,43158.59473922815
2017-06-22 00:00:00,X:ETHUSD,324.47996,321.60075,342.96,295.11,309050.7110386815
2017-06-23 00:00:00,X:BTCUSD,2669.1,2690.76,2745.0,2646.19,29620.03538024485
2017-06-23 00:00:00,X:ETHUSD,320.02,326.99,338.65,311.11,142602.6862619861
2017-06-24 00:00:00,X:BTCUSD,2690.76,2574.84,2724.96,2417.24,47430.62947549861
2017-06-24 00:00:00,X:ETHUSD,324.52,304.5,330.7,291.53,228750.0319593169
2017-06-25 00:00:00,X:BTCUSD,2557.66,2490.126,2635.72,2360.96,47600.78114527575
2017-06-25 00:00:00,X:ETHUSD,304.5,277.00018,310.0,249.55,522335.20047593553
2017-06-26 00:00:00,X:BTCUSD,2505.61,2421.22,2563.9,2188.17,88693.2931199595
2017-06-26 00:00:00,X:ETHUSD,278.49,252.99,293.0,203.0,1196250.9116568037
2017-06-27 00:00:00,X:BTCUSD,2421.21,2565.0,2575.75,2182.32,84097.75114599879
2017-06-27 00:00:00,X:ETHUSD,251.0,279.0,288.51,204.11,959103.6316266288
2017-06-28 00:00:00,X:BTCUSD,2565.0,2553.12,2605.0,2395.42,58502.61198972764
2017-06-28 00:00:00,X:ETHUSD,279.0,315.32,324.5,253.79,832272.1538171439
2017-06-29 00:00:00,X:BTCUSD,2554.014,2472.4,2594.78,2399.09,35783.58585104767
2017-06-29 00:00:00,X:ETHUSD,315.32,285.3,323.90249,272.92,489571.36312405526
2017-06-30 00:00:00,X:BTCUSD,2464.29,2455.19,2564.58,2404.0,36683.03348713611
2017-06-30 00:00:00,X:ETHUSD,292.95,275.62,306.5,267.35,439965.5147625791
2017-07-01 00:00:00,X:BTCUSD,2455.19,2346.83,2517.11,2287.04,38016.60648525695
2017-07-01 00:00:00,X:ETHUSD,280.03,255.0,281.98,238.0,498473.8220820623
2017-07-02 00:00:00,X:BTCUSD,2393.0,2445.1,2545.0,2302.0,36043.232949807614
2017-07-02 00:00:00,X:ETHUSD,255.0,284.0,294.75448,242.81,440656.80155417166
2017-07-03 00:00:00,X:BTCUSD,2500.911,2546.73,2595.0,2416.2,44478.1972065595
2017-07-03 00:00:00,X:ETHUSD,285.0,276.37,286.51364,266.3,283691.88896887004
2017-07-04 00:00:00,X:BTCUSD,2525.7,2602.0,2647.65,2511.0,42384.2636275066
2017-07-04 00:00:00,X:ETHUSD,276.10003,266.68,284.43,260.0,284340.46573871386
2017-07-05 00:00:00,X:BTCUSD,2579.9,2602.9,2630.24,2477.9,40022.80060269785
2017-07-05 00:00:00,X:ETHUSD,266.46,266.27,277.45,249.53,368334.2005399066
2017-07-06 00:00:00,X:BTCUSD,2598.37,2593.2,2623.54,2522.0,30260.421170815087
2017-07-06 00:00:00,X:ETHUSD,266.27,265.35,278.0,258.11,199671.50804341005
2017-07-07 00:00:00,X:BTCUSD,2604.89,2501.46,2613.993,2439.19,43999.89514641933
2017-07-07 00:00:00,X:ETHUSD,265.35,238.38,267.08,233.67,416525.51934867207
2017-07-08 00:00:00,X:BTCUSD,2501.46,2550.07,2563.8,2431.26,28294.30364462617
2017-07-08 00:00:00,X:ETHUSD,241.27,245.23,249.5,219.87,339108.2602901833
2017-07-09 00:00:00,X:BTCUSD,2560.84,2477.9,2579.84,2469.12,20601.98211538014
2017-07-09 00:00:00,X:ETHUSD,246.65,238.81,253.31,233.29,169967.6339159043
2017-07-10 00:00:00,X:BTCUSD,2504.0,2318.3,2527.88,2236.6,69890.22610788334
2017-07-10 00:00:00,X:ETHUSD,235.44,202.0,240.33,185.39,863221.6198885755
2017-07-11 00:00:00,X:BTCUSD,2326.12,2302.19999,2410.0,2182.0,76507.33338923016
2017-07-11 00:00:00,X:ETHUSD,201.65,188.63,216.5,169.0,1252561.5019998238
2017-07-12 00:00:00,X:BTCUSD,2302.19999,2383.42,2416.512,2190.0,56695.23962495505
2017-07-12 00:00:00,X:ETHUSD,190.57,223.92,229.0,177.78,912398.505845238
2017-07-13 00:00:00,X:BTCUSD,2373.84499,2336.402,2425.16,2281.14,43945.08763722018
2017-07-13 00:00:00,X:ETHUSD,224.01,204.82,227.09899,189.11,589866.6760188689
2017-07-14 00:00:00,X:BTCUSD,2340.0,2206.5,2357.84,2133.77,63194.66145015088
2017-07-14 00:00:00,X:ETHUSD,205.0,197.23,207.76,179.58,617872.4458678756
2017-07-15 00:00:00,X:BTCUSD,2217.02,1976.27,2224.82,1956.202,91082.09799462296
2017-07-15 00:00:00,X:ETHUSD,197.23,170.15,199.0,167.0,599984.3759294114
2017-07-16 00:00:00,X:BTCUSD,1978.5,1911.78,2118.48,1752.0,115685.90188820576
2017-07-16 00:00:00,X:ETHUSD,170.21,155.68,172.7,130.26,1560149.5608545577
2017-07-17 00:00:00,X:BTCUSD,1925.0,2235.19,2238.07,1905.002,102763.95693313007
2017-07-17 00:00:00,X:ETHUSD,157.4,188.72,192.54,153.25,1323585.5767087038
2017-07-18 00:00:00,X:BTCUSD,2226.0,2302.8,2400.0,2111.91,109335.66138423742
2017-07-18 00:00:00,X:ETHUSD,190.16,226.56,271.39999,176.35,1974455.4031277616
2017-07-19 00:00:00,X:BTCUSD,2300.4,2253.4,2402.5,2206.35,81683.81609772843
2017-07-19 00:00:00,X:ETHUSD,227.01,194.74,246.0,185.3,1749122.1147204824
2017-07-20 00:00:00,X:BTCUSD,2258.99,2865.1,2957.0,2250.76,169005.00261934486
2017-07-20 00:00:00,X:ETHUSD,194.63,226.06,246.74,193.00011,1491086.3333654243
2017-07-21 00:00:00,X:BTCUSD,2874.4,2670.0,2890.0,2608.27,114323.82999800918
2017-07-21 00:00:00,X:ETHUSD,227.3,216.0,239.24,208.0,657224.7538599017
2017-07-22 00:00:00,X:BTCUSD,2661.05,2831.131,2917.0,2642.8,69007.33663734088
2017-07-22 00:00:00,X:ETHUSD,216.09,230.13475,237.67,214.306,392057.9905176296
2017-07-23 00:00:00,X:BTCUSD,2844.7,2750.1,2877.5,2640.0,65512.916325148464
2017-07-23 00:00:00,X:ETHUSD,232.41,228.15,236.57,218.93,296183.6944590863
2017-07-24 00:00:00,X:BTCUSD,2755.19,2755.898,2812.0,2701.0,44835.16548880078
2017-07-24 00:00:00,X:ETHUSD,228.27,225.8,232.56,223.64,217184.10835156505
2017-07-25 00:00:00,X:BTCUSD,2759.95,2556.002,2790.1,2417.0,108564.5688681202
2017-07-25 00:00:00,X:ETHUSD,225.38302,204.0,227.69,188.31,856573.4302420178
2017-07-26 00:00:00,X:BTCUSD,2564.0,2524.99,2617.013,2400.0,75961.6753317262
2017-07-26 00:00:00,X:ETHUSD,203.78,202.21011,209.89,191.76,538646.2885477778
2017-07-27 00:00:00,X:BTCUSD,2524.99,2664.99,2695.999,2508.55,61307.318255029626
2017-07-27 00:00:00,X:ETHUSD,203.23,202.94,207.0,197.29,319867.5007085608
2017-07-28 00:00:00,X:BTCUSD,2666.33,2784.8,2851.954,2655.5,82260.30076967113
2017-07-28 00:00:00,X:ETHUSD,202.55,191.72,204.42,187.58,413825.26295954623
2017-07-29 00:00:00,X:BTCUSD,2808.971,2700.21,2808.999,2631.78,53158.3356892906
2017-07-29 00:00:00,X:ETHUSD,190.99,206.76,213.0,176.85,695176.370661807
2017-07-30 00:00:00,X:BTCUSD,2681.6,2723.99,2799.0,2500.0,58697.59428375383
2017-07-30 00:00:00,X:ETHUSD,206.77,196.95,210.99998,192.21,343657.1141490799
2017-07-31 00:00:00,X:BTCUSD,2748.2,2876.133,2910.0,2680.01,58923.06672329938
2017-07-31 00:00:00,X:ETHUSD,196.95,200.81,203.0,188.12,319801.0127145109
2017-08-01 00:00:00,X:BTCUSD,2855.81,2732.59,2970.0,2560.0,79122.3063480822
2017-08-01 00:00:00,X:ETHUSD,200.82,225.97,237.65839,200.21,979531.079905122
2017-08-02 00:00:00,X:BTCUSD,2731.9,2702.0,3122.12,2610.0,49831.00464257965
2017-08-02 00:00:00,X:ETHUSD,225.98,217.92,248.27,209.3,397947.6781901408
2017-08-03 00:00:00,X:BTCUSD,2700.9,2784.15,2820.0,2688.38,39832.17686222748
2017-08-03 00:00:00,X:ETHUSD,218.48999,224.0,228.6,205.0,282957.1122348902
2017-08-04 00:00:00,X:BTCUSD,2787.05,2857.34,2888.2,2756.22,41764.531047869605
2017-08-04 00:00:00,X:ETHUSD,224.77,222.50356,228.6,217.55,242804.8992142362
2017-08-05 00:00:00,X:BTCUSD,2860.0,3252.3,3350.0,2842.03,103506.4855981798
2017-08-05 00:00:00,X:ETHUSD,220.73,253.87,259.9,217.5,693332.8675010083
2017-08-06 00:00:00,X:BTCUSD,3256.31,3232.1,3315.5,3146.1,37993.589962757935
2017-08-06 00:00:00,X:ETHUSD,253.59998,264.29,274.0,250.39,553789.6222060311
2017-08-07 00:00:00,X:BTCUSD,3232.0,3395.0,3447.887,3180.21,55888.591892958895
2017-08-07 00:00:00,X:ETHUSD,264.31,269.9,275.0,253.88,402009.0262320854
2017-08-08 00:00:00,X:BTCUSD,3389.93,3430.52,3492.0,3300.0,72333.83384830099
2017-08-08 00:00:00,X:ETHUSD,269.5,296.98,300.4,265.0,586004.7467208339
2017-08-09 00:00:00,X:BTCUSD,3420.36,3342.8,3444.9,3178.72,61344.89595342715
2017-08-09 00:00:00,X:ETHUSD,295.95,293.2,317.79,276.55,1038703.4410679447
2017-08-10 00:00:00,X:BTCUSD,3343.12,3444.98,3470.0,3305.4,42627.44462515564
2017-08-10 00:00:00,X:ETHUSD,293.23,300.51,312.97,287.6,386535.1778613669
2017-08-11 00:00:00,X:BTCUSD,3414.99,3645.06,3735.199,3380.0,60796.79363348737
2017-08-11 00:00:00,X:ETHUSD,300.51,310.0,314.1,294.0,332004.8062649885
2017-08-12 00:00:00,X:BTCUSD,3647.44,3864.95,3975.0,3584.95,78708.40623244598
2017-08-12 00:00:00,X:ETHUSD,308.82,307.22,320.0,299.0,410799.0527535605
2017-08-13 00:00:00,X:BTCUSD,3861.61,4060.47,4232.71,2640.0,100824.06603827442
2017-08-13 00:00:00,X:ETHUSD,308.35,295.2,310.9995,251.0,443446.3063180359
2017-08-14 00:00:00,X:BTCUSD,4033.8,4320.6,4423.0,3951.0,79821.92400493207
2017-08-14 00:00:00,X:ETHUSD,296.76,299.16,309.35,293.36,278325.7437292508
2017-08-15 00:00:00,X:BTCUSD,4321.0,4157.39,4484.29,3800.0,135270.82588823017
2017-08-15 00:00:00,X:ETHUSD,302.70301,286.71,302.70301,267.0,467015.42983078177
2017-08-16 00:00:00,X:BTCUSD,4155.92,4370.01,4405.0,3921.13,75037.69699767556
2017-08-16 00:00:00,X:ETHUSD,286.71,300.45,304.39,279.05,330901.333911165
2017-08-17 00:00:00,X:BTCUSD,4386.3,4263.0,4492.3,4152.0,83809.15609603452
2017-08-17 00:00:00,X:ETHUSD,301.32,300.67,320.0,295.7,314788.68397346645
2017-08-18 00:00:00,X:BTCUSD,4262.9,4090.1,4368.0,3950.0,96747.33982132624
2017-08-18 00:00:00,X:ETHUSD,300.66,292.0,307.5,284.04,367494.91598159145
2017-08-19 00:00:00,X:BTCUSD,4089.57,4145.0,4211.683,3542.93,74485.03987059335
2017-08-19 00:00:00,X:ETHUSD,293.0,292.78,300.925,265.27,279792.1522114028
2017-08-20 00:00:00,X:BTCUSD,4153.7,4063.1,4209.37,3975.1,45436.86766432508
2017-08-20 00:00:00,X:ETHUSD,292.78,298.37,299.58999,284.7,174960.61260197364
2017-08-21 00:00:00,X:BTCUSD,4058.64,3987.52,4116.969,3949.78,55407.20907498076
2017-08-21 00:00:00,X:ETHUSD,298.37,321.99785,353.0,292.71,788343.0411075572
2017-08-22 00:00:00,X:BTCUSD,3985.22,4081.9,4169.99399,3583.46,118980.97184361923
2017-08-22 00:00:00,X:ETHUSD,322.24,312.54,330.99998,285.01,555317.9103809387
2017-08-23 00:00:00,X:BTCUSD,4104.89999,4151.0,4279.99,4045.0,61237.59993170069
2017-08-23 00:00:00,X:ETHUSD,314.87538,317.5,328.0,311.06,277341.4452736794
2017-08-24 00:00:00,X:BTCUSD,4142.5,4334.682,4381.0,4082.57,49019.61186901003
2017-08-24 00:00:00,X:ETHUSD,317.5,325.62,329.56,312.4,213912.27015583767
2017-08-25 00:00:00,X:BTCUSD,4312.03,4351.5,4465.0,4250.0,54211.94217640786
2017-08-25 00:00:00,X:ETHUSD,324.56,328.5,339.661,322.21,284248.01026533043
2017-08-26 00:00:00,X:BTCUSD,4353.21,4333.38,4392.1,4232.43,31577.550756535937
2017-08-26 00:00:00,X:ETHUSD,330.14,332.99,335.5,324.31,198225.86504609
2017-08-27 00:00:00,X:BTCUSD,4342.8,4337.68,4409.999,4290.32,25726.013574687127
2017-08-27 00:00:00,X:ETHUSD,332.99,348.2,348.2,331.86432,249053.45533130207
2017-08-28 00:00:00,X:BTCUSD,4343.5,4385.1,4399.72,4169.01,46756.52527730852
2017-08-28 00:00:00,X:ETHUSD,348.2,347.54,352.0,332.74,299716.3713732276
2017-08-29 00:00:00,X:BTCUSD,4384.99,4592.2,4665.446,4325.1,66371.68713868881
2017-08-29 00:00:00,X:ETHUSD,347.54,372.48,376.59,345.0,461809.87880626495
2017-08-30 00:00:00,X:BTCUSD,4578.82,4568.0,4643.0,4477.67,41811.39524178536
2017-08-30 00:00:00,X:ETHUSD,372.48,384.1,392.0,363.9899,455904.28134995024
2017-08-31 00:00:00,X:BTCUSD,4573.15,4734.26,4769.03,4558.3,46553.76973181933
2017-08-31 00:00:00,X:ETHUSD,384.1,387.3,393.0,379.11,275781.836481341
2017-09-01 00:00:00,X:BTCUSD,4720.66,4921.7,4948.0,4660.0,67051.77304711223
2017-09-01 00:00:00,X:ETHUSD,389.2,390.35,396.88,383.6,367522.96749102673
2017-09-02 00:00:00,X:BTCUSD,4948.0,4532.3,4980.0,4385.33,101235.71181286358
2017-09-02 00:00:00,X:ETHUSD,392.87,354.87,393.76,321.59,770036.4780764848
2017-09-03 00:00:00,X:BTCUSD,4534.3,4606.26,4749.99,4331.0,63321.01617516159
2017-09-03 00:00:00,X:ETHUSD,345.0,350.63,372.0,328.33,456254.1411426173
2017-09-04 00:00:00,X:BTCUSD,4626.05,4205.0,4660.0,4034.1,116000.53575587962
2017-09-04 00:00:00,X:ETHUSD,353.06,295.81,354.304,272.08,1283204.6340968234
2017-09-05 00:00:00,X:BTCUSD,4207.5,4432.51,4543.2,3900.1,105427.63666695978
2017-09-05 00:00:00,X:ETHUSD,316.87,320.08,329.99,266.08,850090.8843723958
2017-09-06 00:00:00,X:BTCUSD,4432.51,4582.64,4699.89999,4352.4,79234.257171373
2017-09-06 00:00:00,X:ETHUSD,320.09,336.63,348.042,314.81,540831.0324461868
2017-09-07 00:00:00,X:BTCUSD,4616.18,4660.0,4730.0,4452.3,46988.34051609097
2017-09-07 00:00:00,X:ETHUSD,339.38,334.68,342.51,321.1,352919.11359078443
2017-09-08 00:00:00,X:BTCUSD,4624.18,4303.45,4705.1,4100.1,118255.7692169159
2017-09-08 00:00:00,X:ETHUSD,335.56,304.6,337.96,290.01,752227.6312184589
2017-09-09 00:00:00,X:BTCUSD,4304.1,4334.36,4449.95,4151.0,57675.91698454337
2017-09-09 00:00:00,X:ETHUSD,303.99,303.17,313.87,290.0,333939.79645420285
2017-09-10 00:00:00,X:BTCUSD,4319.91,4233.9,4386.8,3973.92,78093.90398825472
2017-09-10 00:00:00,X:ETHUSD,303.2,297.9,311.2,273.0,495383.8651549239
2017-09-11 00:00:00,X:BTCUSD,4222.24,4210.72,4397.39999,4092.4,58100.48049693892
2017-09-11 00:00:00,X:ETHUSD,297.75,298.47,311.89,285.75,394060.0117469318
2017-09-12 00:00:00,X:BTCUSD,4201.74,4149.4,4399.0,4050.0,73977.77319639445
2017-09-12 00:00:00,X:ETHUSD,297.2,293.9,317.98,283.0,573037.5959982482
2017-09-13 00:00:00,X:BTCUSD,4164.52,3855.32,4183.1,3720.01,138696.11817091377
2017-09-13 00:00:00,X:ETHUSD,294.5,275.48,294.89999,255.06,1002090.6339529088
2017-09-14 00:00:00,X:BTCUSD,3861.89,3250.4,3947.9,3204.7,226427.72939362036
2017-09-14 00:00:00,X:ETHUSD,275.71,222.5,281.01,218.31,1463597.2035789017
2017-09-15 00:00:00,X:BTCUSD,3227.79,3691.48,3894.48,2972.01,325880.6644911079
2017-09-15 00:00:00,X:ETHUSD,223.85,257.11,270.0,198.0,2018172.26701988
2017-09-16 00:00:00,X:BTCUSD,3694.29,3678.21,4042.98,3500.0,124304.50602748444
2017-09-16 00:00:00,X:ETHUSD,259.42,252.4,278.0,240.47,652930.2191504772
2017-09-17 00:00:00,X:BTCUSD,3726.51,3719.0,3841.0,3463.0,67116.87187604209
2017-09-17 00:00:00,X:ETHUSD,254.81,256.37,272.0,236.03,416145.1459301534
2017-09-18 00:00:00,X:BTCUSD,3671.61,4082.96,4135.0,3659.42,102922.4237682262
2017-09-18 00:00:00,X:ETHUSD,257.0,297.98,303.78,256.36,871856.6802028118
2017-09-19 00:00:00,X:BTCUSD,4100.0,3901.04,4125.22,3836.2,86133.50629968249
2017-09-19 00:00:00,X:ETHUSD,298.0,282.8,301.0,275.0,581499.0707871176
2017-09-20 00:00:00,X:BTCUSD,3888.8,3872.06,4059.0,3820.56,61305.85063799459
2017-09-20 00:00:00,X:ETHUSD,282.94,283.55,294.97,276.39,332089.1426213273
2017-09-21 00:00:00,X:BTCUSD,3872.07,3623.9,3916.9,3560.0,99482.49203312324
2017-09-21 00:00:00,X:ETHUSD,283.55,256.67,288.04,250.01,626590.3986038171
2017-09-22 00:00:00,X:BTCUSD,3617.47,3598.47,3767.77,3490.0,84040.52332047973
2017-09-22 00:00:00,X:ETHUSD,258.11,262.52,274.0,250.0,400974.7419762969
2017-09-23 00:00:00,X:BTCUSD,3619.01,3784.12,3830.3,3552.0,48094.45652372
2017-09-23 00:00:00,X:ETHUSD,263.88,285.52,287.2,258.26,335340.9462697071
2017-09-24 00:00:00,X:BTCUSD,3787.33,3660.86,3792.9,3615.0,36392.40163158458
2017-09-24 00:00:00,X:ETHUSD,286.03,282.05,294.89,275.41,385991.4415930281
2017-09-25 00:00:00,X:BTCUSD,3669.01,3918.0,3977.0,3638.8,71619.83321169844
2017-09-25 00:00:00,X:ETHUSD,283.21,295.45,297.93,281.69,355712.25957822846
2017-09-26 00:00:00,X:BTCUSD,3919.98,3880.53,3985.0,3838.0,42973.77975919618
2017-09-26 00:00:00,X:ETHUSD,295.46,289.28,296.77,285.2,224409.0096702015
2017-09-27 00:00:00,X:BTCUSD,3885.09,4200.0,4240.0,3870.0,84524.33377197638
2017-09-27 00:00:00,X:ETHUSD,288.77,309.85,315.51,286.93,441219.7149628142
2017-09-28 00:00:00,X:BTCUSD,4200.0,4188.45,4285.0,4117.63,61597.70854242009
2017-09-28 00:00:00,X:ETHUSD,310.07,303.28,311.25,294.52,302736.9251701237
2017-09-29 00:00:00,X:BTCUSD,4189.42,4163.28,4245.0,4015.17,67574.7479017637
2017-09-29 00:00:00,X:ETHUSD,302.33,293.31,304.28,278.0,543934.7965544628
2017-09-30 00:00:00,X:BTCUSD,4156.99,4371.55,4397.0,4143.52,50108.26377243115
2017-09-30 00:00:00,X:ETHUSD,291.88,304.08,307.76,283.0,239349.4551503551
2017-10-01 00:00:00,X:BTCUSD,4339.01,4394.81,4424.0,4216.0,45829.27118619238
2017-10-01 00:00:00,X:ETHUSD,301.57,303.25,305.95,286.16,192882.931422252
2017-10-02 00:00:00,X:BTCUSD,4394.81,4396.83,4488.01,4352.0,50672.426307634734
2017-10-02 00:00:00,X:ETHUSD,301.24,296.82,306.37,290.6,243645.4757286555
2017-10-03 00:00:00,X:BTCUSD,4392.71,4311.38,4445.57,4210.1,58410.70773753956
2017-10-03 00:00:00,X:ETHUSD,296.78,291.9,300.5,285.93,237824.9674481573
2017-10-04 00:00:00,X:BTCUSD,4307.99,4217.13,4359.2,4170.07,46518.995820586
2017-10-04 00:00:00,X:ETHUSD,292.36,292.37,297.0,287.56,181952.4853096952
2017-10-05 00:00:00,X:BTCUSD,4214.84,4314.64,4372.3,4133.0,45315.72011674215
2017-10-05 00:00:00,X:ETHUSD,292.0,294.72,298.0,285.12,173064.1646217125
2017-10-06 00:00:00,X:BTCUSD,4317.87,4363.1,4425.8,4278.4,45066.37678855843
2017-10-06 00:00:00,X:ETHUSD,294.89,308.61,309.59,292.71,245910.71031480085
2017-10-07 00:00:00,X:BTCUSD,4370.47,4425.0,4505.0,4309.0,29747.92115068224
2017-10-07 00:00:00,X:ETHUSD,307.73,312.17,315.0,301.0,230276.48838169305
2017-10-08 00:00:00,X:BTCUSD,4422.72,4597.98,4632.4,4404.5,52436.96963129129
2017-10-08 00:00:00,X:ETHUSD,311.12,308.58999,314.39,307.01,182911.4124607207
2017-10-09 00:00:00,X:BTCUSD,4603.5,4782.17,4879.8,4541.0,82900.70972766902
2017-10-09 00:00:00,X:ETHUSD,309.83,297.83,311.16,285.0,400594.4130685985
2017-10-10 00:00:00,X:BTCUSD,4782.3,4770.63,4940.0,4700.0,75251.03157529449
2017-10-10 00:00:00,X:ETHUSD,297.0,298.86,307.0,290.23,232992.40599587763
2017-10-11 00:00:00,X:BTCUSD,4750.0,4818.04,4881.4,4700.0,50983.69499591288
2017-10-11 00:00:00,X:ETHUSD,297.99,303.43,306.55,296.6,189997.30231936387
2017-10-12 00:00:00,X:BTCUSD,4822.92,5442.08,5445.0,4793.66,129314.84444116928
2017-10-12 00:00:00,X:ETHUSD,302.0,302.71,310.01,299.01,359312.7952776365
2017-10-13 00:00:00,X:BTCUSD,5444.0,5633.54,5920.0,5369.4,164936.2939229735
2017-10-13 00:00:00,X:ETHUSD,302.71,337.59,350.0,295.76,838936.3080370724
2017-10-14 00:00:00,X:BTCUSD,5634.03,5833.5,5857.4,5556.1,58629.07484942621
2017-10-14 00:00:00,X:ETHUSD,337.34,337.99,348.0,332.46,301852.7239550581
2017-10-15 00:00:00,X:BTCUSD,5819.13,5711.51,5883.63,5415.0,87190.16273580468
2017-10-15 00:00:00,X:ETHUSD,338.37,337.23,344.89,315.0,423532.3912559695
2017-10-16 00:00:00,X:BTCUSD,5683.92,5745.72,5810.0,5548.0,53688.35097039386
2017-10-16 00:00:00,X:ETHUSD,336.89,334.46,355.0,330.6,490870.9204463158
2017-10-17 00:00:00,X:BTCUSD,5764.7,5601.27,5779.0,5489.02,55146.08096075099
2017-10-17 00:00:00,X:ETHUSD,334.33,316.41,335.1,308.0,363887.41640823806
2017-10-18 00:00:00,X:BTCUSD,5591.97,5569.79,5630.0,5101.36,114044.2745603796
2017-10-18 00:00:00,X:ETHUSD,316.32,313.45,317.52999,287.08,520417.12566571234
2017-10-19 00:00:00,X:BTCUSD,5564.72,5695.38,5750.0,5496.16,61735.76607533376
2017-10-19 00:00:00,X:ETHUSD,313.59,306.85,317.83,304.0,256575.80600905028
2017-10-20 00:00:00,X:BTCUSD,5704.0,5977.29,6088.4,5589.8,99740.44533740984
2017-10-20 00:00:00,X:ETHUSD,306.81,302.11,313.69,300.0,261820.65208544716
2017-10-21 00:00:00,X:BTCUSD,5977.26,6013.83,6199.9,5862.8,89617.50835138973
2017-10-21 00:00:00,X:ETHUSD,303.16,299.23,303.98,289.31,286678.9878852494
2017-10-22 00:00:00,X:BTCUSD,6024.85,5978.65,6090.8,5700.0,78394.64614077828
2017-10-22 00:00:00,X:ETHUSD,300.0,293.44,307.0,289.4,210550.0696966141
2017-10-23 00:00:00,X:BTCUSD,5982.4,5905.99,6057.02,5535.77,105807.32995389689
2017-10-23 00:00:00,X:ETHUSD,295.14,284.92,295.15,271.54,386355.4920972508
2017-10-24 00:00:00,X:BTCUSD,5899.52,5503.47,5910.0,5453.01,108026.45309204428
2017-10-24 00:00:00,X:ETHUSD,284.86,295.5,318.6,277.06,480258.03234231775
2017-10-25 00:00:00,X:BTCUSD,5545.5,5720.26,5777.7,5356.95,78144.70956328958
2017-10-25 00:00:00,X:ETHUSD,297.0,296.76,303.11,288.05,215133.36597371183
2017-10-26 00:00:00,X:BTCUSD,5761.0,5881.4,6000.0,5667.5,71755.29430321237
2017-10-26 00:00:00,X:ETHUSD,296.76,295.18,301.51,290.55,145007.1937896754
2017-10-27 00:00:00,X:BTCUSD,5888.07,5759.7,6020.0,5674.06,65818.38623999163
2017-10-27 00:00:00,X:ETHUSD,295.02,296.23,299.77999,291.52,144691.3260118803
2017-10-28 00:00:00,X:BTCUSD,5749.96,5711.95,5894.0,5632.0,41548.46237873459
2017-10-28 00:00:00,X:ETHUSD,297.48,292.74,297.9,288.6,129387.45685769003
2017-10-29 00:00:00,X:BTCUSD,5713.0,6150.0,6345.0,5660.0,142963.17410494338
2017-10-29 00:00:00,X:ETHUSD,292.74,304.45,312.49,290.5,315719.09212326666
2017-10-30 00:00:00,X:BTCUSD,6150.0,6130.0,6239.0,6006.2,58135.56129218229
2017-10-30 00:00:00,X:ETHUSD,304.34,306.48,314.4,302.26,172765.49941955568
2017-10-31 00:00:00,X:BTCUSD,6124.5,6434.21,6481.5,6072.81,77984.25185062802
2017-10-31 00:00:00,X:ETHUSD,306.87,303.69,312.0,301.28,188113.25986127084
2017-11-01 00:00:00,X:BTCUSD,6434.24,6741.9,6784.0,6340.01,102608.40940322024
2017-11-01 00:00:00,X:ETHUSD,303.51,288.6,306.25,287.0,336323.99046976725
2017-11-02 00:00:00,X:BTCUSD,6745.04,7039.98,7445.0,6700.0,175213.8482604816
2017-11-02 00:00:00,X:ETHUSD,289.01,283.75,296.0,275.0,561551.3623877969
2017-11-03 00:00:00,X:BTCUSD,7026.77,7132.0,7500.0,6894.1,116106.98457314276
2017-11-03 00:00:00,X:ETHUSD,284.79,303.47,309.42,282.24,416323.1903607296
2017-11-04 00:00:00,X:BTCUSD,7145.24,7369.9,7569.9,6929.59,81031.86024051116
2017-11-04 00:00:00,X:ETHUSD,303.64,301.66,306.9,292.0,242764.20282423383
2017-11-05 00:00:00,X:BTCUSD,7412.35,7366.7,7630.0,7272.0,81821.29195411813
2017-11-05 00:00:00,X:ETHUSD,299.23,295.63,302.0,292.28,190141.7032453932
2017-11-06 00:00:00,X:BTCUSD,7373.3,6956.5,7449.0,6900.73,120040.90120707464
2017-11-06 00:00:00,X:ETHUSD,295.38,296.9,310.0,291.3,312698.52273601416
2017-11-07 00:00:00,X:BTCUSD,6955.94,7102.0,7273.1,6942.0,73361.71413266669
2017-11-07 00:00:00,X:ETHUSD,296.67,292.79,306.23,284.01,459490.9880111136
2017-11-08 00:00:00,X:BTCUSD,7131.38,7357.0,7899.9,6960.0,175009.6491530445
2017-11-08 00:00:00,X:ETHUSD,292.42,304.92,321.99,290.05,667550.9988108549
2017-11-09 00:00:00,X:BTCUSD,7465.06,7126.4,7490.0,7000.0,95124.13656614337
2017-11-09 00:00:00,X:ETHUSD,307.52,319.63,331.7,303.91,530088.0790866723
2017-11-10 00:00:00,X:BTCUSD,7150.61,6577.62,7400.0,6321.35,167793.3283369341
2017-11-10 00:00:00,X:ETHUSD,319.5,298.0,325.61,286.0,630775.0517334666
2017-11-11 00:00:00,X:BTCUSD,6588.18,6302.7,6894.99,6159.07,132370.92644376025
2017-11-11 00:00:00,X:ETHUSD,296.12,315.69,323.0,294.7,495672.3732251824
2017-11-12 00:00:00,X:BTCUSD,6308.62,5886.35,6533.09,5400.2,292999.64953544195
2017-11-12 00:00:00,X:ETHUSD,313.1,307.1,319.74,290.0,826450.3690448669
2017-11-13 00:00:00,X:BTCUSD,5870.03,6525.17,6870.0,5779.89,191587.6357136585
2017-11-13 00:00:00,X:ETHUSD,306.32,313.47,322.03,302.27,536578.827095139
2017-11-14 00:00:00,X:BTCUSD,6524.69,6605.0,6779.2,6301.0,94545.99048553118
2017-11-14 00:00:00,X:ETHUSD,315.56,335.04,340.99,312.49,769524.599301366
2017-11-15 00:00:00,X:BTCUSD,6590.0,7294.0,7350.0,6571.9,132684.2855930291
2017-11-15 00:00:00,X:ETHUSD,335.04,331.81,340.84,321.5,429705.6906011969
2017-11-16 00:00:00,X:BTCUSD,7294.0,7750.7,8020.0,7049.97,151772.2859531922
2017-11-16 00:00:00,X:ETHUSD,331.81,330.75,335.16,315.58999,427502.87225770974
2017-11-17 00:00:00,X:BTCUSD,7846.96,7675.9,8040.0,7503.14,131946.38415844092
2017-11-17 00:00:00,X:ETHUSD,330.19,330.91,335.22,323.5,350080.9704703867
2017-11-18 00:00:00,X:BTCUSD,7675.0,7777.01,7867.8,7412.0,74003.54112368096
2017-11-18 00:00:00,X:ETHUSD,331.09,345.1,350.4,325.32,404377.22679690766
2017-11-19 00:00:00,X:BTCUSD,7773.2,8052.7,8130.0,7650.0,71924.18704174868
2017-11-19 00:00:00,X:ETHUSD,346.6,354.97,374.7,340.1,640931.0592253875
2017-11-20 00:00:00,X:BTCUSD,8016.58,8256.01,8315.0,7900.0,71818.86871067039
2017-11-20 00:00:00,X:ETHUSD,351.39,367.39,373.75,350.0,405163.24675778905
2017-11-21 00:00:00,X:BTCUSD,8249.0,8109.0,8380.0,7755.6,129102.4158437656
2017-11-21 00:00:00,X:ETHUSD,368.25,359.87,374.02,345.5,618666.5941549888
2017-11-22 00:00:00,X:BTCUSD,8095.19,8250.0,8320.0,8025.4,60222.07798202369
2017-11-22 00:00:00,X:ETHUSD,361.51,381.73,383.94,358.33,404354.72226989095
2017-11-23 00:00:00,X:BTCUSD,8214.69,7977.1,8290.0,7970.0,63340.48834309275
2017-11-23 00:00:00,X:ETHUSD,381.78,405.19,428.6,370.11,1034112.2990710404
2017-11-24 00:00:00,X:BTCUSD,7988.96,8204.42,8352.1,7850.0,79583.60590461854
2017-11-24 00:00:00,X:ETHUSD,405.19,470.62,479.89,395.0,1098811.2244905697
2017-11-25 00:00:00,X:BTCUSD,8191.4,8717.99,8795.5,8100.0,82740.84499575177
2017-11-25 00:00:00,X:ETHUSD,469.9,466.77,488.0,451.0,645020.7510838726
2017-11-26 00:00:00,X:BTCUSD,8753.6,9174.29999,9596.0,8538.2,118767.8963461724
2017-11-26 00:00:00,X:ETHUSD,466.77,469.6,477.65,438.09,484588.9361935559
2017-11-27 00:00:00,X:BTCUSD,9318.44,9768.71,9795.0,9155.6,115241.36985042384
2017-11-27 00:00:00,X:ETHUSD,470.19,477.53,493.75,456.24,688807.9153160643
2017-11-28 00:00:00,X:BTCUSD,9768.71,9906.09,9999.0,9411.0,86853.17393581998
2017-11-28 00:00:00,X:ETHUSD,473.46,466.01,483.0,455.56,514018.0598496572
2017-11-29 00:00:00,X:BTCUSD,9895.2,9766.0,11485.0,8595.55,305249.64242802805
2017-11-29 00:00:00,X:ETHUSD,468.52,420.34,519.23,400.2,1546228.701739838
2017-11-30 00:00:00,X:BTCUSD,9766.1,9907.1,10850.0,8801.0,210883.6463623705
2017-11-30 00:00:00,X:ETHUSD,421.49,434.0,470.0,385.2,1002579.4140784563
2017-12-01 00:00:00,X:BTCUSD,9907.0,10869.84,10961.2,9370.1,145433.5550395856
2017-12-01 00:00:00,X:ETHUSD,432.01,460.67,470.0,411.0,545250.1207966383
2017-12-02 00:00:00,X:BTCUSD,10860.0,10930.24,11200.0,10621.0,87503.66133123971
2017-12-02 00:00:00,X:ETHUSD,463.82,455.93,474.96,446.31,419620.0909704458
2017-12-03 00:00:00,X:BTCUSD,10875.68,11290.0,11891.0,10161.0,149160.8267126482
2017-12-03 00:00:00,X:ETHUSD,460.35,465.0,483.61,431.0,504604.8782438145
2017-12-04 00:00:00,X:BTCUSD,11290.0,11643.98,11663.9,10718.0,106173.81509991911
2017-12-04 00:00:00,X:ETHUSD,465.0,465.0,473.9,439.27,424037.5455423665
2017-12-05 00:00:00,X:BTCUSD,11613.07,11592.0,11961.0,11384.25,87650.10768276134
2017-12-05 00:00:00,X:ETHUSD,468.22,456.0,471.9,444.17,466981.72192215873
2017-12-06 00:00:00,X:BTCUSD,11591.0,13623.5,14425.0,11590.0,167172.03921482072
2017-12-06 00:00:00,X:ETHUSD,457.29,413.71,463.43,403.0,873408.2815503175
2017-12-07 00:00:00,X:BTCUSD,13510.0,16625.89,19697.0,13085.9,266257.73762378533
2017-12-07 00:00:00,X:ETHUSD,432.48,415.02,448.89,390.0,773840.9428929574
2017-12-08 00:00:00,X:BTCUSD,16608.0,15800.0,17777.69,13482.42,231274.5398551984
2017-12-08 00:00:00,X:ETHUSD,432.82,442.56,479.1,391.0,856279.4896610174
2017-12-09 00:00:00,X:BTCUSD,15843.0,14607.49,16499.0,12701.05,147363.54597081212
2017-12-09 00:00:00,X:ETHUSD,463.45,460.92,535.1,430.2,995437.5171681496
2017-12-10 00:00:00,X:BTCUSD,14679.0,14850.3,16300.0,12505.0,194195.70531941895
2017-12-10 00:00:00,X:ETHUSD,460.92,428.48,486.13,401.33,556377.5331619013
2017-12-11 00:00:00,X:BTCUSD,14901.0,16885.76,17493.0,14677.19,147093.51676486057
2017-12-11 00:00:00,X:ETHUSD,447.51,511.24,545.0,421.17,701478.7424545166
2017-12-12 00:00:00,X:BTCUSD,16470.0,17730.12,18149.99,15967.29,113657.86298817286
2017-12-12 00:00:00,X:ETHUSD,515.24,620.59,714.0,471.46,1817824.8809476336
2017-12-13 00:00:00,X:BTCUSD,16972.0,16689.61,17900.0,15199.97,120826.59882600135
2017-12-13 00:00:00,X:ETHUSD,633.98,711.94,784.77,570.54,1750773.0534885742
2017-12-14 00:00:00,X:BTCUSD,16171.0,16749.78,17199.6,15526.0,82845.02708722776
2017-12-14 00:00:00,X:ETHUSD,690.69,705.01,780.0,647.5,1072967.9829214115
2017-12-15 00:00:00,X:BTCUSD,16749.79,17471.5,18111.0,16189.45,118849.606379728
2017-12-15 00:00:00,X:ETHUSD,705.01,693.5,706.0,601.13,782681.3818350862
2017-12-16 00:00:00,X:BTCUSD,17569.0,19650.01,19797.0,17050.0,89697.11737567779
2017-12-16 00:00:00,X:ETHUSD,674.57,703.59,735.0,660.0,466475.8419764321
2017-12-17 00:00:00,X:BTCUSD,19210.0,18970.0,19891.99,18250.0,90664.36592498091
2017-12-17 00:00:00,X:ETHUSD,683.25,706.76,746.93,677.81,449724.3092655828
2017-12-18 00:00:00,X:BTCUSD,18961.0,19039.01,19385.0,17835.2,103002.11326931303
2017-12-18 00:00:00,X:ETHUSD,708.79,785.65,800.39,660.0,865840.6722892142
2017-12-19 00:00:00,X:BTCUSD,18928.0,17838.73,19160.79,16400.0,132149.4288476121
2017-12-19 00:00:00,X:ETHUSD,783.99,796.24,875.0,750.01,1133121.1199358725
2017-12-20 00:00:00,X:BTCUSD,17700.0,16089.74,17950.0,14001.0,178317.86831981986
2017-12-20 00:00:00,X:ETHUSD,799.99,780.05,833.67,701.0,938282.5315817846
2017-12-21 00:00:00,X:BTCUSD,16466.98,15600.01,17364.57,14315.0,126122.09269355792
2017-12-21 00:00:00,X:ETHUSD,794.99,786.99,848.08,740.0,732001.115866508
2017-12-22 00:00:00,X:BTCUSD,15645.0,14210.57,15974.95,10400.0,363369.6887145832
2017-12-22 00:00:00,X:ETHUSD,786.97,679.08,799.95,460.0,1938915.048837729
2017-12-23 00:00:00,X:BTCUSD,13173.0,15075.89,16261.0,12521.0,122158.98922691
2017-12-23 00:00:00,X:ETHUSD,626.67,668.73,774.99,616.19,526669.7758705366
2017-12-24 00:00:00,X:BTCUSD,14036.0,13488.52,15109.27,11600.0,125537.31721546668
2017-12-24 00:00:00,X:ETHUSD,732.76,659.9,734.86,560.0,573271.9850404216
2017-12-25 00:00:00,X:BTCUSD,13502.0,14171.98,14774.0,12675.0,79848.45723980556
2017-12-25 00:00:00,X:ETHUSD,659.89,713.38,759.88,651.76,428332.8665614384
2017-12-26 00:00:00,X:BTCUSD,13634.0,15677.0,16249.0,13531.0,109046.44595457584
2017-12-26 00:00:00,X:ETHUSD,740.5,755.07,771.0,708.83,305885.0846752703
2017-12-27 00:00:00,X:BTCUSD,15680.0,15445.9,16555.2,14416.56,103645.782874351
2017-12-27 00:00:00,X:ETHUSD,750.0,739.99,770.0,703.27,383227.58446179616
2017-12-28 00:00:00,X:BTCUSD,15390.05,14470.07,15550.0,13145.0,130282.75314364277
2017-12-28 00:00:00,X:ETHUSD,738.52,711.42,742.99,652.0,520596.8566273666
2017-12-29 00:00:00,X:BTCUSD,14323.0,14565.05,15198.5,13826.0,87607.18185100035
2017-12-29 00:00:00,X:ETHUSD,711.42,748.89,758.87,703.02,439102.5424588932
2017-12-30 00:00:00,X:BTCUSD,14307.0,12839.99,14639.79,11651.0,137382.7423153718
2017-12-30 00:00:00,X:ETHUSD,731.52,698.46,748.9,640.43,510658.6642117254
2017-12-31 00:00:00,X:BTCUSD,12384.0,13990.0,14299.0,12166.0,80243.47072078747
2017-12-31 00:00:00,X:ETHUSD,682.68,736.77,759.08,675.2,294979.05745503417
2018-01-01 00:00:00,X:BTCUSD,13769.0,13376.0,14442.9,12767.35,56366.90189155268
2018-01-01 00:00:00,X:ETHUSD,737.95,751.74,772.98,717.94,269595.45317404653
2018-01-02 00:00:00,X:BTCUSD,13506.1,14781.51,15500.0,12795.0,107508.54086715456
2018-01-02 00:00:00,X:ETHUSD,752.88,858.84,890.0,751.74,960097.3737449634
2018-01-03 00:00:00,X:BTCUSD,14717.0,15155.62,15599.7,14469.27,75978.84147511669
2018-01-03 00:00:00,X:ETHUSD,858.6,938.0,954.73,840.0,723734.7436405313
2018-01-04 00:00:00,X:BTCUSD,15150.0,15266.6,15500.1,14060.0,90235.71819609316
2018-01-04 00:00:00,X:ETHUSD,942.01,939.3,999.91,893.24,799057.84287326
2018-01-05 00:00:00,X:BTCUSD,15159.0,16960.01,17200.0,14725.0,102435.1004797668
2018-01-05 00:00:00,X:ETHUSD,940.65,969.27,1023.6,900.0,686352.0411299844
2018-01-06 00:00:00,X:BTCUSD,16927.99,17098.99,17252.0,16167.5,59452.48485074375
2018-01-06 00:00:00,X:ETHUSD,962.74,1006.68,1014.2,950.0,313226.48314210225
2018-01-07 00:00:00,X:BTCUSD,17169.0,16174.22,17208.84,15623.52,58304.160104954666
2018-01-07 00:00:00,X:ETHUSD,1004.3,1115.8,1118.72,997.87,467361.8580826914
2018-01-08 00:00:00,X:BTCUSD,16174.22,14999.99,16329.0,13500.0,114156.775271796
2018-01-08 00:00:00,X:ETHUSD,1115.69,1137.01,1230.0,950.0,1000295.32711981
2018-01-09 00:00:00,X:BTCUSD,14906.0,14480.99,15440.7,14122.0,80577.03236500279
2018-01-09 00:00:00,X:ETHUSD,1137.01,1283.8,1301.0,1115.0,741275.4254888179
2018-01-10 00:00:00,X:BTCUSD,14426.0,14875.18,14979.0,13300.0,107541.06008036944
2018-01-10 00:00:00,X:ETHUSD,1283.8,1246.94,1386.99,1187.96,928664.3381241672
2018-01-11 00:00:00,X:BTCUSD,14900.0,13253.0,15055.0,12639.0,127468.53990730096
2018-01-11 00:00:00,X:ETHUSD,1246.95,1137.52,1335.0,1083.97,902743.996208144
2018-01-12 00:00:00,X:BTCUSD,13254.0,13794.0,14152.19,12688.43,70273.73208383992
2018-01-12 00:00:00,X:ETHUSD,1137.51,1260.0,1288.34,1068.26,484418.814779044
2018-01-13 00:00:00,X:BTCUSD,13820.0,14197.78,17200.0,13266.3,52630.21026829163
2018-01-13 00:00:00,X:ETHUSD,1254.79,1386.02,1594.89,1200.09999,480827.44662146736
2018-01-14 00:00:00,X:BTCUSD,14191.0,13558.0,14500.0,12874.34212454,60690.22371527941
2018-01-14 00:00:00,X:ETHUSD,1386.01,1347.64,1404.95,1221.0,412399.2625747452
2018-01-15 00:00:00,X:BTCUSD,13647.99,13590.0,14438.9,13207.0,62222.95673765343
2018-01-15 00:00:00,X:ETHUSD,1349.7,1277.12,1386.0,1264.0,346083.87582437193
2018-01-16 00:00:00,X:BTCUSD,13608.0,11386.34,13643.66,9920.02,250104.18686039103
2018-01-16 00:00:00,X:ETHUSD,1276.26,1057.88,1285.57,852.0,1597352.5853544378
2018-01-17 00:00:00,X:BTCUSD,11065.0,11087.14,12358.89,9005.0,256869.4184690264
2018-01-17 00:00:00,X:ETHUSD,1019.6,1028.06,1165.0,755.0,1868349.325738836
2018-01-18 00:00:00,X:BTCUSD,11113.0,11030.0,12262.3,10508.45,151797.88633267523
2018-01-18 00:00:00,X:ETHUSD,1020.9,989.83,1115.0,915.2,898759.9845517831
2018-01-19 00:00:00,X:BTCUSD,11031.0,11598.1,12050.39,10602.45,89756.4003069055
2018-01-19 00:00:00,X:ETHUSD,993.92,1037.45,1105.0,960.0,446561.99511878967
2018-01-20 00:00:00,X:BTCUSD,11476.0,12717.98,13079.6,11407.0,85772.29934247844
2018-01-20 00:00:00,X:ETHUSD,1032.6,1146.3,1171.0,1026.68,405316.2525431497
2018-01-21 00:00:00,X:BTCUSD,12731.0,11518.17,12845.8,10983.43,92613.18616356036
2018-01-21 00:00:00,X:ETHUSD,1146.5,1047.13,1158.0,925.11,443036.9733488816
2018-01-22 00:00:00,X:BTCUSD,11558.87,10766.7,11968.5,10000.0,119070.63314773388
2018-01-22 00:00:00,X:ETHUSD,1047.13,1000.5,1092.0,912.46,570682.6181323151
2018-01-23 00:00:00,X:BTCUSD,10779.0,10821.04,11456.0,9900.0,114914.5574520264
2018-01-23 00:00:00,X:ETHUSD,997.44,984.03,1025.0,905.0,566608.0104756436
2018-01-24 00:00:00,X:BTCUSD,10821.02,11384.61,11557.88958366,10430.0,81326.51826749362
2018-01-24 00:00:00,X:ETHUSD,983.0,1056.99,1070.6,952.0,429247.8198361296
2018-01-25 00:00:00,X:BTCUSD,11394.4117432,11147.0,11760.1,10845.0,69129.62122961364
2018-01-25 00:00:00,X:ETHUSD,1061.7,1040.0,1107.67,1000.01,458719.16673696885
2018-01-26 00:00:00,X:BTCUSD,11118.0,11070.0,11700.0,10254.19,105001.29181868404
2018-01-26 00:00:00,X:ETHUSD,1048.2,1045.99,1079.95,980.57,407194.7489045986
2018-01-27 00:00:00,X:BTCUSD,11086.88,11491.39,11689.0,10800.0,68310.54101582037
2018-01-27 00:00:00,X:ETHUSD,1045.58,1113.9,1126.01,1028.02,304844.2927358874
2018-01-28 00:00:00,X:BTCUSD,11380.2,11536.0,12190.0,11100.0,65092.89612767116
2018-01-28 00:00:00,X:ETHUSD,1113.9,1247.54,1267.92,1087.94,470724.07167970325
2018-01-29 00:00:00,X:BTCUSD,11835.0,11162.62,11975.0,10840.0,57022.04226450551
2018-01-29 00:00:00,X:ETHUSD,1245.5,1162.27,1260.0,1122.01,363015.6606049723
2018-01-30 00:00:00,X:BTCUSD,11217.81768538,9971.0,11266.43,9711.11,127284.56972025064
2018-01-30 00:00:00,X:ETHUSD,1165.85999,1076.65,1183.0,1018.54,638531.016714018
2018-01-31 00:00:00,X:BTCUSD,9971.0,10149.0,10414.0,9513.1,90257.31720620923
2018-01-31 00:00:00,X:ETHUSD,1054.39,1105.01,1129.7,1010.77,408417.8812209315
2018-02-01 00:00:00,X:BTCUSD,10267.0,9014.23,10336.0,8400.0,165203.05478675346
2018-02-01 00:00:00,X:ETHUSD,1120.1,1039.99,1179.4,930.0,842577.7965570764
2018-02-02 00:00:00,X:BTCUSD,9181.0,8787.52,9282.57,7540.0,248157.75761339263
2018-02-02 00:00:00,X:ETHUSD,1017.48,928.3,1042.33,726.43,1512811.3447693042
2018-02-03 00:00:00,X:BTCUSD,8961.31,9167.9,9499.99,8022.9,106715.6408223725
2018-02-03 00:00:00,X:ETHUSD,923.13,972.1,1008.18,831.71,505595.3625877635
2018-02-04 00:00:00,X:BTCUSD,9178.0,8167.91,9427.55,7751.2,133276.71887568117
2018-02-04 00:00:00,X:ETHUSD,969.4,826.0,975.0,771.0,672835.186042149
2018-02-05 00:00:00,X:BTCUSD,8190.78,6905.19,8475.74,6425.75,267710.66879823705
2018-02-05 00:00:00,X:ETHUSD,825.3,693.54,867.19,614.02,1487227.1120827345
2018-02-06 00:00:00,X:BTCUSD,7051.9,7840.03,8150.0,5850.0,395095.2280552235
2018-02-06 00:00:00,X:ETHUSD,711.06,783.83,813.37,555.56,1980120.9676065892
2018-02-07 00:00:00,X:BTCUSD,7677.2,7559.0,8650.0,7125.1,214373.8775391921
2018-02-07 00:00:00,X:ETHUSD,781.98,759.11,866.05,713.08,977221.3992429444
2018-02-08 00:00:00,X:BTCUSD,7585.0,8239.7,8685.63,7543.0,150926.1072314275
2018-02-08 00:00:00,X:ETHUSD,759.14,829.45,848.94,747.0,544685.0823481602
2018-02-09 00:00:00,X:BTCUSD,8239.7,8693.98,8783.28,7724.9,128060.14775370124
2018-02-09 00:00:00,X:ETHUSD,813.41,882.73,887.0,780.0,476445.2623184669
2018-02-10 00:00:00,X:BTCUSD,8679.1,8563.0,9090.8,8139.4,125959.9838646452
2018-02-10 00:00:00,X:ETHUSD,875.99,851.03,913.3,808.8,436685.23436292046
2018-02-11 00:00:00,X:BTCUSD,8563.0,8069.3,8570.0,7820.0,97198.11538785986
2018-02-11 00:00:00,X:ETHUSD,852.94,810.86,858.09,775.99,325923.75426523003
2018-02-12 00:00:00,X:BTCUSD,8070.7,8899.0,9015.59,8059.9,100360.34550875862
2018-02-12 00:00:00,X:ETHUSD,810.46,869.19,877.95,808.52,291751.5908863051
2018-02-13 00:00:00,X:BTCUSD,8872.27,8514.0,8983.65,8313.52192073,77558.41547432684
2018-02-13 00:00:00,X:ETHUSD,869.24,839.52,871.5,819.31,267478.2543894045
2018-02-14 00:00:00,X:BTCUSD,8511.6,9472.98,9520.6,8504.57,106337.58845889554
2018-02-14 00:00:00,X:ETHUSD,839.83,920.26,926.72,837.97,470523.1426661958
2018-02-15 00:00:00,X:BTCUSD,9473.16,10037.0,10249.81,9330.1,136674.29102065248
2018-02-15 00:00:00,X:ETHUSD,920.24,927.91,951.25,903.04,437392.6904509244
2018-02-16 00:00:00,X:BTCUSD,10044.4,10196.0,10358.89,9670.0,85739.34802482436
2018-02-16 00:00:00,X:ETHUSD,929.3,940.98,953.05,906.66,269727.6785041447
2018-02-17 00:00:00,X:BTCUSD,10167.49,11100.0,11149.0,10049.0,100867.36411168565
2018-02-17 00:00:00,X:ETHUSD,940.98,974.99,980.0,933.11,250437.4418770847
2018-02-18 00:00:00,X:BTCUSD,11100.0,10380.04,11348.99,10122.0,125315.56910713331
2018-02-18 00:00:00,X:ETHUSD,975.99,913.11,990.95,901.0,357292.03219314746
2018-02-19 00:00:00,X:BTCUSD,10400.0,11256.64,11300.0,10297.39,89044.20181434872
2018-02-19 00:00:00,X:ETHUSD,913.13,948.22,960.88,906.0,211221.288091948
2018-02-20 00:00:00,X:BTCUSD,11172.0,11233.41,12172.43,11000.0,119852.94490208532
2018-02-20 00:00:00,X:ETHUSD,948.31,883.91,976.01,874.0,336012.128725928
2018-02-21 00:00:00,X:BTCUSD,11233.42,10451.0,11774.39,10200.0,147603.3258799571
2018-02-21 00:00:00,X:ETHUSD,883.92,840.34,940.18,815.29,456768.2324012566
2018-02-22 00:00:00,X:BTCUSD,10450.0,9843.34,11299.37,9712.0,139751.47370717817
2018-02-22 00:00:00,X:ETHUSD,882.03,824.24,900.97,780.0,378952.5744880095
2018-02-23 00:00:00,X:BTCUSD,9826.4,10144.99,10760.01,9550.9,112789.70506775864
2018-02-23 00:00:00,X:ETHUSD,806.0,881.95,913.5,785.0,352146.1206198387
2018-02-24 00:00:00,X:BTCUSD,10144.99,9688.62,10770.23,9350.3,104591.07656392004
2018-02-24 00:00:00,X:ETHUSD,852.56,861.03,897.88,807.41,267852.6046263897
2018-02-25 00:00:00,X:BTCUSD,9688.0,9590.04,10070.81,9260.0,66627.12687958962
2018-02-25 00:00:00,X:ETHUSD,831.52,859.8,871.36,816.01,178630.96997882146
2018-02-26 00:00:00,X:BTCUSD,9595.99,10320.0,10567.59,9359.9,95882.79365954544
2018-02-26 00:00:00,X:ETHUSD,840.0,872.07,892.51,830.33,257430.29464810624
2018-02-27 00:00:00,X:BTCUSD,10329.99,10745.1,10957.89,10123.7,80738.41205029735
2018-02-27 00:00:00,X:ETHUSD,867.76,871.07,900.18,860.5,196679.4054479082
2018-02-28 00:00:00,X:BTCUSD,10580.0,10310.0,11147.99,10255.07,87896.60515431172
2018-02-28 00:00:00,X:ETHUSD,871.2,871.17,897.29,847.59,198775.34684077208
2018-03-01 00:00:00,X:BTCUSD,10314.0,10908.0,11182.13,10130.0,71554.92880942802
2018-03-01 00:00:00,X:ETHUSD,870.72,868.74,891.7,843.11,182692.16019227903
2018-03-02 00:00:00,X:BTCUSD,10920.0,11029.99,11355.73,10762.0,61490.56350080487
2018-03-02 00:00:00,X:ETHUSD,880.93,854.31,889.35,845.0,131093.9879892538
2018-03-03 00:00:00,X:BTCUSD,11236.73,11454.95955159,11697.35,11000.0,61063.6223031129
2018-03-03 00:00:00,X:ETHUSD,854.3,867.46,880.24,849.0,97705.9214579662
2018-03-04 00:00:00,X:BTCUSD,11445.0,11500.0,11659.83,11041.0,52220.8679665152
2018-03-04 00:00:00,X:ETHUSD,867.87,874.66,878.56,834.46,103991.8538328204
2018-03-05 00:00:00,X:BTCUSD,11500.0,11377.54,11934.08,11339.0,58347.622733957774
2018-03-05 00:00:00,X:ETHUSD,866.07,865.27,878.79,847.62,129535.9892923778
2018-03-06 00:00:00,X:BTCUSD,11401.40290796,10731.5,11700.44,10550.1,93341.84625264064
2018-03-06 00:00:00,X:ETHUSD,848.13,832.34,873.0,800.89,206216.76506926047
2018-03-07 00:00:00,X:BTCUSD,10719.0,9925.0,11152.33,9388.1,153997.11975818555
2018-03-07 00:00:00,X:ETHUSD,815.44,751.38,843.08,723.13,404926.1205272545
2018-03-08 00:00:00,X:BTCUSD,9904.52,9304.89,10475.24,9000.0,130184.31161153618
2018-03-08 00:00:00,X:ETHUSD,781.05,722.26,792.89,686.0,340304.9194786483
2018-03-09 00:00:00,X:BTCUSD,9300.0,9230.0,9762.32,8342.0,195406.8458537223
2018-03-09 00:00:00,X:ETHUSD,698.81,728.46,760.24,637.63,522664.8642485165
2018-03-10 00:00:00,X:BTCUSD,9228.83,8769.9,9778.98,8653.0,98731.10430748665
2018-03-10 00:00:00,X:ETHUSD,726.22,699.14,772.88,650.01,254228.21846973244
2018-03-11 00:00:00,X:BTCUSD,8772.5,9535.04,9800.0,8428.0,128615.31888132729
2018-03-11 00:00:00,X:ETHUSD,699.21,730.61,742.46,655.53,268996.9369988898
2018-03-12 00:00:00,X:BTCUSD,9533.88,9130.2,9999.99,8742.07,126624.98383943106
2018-03-12 00:00:00,X:ETHUSD,730.61,696.52,749.52,676.0,261265.72229174263
2018-03-13 00:00:00,X:BTCUSD,9120.0,9356.27,9559.36,8812.5,111433.90732171402
2018-03-13 00:00:00,X:ETHUSD,713.05,685.64,721.39,676.5,249855.97976105404
2018-03-14 00:00:00,X:BTCUSD,9357.33,8181.1,9515.08,7900.0,150639.36968914457
2018-03-14 00:00:00,X:ETHUSD,704.89,614.63,718.3,582.7,478341.3427901861
2018-03-15 00:00:00,X:BTCUSD,8181.0,8259.99,8751.75,7621.4,153321.95256544912
2018-03-15 00:00:00,X:ETHUSD,640.42,609.0,651.24,568.29,503129.6301709653
2018-03-16 00:00:00,X:BTCUSD,8260.0,8251.0,8848.95,7859.4,107639.72350835502
2018-03-16 00:00:00,X:ETHUSD,621.32,600.51,642.94,581.21,313403.0858028967
2018-03-17 00:00:00,X:BTCUSD,8258.54,7843.4,8600.0,7700.0,92738.45752340111
2018-03-17 00:00:00,X:ETHUSD,600.52,548.82,628.75,540.21,348857.1447136878
2018-03-18 00:00:00,X:BTCUSD,7860.83,8200.2,8600.0,7240.0,164642.0512546994
2018-03-18 00:00:00,X:ETHUSD,569.92,559.36,587.74,450.0,1407495.6660239536
2018-03-19 00:00:00,X:BTCUSD,8200.3,8589.0,8900.0,8064.0,143597.02112424272
2018-03-19 00:00:00,X:ETHUSD,536.72,574.12,578.95,435.0,677405.668556885
2018-03-20 00:00:00,X:BTCUSD,8600.2,8912.0,9302.95,8305.1,106863.54040566554
2018-03-20 00:00:00,X:ETHUSD,555.0,570.28,583.33,515.38,520662.83851616096
2018-03-21 00:00:00,X:BTCUSD,9115.07,8888.2,9412.41,8745.0,86671.72172370063
2018-03-21 00:00:00,X:ETHUSD,556.38,558.78,607.1,544.49,426405.2294863936
2018-03-22 00:00:00,X:BTCUSD,8892.18,8711.5,9296.93,8450.0,97194.379952966
2018-03-22 00:00:00,X:ETHUSD,558.78,539.89,589.93,507.97,382408.7928526831
2018-03-23 00:00:00,X:BTCUSD,8697.5,8920.79,9144.23,8265.0,89088.57810833187
2018-03-23 00:00:00,X:ETHUSD,539.9,544.29,557.6,504.58,381598.5864749186
2018-03-24 00:00:00,X:BTCUSD,8914.4,8530.0,9198.99,8460.0,77699.69562941501
2018-03-24 00:00:00,X:ETHUSD,543.85,519.99,558.25,517.7,217221.3168009588
2018-03-25 00:00:00,X:BTCUSD,8522.7,8453.0,8843.05,8359.45,60057.37361240552
2018-03-25 00:00:00,X:ETHUSD,519.99,522.55,547.43,510.2,185885.47050469
2018-03-26 00:00:00,X:BTCUSD,8453.0,8310.66,8718.9,7831.15,109460.70204808968
2018-03-26 00:00:00,X:ETHUSD,522.41,497.62,539.14,466.1,499131.8426885052
2018-03-27 00:00:00,X:BTCUSD,8131.12312438,7793.61,8375.53,7708.6,93606.123860656
2018-03-27 00:00:00,X:ETHUSD,486.75,447.4,501.43,445.0,643471.0740279122
2018-03-28 00:00:00,X:BTCUSD,7950.84,7936.0,8234.09,7702.1,66288.91310370775
2018-03-28 00:00:00,X:ETHUSD,448.2,445.49,472.75,438.69,347570.57916959387
2018-03-29 00:00:00,X:BTCUSD,7936.1,7080.0,8078.86,6883.0,154692.14323943423
2018-03-29 00:00:00,X:ETHUSD,445.72,383.29,455.83,378.86,1002953.1519580948
2018-03-30 00:00:00,X:BTCUSD,7094.0,6840.4,7546.35,6533.0,193555.4973991452
2018-03-30 00:00:00,X:ETHUSD,383.3,407.03,426.18,362.0,1030040.7439866534
2018-03-31 00:00:00,X:BTCUSD,6804.0,6925.4,7399.0,6773.9,109957.35803795344
2018-03-31 00:00:00,X:ETHUSD,392.49,393.79,438.77,387.85,550751.1115780523
2018-04-01 00:00:00,X:BTCUSD,6928.5,6821.9,7298.26,6425.1,108047.37846741198
2018-04-01 00:00:00,X:ETHUSD,394.73,391.97,412.64,358.0,555214.220602044
2018-04-02 00:00:00,X:BTCUSD,6817.4,7052.76,7390.0,6759.96,86940.31128213438
2018-04-02 00:00:00,X:ETHUSD,392.03,396.98,409.39,375.02,360780.2873109288
2018-04-03 00:00:00,X:BTCUSD,7053.3,7405.6,7711.74,7001.28,100514.72029287228
2018-04-03 00:00:00,X:ETHUSD,384.0,416.28,520.11,379.37,499571.0710373798
2018-04-04 00:00:00,X:BTCUSD,7405.6,6790.4,7639.91,6670.0,102241.40341956283
2018-04-04 00:00:00,X:ETHUSD,415.43,393.91,428.66,368.01,502539.437810023
2018-04-05 00:00:00,X:BTCUSD,6791.68,6763.5,7208.49,6551.8,89246.37535950798
2018-04-05 00:00:00,X:ETHUSD,378.42,381.55,400.94,364.0,369757.9862359104
2018-04-06 00:00:00,X:BTCUSD,6769.0,6619.01,7082.96,6500.2,74571.03473843094
2018-04-06 00:00:00,X:ETHUSD,380.68,383.44,398.95,360.0,322552.84065208345
2018-04-07 00:00:00,X:BTCUSD,6613.9,6904.9,7291.19,6599.9,70472.58477343668
2018-04-07 00:00:00,X:ETHUSD,370.32,384.61,405.99,368.4,262383.93157050776
2018-04-08 00:00:00,X:BTCUSD,6892.6,7027.26,7311.35,6878.6,50010.698075186985
2018-04-08 00:00:00,X:ETHUSD,384.94,411.92,415.0,384.14,253800.1348007781
2018-04-09 00:00:00,X:BTCUSD,7023.9,6770.0,7391.09,6608.3,115126.45146415538
2018-04-09 00:00:00,X:ETHUSD,399.9,413.5,442.96,386.19,591697.3216657055
2018-04-10 00:00:00,X:BTCUSD,6770.1,7067.85,7120.79,6646.8,51493.63194207328
2018-04-10 00:00:00,X:ETHUSD,398.82,429.37,432.25,391.0,285531.2768060813
2018-04-11 00:00:00,X:BTCUSD,6829.9,6943.1,7153.86,6794.0,54719.00913590818
2018-04-11 00:00:00,X:ETHUSD,415.45,430.81,442.95,409.51,355950.6863176321
2018-04-12 00:00:00,X:BTCUSD,6943.1,8181.8,8500.0,6753.0,168988.36763348265
2018-04-12 00:00:00,X:ETHUSD,441.09,510.0,512.5,413.0,842656.8903487199
2018-04-13 00:00:00,X:BTCUSD,7911.9,7893.19,8462.37,7739.1,119786.85973919382
2018-04-13 00:00:00,X:ETHUSD,493.55,494.32,543.95,480.0,839250.8125534782
2018-04-14 00:00:00,X:BTCUSD,7893.19,8201.55,8336.56,7816.2,53476.60654078257
2018-04-14 00:00:00,X:ETHUSD,495.92,514.89,525.26,486.0,344231.73057205
2018-04-15 00:00:00,X:BTCUSD,8003.12,8357.5,8600.0,7996.6,59015.37076248509
2018-04-15 00:00:00,X:ETHUSD,502.4,533.74,545.47,502.4,428156.4337985872
2018-04-16 00:00:00,X:BTCUSD,8353.43,8056.2,8596.66,7900.3,74599.60532750691
2018-04-16 00:00:00,X:ETHUSD,533.86,510.57,548.81,497.38,438177.1375386787
2018-04-17 00:00:00,X:BTCUSD,8054.68,7888.9,8421.86,7800.3,59403.01645694596
2018-04-17 00:00:00,X:ETHUSD,525.39,503.13,534.98,487.0,336691.3437215938
2018-04-18 00:00:00,X:BTCUSD,8136.84,8152.05,8382.88,7865.0,61806.00266461579
2018-04-18 00:00:00,X:ETHUSD,503.13,525.55,537.29,500.76,305556.70625144814
2018-04-19 00:00:00,X:BTCUSD,8152.05,8275.7,8509.99,8032.2,60312.26778929579
2018-04-19 00:00:00,X:ETHUSD,525.9,566.92,584.79,520.2,440642.3577026214
2018-04-20 00:00:00,X:BTCUSD,8273.0,8994.41,9092.91,8216.21,98516.7321863985
2018-04-20 00:00:00,X:ETHUSD,566.92,616.52,631.97,556.2,620705.5387544946
2018-04-21 00:00:00,X:BTCUSD,8875.1,8915.42,9129.0,8608.0,78427.97115261332
2018-04-21 00:00:00,X:ETHUSD,616.44,606.0,636.7,571.61,438865.9476488366
2018-04-22 00:00:00,X:BTCUSD,9099.31,9018.4,9200.94,8751.08522139,58980.39179472546
2018-04-22 00:00:00,X:ETHUSD,605.16,620.07,659.53,590.7,384249.860612551
2018-04-23 00:00:00,X:BTCUSD,8781.7,8940.0,9194.07,8769.0,51522.221324225946
2018-04-23 00:00:00,X:ETHUSD,620.45,642.85,663.99,618.33,332557.2003661998
2018-04-24 00:00:00,X:BTCUSD,9130.66,9645.1,9789.96,8929.9,118377.273363181
2018-04-24 00:00:00,X:ETHUSD,642.85,703.38,720.87,642.85,698093.1917369935
2018-04-25 00:00:00,X:BTCUSD,9646.8,8864.99,9818.24,8602.43,162046.04664450142
2018-04-25 00:00:00,X:ETHUSD,704.0,625.75,708.35,578.75,1296549.5956491197
2018-04-26 00:00:00,X:BTCUSD,8867.4,9272.11,9326.79,8555.0,93984.020223008
2018-04-26 00:00:00,X:ETHUSD,617.5,661.0,667.48,598.15,553248.2907824229
2018-04-27 00:00:00,X:BTCUSD,9291.86,8920.1,9410.0,8888.6,66408.38522562565
2018-04-27 00:00:00,X:ETHUSD,661.18,643.11,688.96,636.15,441451.486885594
2018-04-28 00:00:00,X:BTCUSD,8920.1,9370.98,9500.0,8750.0,80576.58422172569
2018-04-28 00:00:00,X:ETHUSD,648.65,682.0,700.0,638.7,327077.95905388007
2018-04-29 00:00:00,X:BTCUSD,9345.3,9393.99,9579.03,9165.0,57354.80083665797
2018-04-29 00:00:00,X:ETHUSD,685.27,692.64,700.0,663.31,289576.8976797623
2018-04-30 00:00:00,X:BTCUSD,9396.32,9243.83,9537.98,9100.0,51551.66704893713
2018-04-30 00:00:00,X:ETHUSD,688.0,669.81,698.51,661.9,329355.0250500973
2018-05-01 00:00:00,X:BTCUSD,9243.51,9066.9,9272.43,8815.91,60173.94762817493
2018-05-01 00:00:00,X:ETHUSD,671.96,671.01,678.72,585.0,503348.7234387434
2018-05-02 00:00:00,X:BTCUSD,9068.1,9217.1,9279.9,8968.3,44414.51403164188
2018-05-02 00:00:00,X:ETHUSD,671.06,688.0,692.0,660.63,343405.8186252418
2018-05-03 00:00:00,X:BTCUSD,9232.06,9735.9,9875.0,9131.0,75261.5150205426
2018-05-03 00:00:00,X:ETHUSD,686.71,779.39,792.91,684.0,715312.3727512857
2018-05-04 00:00:00,X:BTCUSD,9759.1,9696.57,9848.0,9451.5,53104.59379932321
2018-05-04 00:00:00,X:ETHUSD,776.92,783.44,809.51,757.1,492885.871144719
2018-05-05 00:00:00,X:BTCUSD,9703.0,9861.2,9999.99,9465.0,56402.01737939098
2018-05-05 00:00:00,X:ETHUSD,785.52,820.7,831.97,778.03,352163.4615804927
2018-05-06 00:00:00,X:BTCUSD,9799.99,9604.9,9988.88,9364.0,51363.36359261065
2018-05-06 00:00:00,X:ETHUSD,820.63,784.28,840.93,749.0,426752.4443119814
2018-05-07 00:00:00,X:BTCUSD,9621.99,9386.03,9677.9,9162.85,59409.0821781549
2018-05-07 00:00:00,X:ETHUSD,793.79,752.42,797.98,685.18,1046065.9915157076
2018-05-08 00:00:00,X:BTCUSD,9356.25,9225.62,9472.48,9015.0,56044.46365212829
2018-05-08 00:00:00,X:ETHUSD,752.43,752.26,776.0,716.0,460286.28466315166
2018-05-09 00:00:00,X:BTCUSD,9181.52,9320.07,9464.1,8960.0,53829.70712685069
2018-05-09 00:00:00,X:ETHUSD,747.93,750.1,760.43,706.06,404103.1434845285
2018-05-10 00:00:00,X:BTCUSD,9308.49,9029.76,9398.39,8987.74,52450.958643268124
2018-05-10 00:00:00,X:ETHUSD,752.46,725.57,768.57,720.0,343983.41383078723
2018-05-11 00:00:00,X:BTCUSD,9007.19,8411.42,9031.2,8325.0,108214.01119559692
2018-05-11 00:00:00,X:ETHUSD,723.38,680.88,738.93,658.89,676103.7542470206
2018-05-12 00:00:00,X:BTCUSD,8408.79,8481.6,8729.07,8204.40576219,76260.06869082205
2018-05-12 00:00:00,X:ETHUSD,681.62,686.91,696.19,637.12,451735.1261415082
2018-05-13 00:00:00,X:BTCUSD,8481.72,8686.1,8792.09,8317.9,48478.17245977914
2018-05-13 00:00:00,X:ETHUSD,684.7,729.29,742.89,668.25,356786.08450076263
2018-05-14 00:00:00,X:BTCUSD,8698.2,8699.44,8900.9,8271.0,80495.23976710592
2018-05-14 00:00:00,X:ETHUSD,734.29,730.98,746.06,684.0,572305.0663675634
2018-05-15 00:00:00,X:BTCUSD,8698.12,8474.99,8865.0,8400.0,60367.03886929254
2018-05-15 00:00:00,X:ETHUSD,730.56,708.99,739.6,694.75,349514.73921924114
2018-05-16 00:00:00,X:BTCUSD,8481.99,8336.1,8512.05,8077.3,69580.39898107428
2018-05-16 00:00:00,X:ETHUSD,708.77,705.61,712.4,645.0,334851.5818795763
2018-05-17 00:00:00,X:BTCUSD,8345.79999,8064.0,8500.0,7978.8,53678.75769753965
2018-05-17 00:00:00,X:ETHUSD,705.75,670.76,719.97,660.5,313160.3629381558
2018-05-18 00:00:00,X:BTCUSD,8054.3,8248.87,8280.0,7925.0,49576.347337310166
2018-05-18 00:00:00,X:ETHUSD,669.94,693.61,694.96,655.78,304471.8044502702
2018-05-19 00:00:00,X:BTCUSD,8236.76,8233.79999,8468.0,8140.2,32809.6537566947
2018-05-19 00:00:00,X:ETHUSD,694.5,696.25,718.36,676.84,199691.7776191852
2018-05-20 00:00:00,X:BTCUSD,8230.9,8516.86,8600.0,8147.9,35874.77603038573
2018-05-20 00:00:00,X:ETHUSD,695.97,714.94,724.8,686.53,202992.38344754017
2018-05-21 00:00:00,X:BTCUSD,8505.21,8399.6,8644.0,8292.4,39368.57237205469
2018-05-21 00:00:00,X:ETHUSD,715.11,696.43,721.38,685.94,174739.5937196244
2018-05-22 00:00:00,X:BTCUSD,8419.83,7989.1,8429.29,7938.4,49546.21260128334
2018-05-22 00:00:00,X:ETHUSD,696.77,640.0,701.12,637.5,382087.05998990464
2018-05-23 00:00:00,X:BTCUSD,7977.85004461,7502.89,8064.35,7402.7,93126.10742649555
2018-05-23 00:00:00,X:ETHUSD,640.0,577.2,652.68,562.79,829989.2931629379
2018-05-24 00:00:00,X:BTCUSD,7534.26,7584.15,7751.48,7255.0,78145.469718669
2018-05-24 00:00:00,X:ETHUSD,579.96,602.64,610.94,538.97,678232.1334242246
2018-05-25 00:00:00,X:BTCUSD,7576.7,7456.7,7665.14,7286.7,59617.41947580324
2018-05-25 00:00:00,X:ETHUSD,602.7,585.7,616.98,567.0,428313.8820881247
2018-05-26 00:00:00,X:BTCUSD,7519.25,7337.95,7780.0,7215.0,34374.4658536159
2018-05-26 00:00:00,X:ETHUSD,584.02,585.6,609.88,577.53,220397.38422243952
2018-05-27 00:00:00,X:BTCUSD,7383.4,7339.7,7441.08,7211.1,34326.85899043409
2018-05-27 00:00:00,X:ETHUSD,590.34,570.75,595.86,553.0,368622.6410938985
2018-05-28 00:00:00,X:BTCUSD,7394.91,7112.5,7470.11,7062.3,54939.50615061505
2018-05-28 00:00:00,X:ETHUSD,569.0,512.23,579.25,492.5,702535.0362670495
2018-05-29 00:00:00,X:BTCUSD,7151.3,7460.0,7537.0,7026.9,62729.52379614541
2018-05-29 00:00:00,X:ETHUSD,511.98,566.66,573.86,509.98,588222.7588666029
2018-05-30 00:00:00,X:BTCUSD,7469.45,7374.9,7593.68,7260.0,50189.21046885506
2018-05-30 00:00:00,X:ETHUSD,566.78,557.22,587.93,540.04999,399532.7992734894
2018-05-31 00:00:00,X:BTCUSD,7375.2,7485.6,7610.3,7330.2,45104.27459187404
2018-05-31 00:00:00,X:ETHUSD,557.0,577.1,589.0,552.72,379021.03899617854
2018-06-01 00:00:00,X:BTCUSD,7492.28,7521.0,7620.01,7329.18847938,44424.42280789691
2018-06-01 00:00:00,X:ETHUSD,577.0,578.49,590.86,561.11,329900.6864395634
2018-06-02 00:00:00,X:BTCUSD,7514.32,7642.0,7700.0,7434.3,36398.3033949028
2018-06-02 00:00:00,X:ETHUSD,578.89,590.46,601.42,571.75,269548.7128985783
2018-06-03 00:00:00,X:BTCUSD,7642.0,7703.67,7790.69,7581.03,32627.137293193475
2018-06-03 00:00:00,X:ETHUSD,590.46,618.67,637.07,588.76,240936.24152856937
2018-06-04 00:00:00,X:BTCUSD,7712.97,7487.37,7764.44,7442.0,40820.85515272647
2018-06-04 00:00:00,X:ETHUSD,619.4,590.0,635.86,576.15,306585.08881673287
2018-06-05 00:00:00,X:BTCUSD,7487.37,7612.51,7691.67,7350.0,43169.2616652273
2018-06-05 00:00:00,X:ETHUSD,591.51,608.71,614.58,572.77,288691.6336252692
2018-06-06 00:00:00,X:BTCUSD,7622.2,7658.57,7700.0,7482.6,40352.03244877731
2018-06-06 00:00:00,X:ETHUSD,610.03,606.4,612.99,586.35,247289.49275635683
2018-06-07 00:00:00,X:BTCUSD,7660.26,7708.65,7756.3,7618.99,32469.938265076515
2018-06-07 00:00:00,X:ETHUSD,606.19,602.99,617.16,594.0,261472.5611231029
2018-06-08 00:00:00,X:BTCUSD,7707.2,7618.8,7712.03,7530.9,30027.97385467705
2018-06-08 00:00:00,X:ETHUSD,605.39,599.77,609.5,590.0,166779.38428080385
2018-06-09 00:00:00,X:BTCUSD,7616.72,7498.5,7686.45,7450.0,21392.258501791614
2018-06-09 00:00:00,X:ETHUSD,599.88,593.2,611.74,590.93,118717.8129488024
2018-06-10 00:00:00,X:BTCUSD,7498.5,6806.12,7499.01,6618.9,107149.22892395416
2018-06-10 00:00:00,X:ETHUSD,593.19,525.55999,593.7,496.27,597146.7062505612
2018-06-11 00:00:00,X:BTCUSD,6806.13,6881.0,6953.38,6629.0,56793.68930575915
2018-06-11 00:00:00,X:ETHUSD,523.55,531.68,537.55,508.54,458493.3170296176
2018-06-12 00:00:00,X:BTCUSD,6920.43,6545.0,6941.06,6436.1,64599.06491079866
2018-06-12 00:00:00,X:ETHUSD,530.77,495.0,547.0,483.29,506475.3411424679
2018-06-13 00:00:00,X:BTCUSD,6557.66,6302.31,6679.11,6107.87718467,98925.85469440796
2018-06-13 00:00:00,X:ETHUSD,494.14,476.15,506.0,447.14,659272.3782363932
2018-06-14 00:00:00,X:BTCUSD,6308.49,6646.1,6750.0,6264.4,78491.61227162683
2018-06-14 00:00:00,X:ETHUSD,479.74,519.47,530.0,459.04,807644.6951788806
2018-06-15 00:00:00,X:BTCUSD,6666.9,6391.22,6681.37,6300.2,48946.661473716646
2018-06-15 00:00:00,X:ETHUSD,519.48,487.45,522.69,481.34,428288.9738350508
2018-06-16 00:00:00,X:BTCUSD,6440.15,6487.92,6576.82,6324.2,32169.35425639577
2018-06-16 00:00:00,X:ETHUSD,487.45,497.31,505.0,482.61,227139.54310270643
2018-06-17 00:00:00,X:BTCUSD,6511.9,6493.22,6591.06,6424.8,26431.0411140976
2018-06-17 00:00:00,X:ETHUSD,496.99,497.26,510.0,493.19,157089.5665497981
2018-06-18 00:00:00,X:BTCUSD,6498.91,6707.5,6849.7,6359.1,52336.05749975608
2018-06-18 00:00:00,X:ETHUSD,497.08,521.51,528.59,486.48,291859.8717488959
2018-06-19 00:00:00,X:BTCUSD,6767.82,6735.5,6877.36,6655.0,40816.96566403113
2018-06-19 00:00:00,X:ETHUSD,517.47,538.47,550.0,514.38,313949.794816729
2018-06-20 00:00:00,X:BTCUSD,6734.8,6759.18,6825.0,6515.0,43315.80182939413
2018-06-20 00:00:00,X:ETHUSD,538.5,536.0,543.96,516.57,274666.4722192594
2018-06-21 00:00:00,X:BTCUSD,6759.54,6718.33,6822.0,6677.85,29584.7149696362
2018-06-21 00:00:00,X:ETHUSD,536.0,525.49,546.6,520.57,206358.863468052
2018-06-22 00:00:00,X:BTCUSD,6763.06,6059.82,6778.61,5910.8,110314.77279168733
2018-06-22 00:00:00,X:ETHUSD,526.11,462.01,530.66,448.54,674275.6009447279
2018-06-23 00:00:00,X:BTCUSD,6055.17,6178.29,6380.48,6013.0,42541.41073300852
2018-06-23 00:00:00,X:ETHUSD,462.01,483.32,490.82,454.27,232128.9454296661
2018-06-24 00:00:00,X:BTCUSD,6178.29,6150.1,6375.16,5650.0,88819.34301396739
2018-06-24 00:00:00,X:ETHUSD,475.18,455.32,484.96,420.0,579812.0902892452
2018-06-25 00:00:00,X:BTCUSD,6262.84,6246.01,6400.0,6066.0,59128.73387365765
2018-06-25 00:00:00,X:ETHUSD,455.32,458.41,478.99,444.21,378266.7720914933
2018-06-26 00:00:00,X:BTCUSD,6310.36,6074.0,6353.21,6006.39,45825.73794257355
2018-06-26 00:00:00,X:ETHUSD,458.82,429.32,465.99,428.6,376363.5026201023
2018-06-27 00:00:00,X:BTCUSD,6074.01,6132.17,6248.82,5983.56,44867.53702515926
2018-06-27 00:00:00,X:ETHUSD,429.08,441.41,450.74,418.65,350158.3859804121
2018-06-28 00:00:00,X:BTCUSD,6199.65,5851.66,6230.5,5816.6,46595.54377180676
2018-06-28 00:00:00,X:ETHUSD,441.5,420.0,448.14,415.3,282859.3511339573
2018-06-29 00:00:00,X:BTCUSD,5845.2,6204.24,6400.0,5774.72,71540.82220195374
2018-06-29 00:00:00,X:ETHUSD,420.01,435.7,449.53,404.21,439563.89697219606
2018-06-30 00:00:00,X:BTCUSD,6202.36,6383.19,6627.5,6185.0,48914.76147472315
2018-06-30 00:00:00,X:ETHUSD,435.7,453.85,470.5,434.5,306535.6381646998
2018-07-01 00:00:00,X:BTCUSD,6508.65,6453.5,6559.18,6254.3,29727.5636425991
2018-07-01 00:00:00,X:ETHUSD,453.0,451.43,465.32,444.05,168872.79055396584
2018-07-02 00:00:00,X:BTCUSD,6349.3,6612.98,6750.0,6270.01,55047.137528598345
2018-07-02 00:00:00,X:ETHUSD,451.43,475.63,486.64,442.79,358731.3611878616
2018-07-03 00:00:00,X:BTCUSD,6686.93,6502.62,6745.98,6464.39,41473.15176887441
2018-07-03 00:00:00,X:ETHUSD,476.34,461.75,490.68,459.11,307616.4064893346
2018-07-04 00:00:00,X:BTCUSD,6507.99,6587.47,6833.25,6399.8,48087.02478572873
2018-07-04 00:00:00,X:ETHUSD,461.75,467.47,486.0,450.19,277525.38381063513
2018-07-05 00:00:00,X:BTCUSD,6684.97,6533.69,6792.0,6423.4,48607.46007781144
2018-07-05 00:00:00,X:ETHUSD,474.56,467.98,485.68,457.37,321990.90868796053
2018-07-06 00:00:00,X:BTCUSD,6646.9,6600.0,6780.28,6449.76,36073.12548097053
2018-07-06 00:00:00,X:ETHUSD,467.98,481.13,485.19,449.77,244132.11426191093
2018-07-07 00:00:00,X:BTCUSD,6599.99,6882.31,6907.48,6503.2,35112.4323730185
2018-07-07 00:00:00,X:ETHUSD,469.3,484.48,494.18,460.75,211211.52573960472
2018-07-08 00:00:00,X:BTCUSD,6882.35,6820.31,6888.95,6666.1,30394.64154863916
2018-07-08 00:00:00,X:ETHUSD,486.71,486.08,501.32,479.31,207689.66770990967
2018-07-09 00:00:00,X:BTCUSD,6707.0,6666.75,6955.79,6610.0,39116.99508784179
2018-07-09 00:00:00,X:ETHUSD,486.09,471.6,498.01,468.17,223214.3191002831
2018-07-10 00:00:00,X:BTCUSD,6666.9,6519.0,6856.5,6260.1,57795.410193376905
2018-07-10 00:00:00,X:ETHUSD,471.6,448.21,484.59,426.84,474227.87905459374
2018-07-11 00:00:00,X:BTCUSD,6303.69,6390.04,6617.0,6279.0,38143.768987455696
2018-07-11 00:00:00,X:ETHUSD,432.44,444.67,461.65,424.69,249392.1464451934
2018-07-12 00:00:00,X:BTCUSD,6390.04,6249.0,6560.0,6072.0,55683.15082147507
2018-07-12 00:00:00,X:ETHUSD,457.48,430.45,457.77,416.53,281393.52808411606
2018-07-13 00:00:00,X:BTCUSD,6249.0,6215.59,6356.0,6121.01,43737.68321006289
2018-07-13 00:00:00,X:ETHUSD,430.45,432.17,443.2,422.62,228269.1571833891
2018-07-14 00:00:00,X:BTCUSD,6224.92,6243.98,6329.5,6179.2,25176.66092667204
2018-07-14 00:00:00,X:ETHUSD,432.8,434.13,440.9,427.66,154790.47960995574
2018-07-15 00:00:00,X:BTCUSD,6248.65,6348.73,6397.21,6227.76,29019.958869418748
2018-07-15 00:00:00,X:ETHUSD,434.14,449.75,455.22,428.94,186432.9475124044
2018-07-16 00:00:00,X:BTCUSD,6351.22,6728.81,6755.0,6327.1,65343.09018587554
2018-07-16 00:00:00,X:ETHUSD,448.66,478.86,481.4,444.0,373791.4202847125
2018-07-17 00:00:00,X:BTCUSD,6729.2,7319.8,7483.9,6657.95,93097.51724258086
2018-07-17 00:00:00,X:ETHUSD,479.12,499.01,513.61,465.0,422772.7675383758
2018-07-18 00:00:00,X:BTCUSD,7324.33,7378.99,7599.98,7229.89,84122.78015058393
2018-07-18 00:00:00,X:ETHUSD,499.01,478.97,516.78,468.85,404389.4584376978
2018-07-19 00:00:00,X:BTCUSD,7378.99,7470.01,7581.32,7278.84,52914.54727562032
2018-07-19 00:00:00,X:ETHUSD,480.53,468.39,484.91,462.07,276670.7590830013
2018-07-20 00:00:00,X:BTCUSD,7488.55,7334.46,7712.4,7238.8,66288.94466587996
2018-07-20 00:00:00,X:ETHUSD,470.25,448.21,470.8,439.52,330651.0859850606
2018-07-21 00:00:00,X:BTCUSD,7356.23,7408.0,7486.4,7200.3,30271.97885267399
2018-07-21 00:00:00,X:ETHUSD,451.24,461.5,469.84,441.05,201377.40478151292
2018-07-22 00:00:00,X:BTCUSD,7432.01,7397.6,7599.34,7320.0,38736.7767834748
2018-07-22 00:00:00,X:ETHUSD,461.5,457.99,473.69,453.0,150631.37021573124
2018-07-23 00:00:00,X:BTCUSD,7398.7,7720.09,7844.9,7369.86,85945.08095593707
2018-07-23 00:00:00,X:ETHUSD,457.99,449.59825214,471.41,445.66,293580.85644928674
2018-07-24 00:00:00,X:BTCUSD,7720.08,8401.79999,8506.7,7690.0,120930.10665315468
2018-07-24 00:00:00,X:ETHUSD,449.0,478.79,485.62,447.99,347154.68174235645
2018-07-25 00:00:00,X:BTCUSD,8390.0,8157.15,8496.6,8042.0,76039.99849901866
2018-07-25 00:00:00,X:ETHUSD,479.33,470.81,485.57,463.1,230089.4153481686
2018-07-26 00:00:00,X:BTCUSD,8180.74,7939.0,8327.36,7840.0,66947.77235827634
2018-07-26 00:00:00,X:ETHUSD,471.14,461.42,485.12,458.74,200554.3464647644
2018-07-27 00:00:00,X:BTCUSD,7939.0,8183.05,8291.0,7787.29,68514.57283250736
2018-07-27 00:00:00,X:ETHUSD,463.32,470.21,474.63,454.25,216157.5574969648
2018-07-28 00:00:00,X:BTCUSD,8188.0,8228.9,8262.0,8051.43,29989.273977320696
2018-07-28 00:00:00,X:ETHUSD,469.3,469.36,472.0,460.66,102788.47458944796
2018-07-29 00:00:00,X:BTCUSD,8235.6,8213.5,8313.3,8109.74,28476.174801499736
2018-07-29 00:00:00,X:ETHUSD,469.36,466.94,472.6,461.39300307,109762.36211361988
2018-07-30 00:00:00,X:BTCUSD,8216.33,8170.01,8301.7283857,7850.0,74927.67236029598
2018-07-30 00:00:00,X:ETHUSD,466.01,456.46,469.93,445.5,253483.971305622
2018-07-31 00:00:00,X:BTCUSD,8183.62,7731.2,8183.62,7629.48,82928.69086332065
2018-07-31 00:00:00,X:ETHUSD,457.19,431.76,458.21,426.36,289605.0927271583
2018-08-01 00:00:00,X:BTCUSD,7731.3,7603.99,7761.56,7423.0,68305.74468004842
2018-08-01 00:00:00,X:ETHUSD,431.98,420.71,437.21,407.49,348971.49789779226
2018-08-02 00:00:00,X:BTCUSD,7600.22,7533.92,7713.0,7450.0,42678.14740775673
2018-08-02 00:00:00,X:ETHUSD,419.59,411.09,424.94,406.81,195566.5754954988
2018-08-03 00:00:00,X:BTCUSD,7529.89,7414.08,7542.92,7254.6,66617.80354787648
2018-08-03 00:00:00,X:ETHUSD,411.09,417.8,420.41,395.0,328714.6924067604
2018-08-04 00:00:00,X:BTCUSD,7414.08,7017.61,7499.99,6926.0,63763.80765507659
2018-08-04 00:00:00,X:ETHUSD,417.8,407.35,419.41,400.0,210132.34432609123
2018-08-05 00:00:00,X:BTCUSD,7009.94,7030.01,7104.83,6880.0,42642.30361010588
2018-08-05 00:00:00,X:ETHUSD,407.36,408.83,413.65,399.0,185961.1502425467
2018-08-06 00:00:00,X:BTCUSD,7022.9,6938.0,7163.0,6833.0,46623.59358063196
2018-08-06 00:00:00,X:ETHUSD,408.63,404.25,413.98,400.59,144347.93583883956
2018-08-07 00:00:00,X:BTCUSD,6941.2,6718.22,7159.68,6647.07,70657.30839995325
2018-08-07 00:00:00,X:ETHUSD,404.88,377.82,410.86,367.41,377294.4699880149
2018-08-08 00:00:00,X:BTCUSD,6718.8,6282.5,6725.41,6120.0,112438.12309512695
2018-08-08 00:00:00,X:ETHUSD,378.07,355.7,383.65,346.35,655381.0701503635
2018-08-09 00:00:00,X:BTCUSD,6280.7,6546.45,6633.21,6177.51,72368.81124029178
2018-08-09 00:00:00,X:ETHUSD,355.63,363.26,371.09,350.83,317610.1451499189
2018-08-10 00:00:00,X:BTCUSD,6522.92,6146.01,6584.8,5995.75,85746.94071081963
2018-08-10 00:00:00,X:ETHUSD,363.99,330.99,366.46,325.01,395605.4367732398
2018-08-11 00:00:00,X:BTCUSD,6139.87,6233.1,6499.5,5969.6,70795.20050621874
2018-08-11 00:00:00,X:ETHUSD,332.18,317.84,332.9,304.47,546303.3068713649
2018-08-12 00:00:00,X:BTCUSD,6233.1,6313.9,6499.0,6158.5,53322.00043743442
2018-08-12 00:00:00,X:ETHUSD,317.44,318.52,328.69,313.29,267263.7695811587
2018-08-13 00:00:00,X:BTCUSD,6312.74,6253.67,6548.3,6137.6,68258.61550151695
2018-08-13 00:00:00,X:ETHUSD,318.16,284.11,323.54631226,280.0,713948.3843051703
2018-08-14 00:00:00,X:BTCUSD,6252.63,6189.0,6789.8,5858.6,107864.06976135986
2018-08-14 00:00:00,X:ETHUSD,283.95,279.4,288.83999,249.93,1134051.8933104349
2018-08-15 00:00:00,X:BTCUSD,6195.0,6270.2,6649.0,6180.00532947,117483.4093635911
2018-08-15 00:00:00,X:ETHUSD,278.39,281.17,305.76,275.64,868742.2465359189
2018-08-16 00:00:00,X:BTCUSD,6269.01,6315.9,6491.8,6200.0,56519.003747628914
2018-08-16 00:00:00,X:ETHUSD,281.21,286.78,299.98,277.58999,438031.9488011754
2018-08-17 00:00:00,X:BTCUSD,6315.9,6584.04649746,6596.7,6289.0,58139.68259760821
2018-08-17 00:00:00,X:ETHUSD,286.67,317.68,319.26,284.89999,623818.8910162352
2018-08-18 00:00:00,X:BTCUSD,6585.5,6396.64,6619.5,6300.0,43838.14448695893
2018-08-18 00:00:00,X:ETHUSD,317.68,294.47,322.16,282.0,463348.22842174687
2018-08-19 00:00:00,X:BTCUSD,6397.37,6485.1,6550.3,6309.3,34524.222521177224
2018-08-19 00:00:00,X:ETHUSD,294.3,300.03,307.65,288.06,315051.81646911474
2018-08-20 00:00:00,X:BTCUSD,6485.1,6257.2,6525.0,6220.01,60882.59800539906
2018-08-20 00:00:00,X:ETHUSD,299.05,270.71,304.63,267.75,473866.26044452254
2018-08-21 00:00:00,X:BTCUSD,6260.83,6475.89,6526.2,6018.83,55284.02993133246
2018-08-21 00:00:00,X:ETHUSD,270.76,280.98,286.42,269.13,336345.0846943484
2018-08-22 00:00:00,X:BTCUSD,6472.93,6359.99,6916.5,6210.0,107931.33692866685
2018-08-22 00:00:00,X:ETHUSD,281.5,270.02,300.96,258.87,659702.9342602222
2018-08-23 00:00:00,X:BTCUSD,6360.5,6526.36,6578.2,6329.2,44143.650698242
2018-08-23 00:00:00,X:ETHUSD,270.41,275.87,281.2,267.63133352,361756.39167528367
2018-08-24 00:00:00,X:BTCUSD,6525.99,6687.5,6748.0,6441.64,47928.45218105524
2018-08-24 00:00:00,X:ETHUSD,275.87,281.56,284.21,269.18,281161.3257898459
2018-08-25 00:00:00,X:BTCUSD,6693.3,6737.52,6800.0,6660.6,38450.011406196216
2018-08-25 00:00:00,X:ETHUSD,281.55,277.29,283.3,276.2,178537.83283779692
2018-08-26 00:00:00,X:BTCUSD,6732.99,6707.0,6789.0,6557.0,37574.801157212
2018-08-26 00:00:00,X:ETHUSD,277.97,274.38,277.97,269.20999,235970.65488798785
2018-08-27 00:00:00,X:BTCUSD,6702.48,6911.9,6949.8,6641.35,50177.126878389165
2018-08-27 00:00:00,X:ETHUSD,274.33043838,288.12,288.93,271.3,331626.7371305512
2018-08-28 00:00:00,X:BTCUSD,6911.9,7071.01,7133.7,6860.0,65726.65939488224
2018-08-28 00:00:00,X:ETHUSD,288.17,295.2,298.27,282.17,354703.74670942384
2018-08-29 00:00:00,X:BTCUSD,7077.64,7030.9,7139.4,6886.22,45946.067700143125
2018-08-29 00:00:00,X:ETHUSD,295.4,288.68,297.74,283.85,309480.12581957894
2018-08-30 00:00:00,X:BTCUSD,7031.25,6983.0,7062.11,6776.9,55519.68821069389
2018-08-30 00:00:00,X:ETHUSD,288.99,284.52,291.01,270.44,428807.1264481783
2018-08-31 00:00:00,X:BTCUSD,6986.1,7015.01,7101.03,6879.0,47737.43522639583
2018-08-31 00:00:00,X:ETHUSD,284.52,281.69,285.02,276.18,296469.89918269165
2018-09-01 00:00:00,X:BTCUSD,7015.01,7191.08,7300.18,7010.98,45176.91836744251
2018-09-01 00:00:00,X:ETHUSD,281.63,295.61,302.7,281.24,386185.1846169612
2018-09-02 00:00:00,X:BTCUSD,7191.07,7302.16,7429.2,7127.5,68310.54847238123
2018-09-02 00:00:00,X:ETHUSD,295.73,295.06,300.43,288.12,257233.07777217947
2018-09-03 00:00:00,X:BTCUSD,7294.99,7256.98,7369.0,7183.5,45216.16151442433
2018-09-03 00:00:00,X:ETHUSD,295.58,288.6,296.5,284.88,289368.6165352644
2018-09-04 00:00:00,X:BTCUSD,7267.6,7360.0,7415.4,7219.2,47814.44990472302
2018-09-04 00:00:00,X:ETHUSD,288.63,285.43,293.04,237.0,382649.05958634586
2018-09-05 00:00:00,X:BTCUSD,7358.9,6704.0,7404.0,6638.8,105767.22787791627
2018-09-05 00:00:00,X:ETHUSD,285.43,227.56,287.97,225.53,1043557.8664725235
2018-09-06 00:00:00,X:BTCUSD,6704.0,6516.1,6731.3,6250.0,107649.04470221468
2018-09-06 00:00:00,X:ETHUSD,227.56,229.03,259.48,208.92,1050111.9760027286
2018-09-07 00:00:00,X:BTCUSD,6488.01,6395.01,6549.5,6318.8,50217.37599886634
2018-09-07 00:00:00,X:ETHUSD,229.84,214.77,234.61,212.74,563036.1976103735
2018-09-08 00:00:00,X:BTCUSD,6403.77,6188.0,6475.5,6073.9,48303.51481968723
2018-09-08 00:00:00,X:ETHUSD,215.13,196.69,220.57,188.4,815327.1744200971
2018-09-09 00:00:00,X:BTCUSD,6188.0,6235.01,6459.4,6094.38,40473.49015981394
2018-09-09 00:00:00,X:ETHUSD,196.7,196.02,208.5,185.0,743254.1411965293
2018-09-10 00:00:00,X:BTCUSD,6246.17,6300.0,6375.13,6219.0,40680.71589266604
2018-09-10 00:00:00,X:ETHUSD,195.92,196.94,202.82,186.44,655208.4228756846
2018-09-11 00:00:00,X:BTCUSD,6314.78,6290.9,6410.9,6162.06,46286.90905396854
2018-09-11 00:00:00,X:ETHUSD,197.37,185.29,199.87,175.5,913277.5060718572
2018-09-12 00:00:00,X:BTCUSD,6292.2,6336.05,6366.4,6191.1,42327.53591818248
2018-09-12 00:00:00,X:ETHUSD,185.17465906,183.14,185.25,166.76,1280049.4025027235
2018-09-13 00:00:00,X:BTCUSD,6334.57,6485.99,6595.9,6323.64,52306.90198889986
2018-09-13 00:00:00,X:ETHUSD,183.14,211.09,216.06,182.78,1542042.3468909734
2018-09-14 00:00:00,X:BTCUSD,6485.99,6478.04,6599.8,6355.2,42896.98284557289
2018-09-14 00:00:00,X:ETHUSD,211.1,210.0,224.3,202.05,1375775.117279631
2018-09-15 00:00:00,X:BTCUSD,6478.25,6520.0,6572.2,6465.2,24128.30786027048
2018-09-15 00:00:00,X:ETHUSD,208.49,221.69,228.08,207.88,729649.5423102574
2018-09-16 00:00:00,X:BTCUSD,6512.8,6498.0,6524.84,6323.68,24722.528648648604
2018-09-16 00:00:00,X:ETHUSD,221.48,220.19,223.7,203.0,641492.3211593159
2018-09-17 00:00:00,X:BTCUSD,6497.48,6253.61,6545.24,6200.0,54410.33645771075
2018-09-17 00:00:00,X:ETHUSD,220.19,195.97,226.77,191.68,1503680.6529122368
2018-09-18 00:00:00,X:BTCUSD,6253.17,6332.34,6390.0,6225.0,39684.64592543357
2018-09-18 00:00:00,X:ETHUSD,195.75,208.36,222.0,193.53,977838.8908509088
2018-09-19 00:00:00,X:BTCUSD,6336.43,6386.94,6574.0,6100.0,65179.76240657385
2018-09-19 00:00:00,X:ETHUSD,208.36,209.81,215.83,196.0,1023903.4713263812
2018-09-20 00:00:00,X:BTCUSD,6386.95,6498.39,6584.0,6333.63,43696.74547262406
2018-09-20 00:00:00,X:ETHUSD,209.79,225.01,230.13,205.82,867558.8431165444
2018-09-21 00:00:00,X:BTCUSD,6498.69,6750.0,6819.5,6473.8,75462.13541372072
2018-09-21 00:00:00,X:ETHUSD,225.01,247.8,255.66,220.47,1317837.526866447
2018-09-22 00:00:00,X:BTCUSD,6750.0,6707.33,6840.9,6502.2,45810.097538596165
2018-09-22 00:00:00,X:ETHUSD,247.76,241.09,255.89,232.6,641132.1662243644
2018-09-23 00:00:00,X:BTCUSD,6705.3,6696.99,6785.9,6659.0,30811.336069428813
2018-09-23 00:00:00,X:ETHUSD,241.1,244.7,249.79,236.46,517146.75155272096
2018-09-24 00:00:00,X:BTCUSD,6710.03023581,6585.1,6730.0,6545.0,47439.11938812508
2018-09-24 00:00:00,X:ETHUSD,244.64,227.85,246.0,224.3,867731.1204312681
2018-09-25 00:00:00,X:BTCUSD,6590.44,6436.89,6590.45,6318.5,56660.197580895016
2018-09-25 00:00:00,X:ETHUSD,227.85,219.5,228.34,202.32,1228756.987678148
2018-09-26 00:00:00,X:BTCUSD,6439.61,6455.66,6558.0,6372.0,38835.73738166856
2018-09-26 00:00:00,X:ETHUSD,219.48,214.15,223.05,207.11,733984.6958963542
2018-09-27 00:00:00,X:BTCUSD,6462.3,6683.8,6745.0,6430.0,46096.84164262747
2018-09-27 00:00:00,X:ETHUSD,214.15,229.0,235.3,209.79,843203.3905578667
2018-09-28 00:00:00,X:BTCUSD,6680.01,6620.01,6826.41966538,6525.67,62191.71263766578
2018-09-28 00:00:00,X:ETHUSD,229.0,220.67,234.59,214.32,796941.9321164092
2018-09-29 00:00:00,X:BTCUSD,6620.01,6581.0,6640.14,6450.1,38535.227021366765
2018-09-29 00:00:00,X:ETHUSD,221.92,231.42,239.46,212.39,792964.9104946736
2018-09-30 00:00:00,X:BTCUSD,6595.63,6605.0,6662.8,6510.0,29577.113290618603
2018-09-30 00:00:00,X:ETHUSD,231.52,233.07,239.48,224.0,587686.002184608
2018-10-01 00:00:00,X:BTCUSD,6626.36,6572.83,6660.0,6474.9,35273.051268045994
2018-10-01 00:00:00,X:ETHUSD,232.27,231.49,235.75,218.0,518133.3228501777
2018-10-02 00:00:00,X:BTCUSD,6572.83,6527.5,6644.7,6436.2,39603.70052105028
2018-10-02 00:00:00,X:ETHUSD,231.49,224.85,232.4,221.2,401437.3911999141
2018-10-03 00:00:00,X:BTCUSD,6498.47,6466.03,6555.1,6396.34,40621.71709236909
2018-10-03 00:00:00,X:ETHUSD,225.97,219.02,226.49,210.5,763767.805816152
2018-10-04 00:00:00,X:BTCUSD,6507.52,6547.45,6648.8,6450.58,34181.32187787666
2018-10-04 00:00:00,X:ETHUSD,220.48,222.36,227.9,218.12,527762.6186962861
2018-10-05 00:00:00,X:BTCUSD,6547.45,6582.12,6741.4366438,6494.1,36405.63537380021
2018-10-05 00:00:00,X:ETHUSD,221.0,226.73,233.48,218.0,473707.6869872946
2018-10-06 00:00:00,X:BTCUSD,6627.73,6596.43,6648.2,6526.28,23791.210745840843
2018-10-06 00:00:00,X:ETHUSD,228.54440467,223.85,229.31,222.0,312461.82166352967
2018-10-07 00:00:00,X:BTCUSD,6552.42,6570.0,6640.4,6488.3,20706.498242630743
2018-10-07 00:00:00,X:ETHUSD,223.85,226.17,227.76,220.0,359735.0160770267
2018-10-08 00:00:00,X:BTCUSD,6609.4,6608.07,6730.0,6541.06,36513.15582013861
2018-10-08 00:00:00,X:ETHUSD,226.29,227.92,234.9,222.2,482049.71587340656
2018-10-09 00:00:00,X:BTCUSD,6673.3,6589.48,6682.0,6552.5,25124.36572148969
2018-10-09 00:00:00,X:ETHUSD,230.20395475,228.58,231.66566139,224.51,330437.83350506105
2018-10-10 00:00:00,X:BTCUSD,6589.48,6524.56,6663.1,6387.91,36620.37480701487
2018-10-10 00:00:00,X:ETHUSD,228.58,226.79,228.68,221.0,386117.5643811188
2018-10-11 00:00:00,X:BTCUSD,6517.55,6251.8,6631.92,6033.34,94375.58811588274
2018-10-11 00:00:00,X:ETHUSD,223.14,191.16,226.8,184.11,1340028.32935602
2018-10-12 00:00:00,X:BTCUSD,6251.9,6188.01,6353.4,6109.79,32249.89951465928
2018-10-12 00:00:00,X:ETHUSD,188.2,197.11,201.82,186.62,532379.1293468574
2018-10-13 00:00:00,X:BTCUSD,6182.03,6196.0,6339.88,6168.83,22265.815079959862
2018-10-13 00:00:00,X:ETHUSD,193.61,201.74,203.0,192.68,332525.5097423559
2018-10-14 00:00:00,X:BTCUSD,6326.4,6183.0,6403.04,6143.08,33238.10683167496
2018-10-14 00:00:00,X:ETHUSD,201.22,196.75,203.7,187.45,430238.0414209357
2018-10-15 00:00:00,X:BTCUSD,6336.4,6440.42,7788.0,6149.28,156729.6592955363
2018-10-15 00:00:00,X:ETHUSD,191.85,214.31,242.62,189.71,1649573.2399657737
2018-10-16 00:00:00,X:BTCUSD,6742.0,6761.89,6897.6,6375.0,48489.75964041864
2018-10-16 00:00:00,X:ETHUSD,204.52,215.16,219.43,201.91,357824.0785166044
2018-10-17 00:00:00,X:BTCUSD,6457.1,6443.7,6797.05,6407.69,29213.774399080023
2018-10-17 00:00:00,X:ETHUSD,205.43,212.87,217.07,200.72,420076.9512807985
2018-10-18 00:00:00,X:BTCUSD,6443.69,6394.96,6790.94,6344.6,36978.8699634862
2018-10-18 00:00:00,X:ETHUSD,203.21,199.2,215.27,195.15,543554.4576372656
2018-10-19 00:00:00,X:BTCUSD,6395.2,6382.99,6646.72,6352.5,28410.86120565626
2018-10-19 00:00:00,X:ETHUSD,199.1,200.12,207.98,197.18,389367.1503183061
2018-10-20 00:00:00,X:BTCUSD,6382.99,6414.0,6611.68,6360.1,21799.97057716976
2018-10-20 00:00:00,X:ETHUSD,200.01,208.07,209.98,198.56,351898.8539071181
2018-10-21 00:00:00,X:BTCUSD,6413.99,6415.88,6660.8,6399.2,20068.44020112012
2018-10-21 00:00:00,X:ETHUSD,202.33,207.29,212.0,201.08,313292.0065159146
2018-10-22 00:00:00,X:BTCUSD,6411.1,6407.65,6632.95,6367.8,26017.22428728927
2018-10-22 00:00:00,X:ETHUSD,202.14,206.78,209.07,198.75,242015.63283171772
2018-10-23 00:00:00,X:BTCUSD,6580.91,6395.14,6591.6,6354.26,28173.66543791817
2018-10-23 00:00:00,X:ETHUSD,201.0,205.99,208.0,197.65,243815.2170878686
2018-10-24 00:00:00,X:BTCUSD,6395.13,6415.98,6626.3,6392.7,29038.35800212895
2018-10-24 00:00:00,X:ETHUSD,201.12,200.68,208.0,200.0,198469.2948525071
2018-10-25 00:00:00,X:BTCUSD,6415.97,6395.58,6573.72,6356.0,24391.30195354924
2018-10-25 00:00:00,X:ETHUSD,200.68,199.65,205.93,195.83,209635.2344619253
2018-10-26 00:00:00,X:BTCUSD,6393.38,6404.87,6600.0,6377.81,24266.87623929971
2018-10-26 00:00:00,X:ETHUSD,203.88,204.99,210.5,198.32,290656.6676828288
2018-10-27 00:00:00,X:BTCUSD,6406.1,6503.25,6563.46,6381.25,19338.45465647048
2018-10-27 00:00:00,X:ETHUSD,200.71,201.46,205.89,199.92,113740.9459006461
2018-10-28 00:00:00,X:BTCUSD,6503.24,6403.62,6515.83,6380.01,18914.28994099004
2018-10-28 00:00:00,X:ETHUSD,204.39,205.07,205.92,200.8,118063.7584614055
2018-10-29 00:00:00,X:BTCUSD,6403.63,6266.52,6512.0,6201.0,45291.01393412595
2018-10-29 00:00:00,X:ETHUSD,202.44,194.31,205.49,190.92,373891.3522448113
2018-10-30 00:00:00,X:BTCUSD,6343.91,6267.63,6386.7,6240.0,31692.127650598504
2018-10-30 00:00:00,X:ETHUSD,194.29,195.35,199.0,192.6,209932.8612408474
2018-10-31 00:00:00,X:BTCUSD,6331.56,6304.18,6421.35,6199.25,30367.97782665815
2018-10-31 00:00:00,X:ETHUSD,195.36,196.95,201.89,191.4,282804.5045165732
2018-11-01 00:00:00,X:BTCUSD,6371.25,6344.0,6443.9,6288.01,26216.379877768235
2018-11-01 00:00:00,X:ETHUSD,196.95,197.96,200.99,195.59,163456.19420783507
2018-11-02 00:00:00,X:BTCUSD,6405.93,6427.0,6456.1,6318.2,26411.621745467648
2018-11-02 00:00:00,X:ETHUSD,197.96,199.75,204.29,197.46,239689.53461978625
2018-11-03 00:00:00,X:BTCUSD,6427.0,6331.96,6435.76,6300.6,24661.79974920836
2018-11-03 00:00:00,X:ETHUSD,199.75,198.35,202.6,196.5,148656.72749510725
2018-11-04 00:00:00,X:BTCUSD,6391.43,6480.99,6529.4,6310.57,25463.12210266836
2018-11-04 00:00:00,X:ETHUSD,198.34,211.86,218.92,197.61,509548.1180441461
2018-11-05 00:00:00,X:BTCUSD,6491.8,6404.0,6500.6,6369.89,19800.77716496893
2018-11-05 00:00:00,X:ETHUSD,210.06,208.53,213.83848092,205.04,280131.616345536
2018-11-06 00:00:00,X:BTCUSD,6464.49,6448.5,6527.7,6378.24,28823.6410337598
2018-11-06 00:00:00,X:ETHUSD,208.53,220.72,221.57,206.5,490939.6038877875
2018-11-07 00:00:00,X:BTCUSD,6520.1,6572.9,6615.0,6442.47,34723.807564388546
2018-11-07 00:00:00,X:ETHUSD,220.83,216.84,225.12,215.29,462179.3204796025
2018-11-08 00:00:00,X:BTCUSD,6573.0,6406.24,6591.05,6380.6,36114.08082330939
2018-11-08 00:00:00,X:ETHUSD,216.85,212.95,220.76,209.27,298367.04627048195
2018-11-09 00:00:00,X:BTCUSD,6479.5,6334.89,6508.04,6305.0,30128.24708925604
2018-11-09 00:00:00,X:ETHUSD,212.71,211.05,215.54,206.01,215837.87815871736
2018-11-10 00:00:00,X:BTCUSD,6418.6,6347.42,6469.3,6323.0,16458.353090161632
2018-11-10 00:00:00,X:ETHUSD,208.01,213.2,217.45,207.6,202411.82952256044
2018-11-11 00:00:00,X:BTCUSD,6431.1,6357.54,6474.54,6269.46,21066.6330585693
2018-11-11 00:00:00,X:ETHUSD,213.19,212.92,214.2,205.2,158597.87541855147
2018-11-12 00:00:00,X:BTCUSD,6448.0,6327.87,6493.73,6290.8,27102.5119743886
2018-11-12 00:00:00,X:ETHUSD,212.99,208.83,215.0,206.81,256856.82270268712
2018-11-13 00:00:00,X:BTCUSD,6327.87,6259.34,6501.1,6244.35,32955.86073575545
2018-11-13 00:00:00,X:ETHUSD,208.77,203.2,213.36,202.61,335370.821216921
2018-11-14 00:00:00,X:BTCUSD,6459.0694273,5600.9,6485.8,5280.93,162420.3604299955
2018-11-14 00:00:00,X:ETHUSD,203.2,177.79,211.4,165.0,1747496.7037614365
2018-11-15 00:00:00,X:BTCUSD,5922.31371947,5579.52,5953.8,5188.0,126306.067867742
2018-11-15 00:00:00,X:ETHUSD,177.76,178.89,190.39,165.0,1131640.8121032678
2018-11-16 00:00:00,X:BTCUSD,5749.6,5655.7,5777.5,5410.0,59850.31768591709
2018-11-16 00:00:00,X:ETHUSD,178.89,176.95,185.17,169.03,784191.8557482499
2018-11-17 00:00:00,X:BTCUSD,5655.7,5634.36,5679.05,5450.83,30238.57146729401
2018-11-17 00:00:00,X:ETHUSD,172.4,172.49,177.94,170.34,531412.5031089011
2018-11-18 00:00:00,X:BTCUSD,5633.14,5674.31,5747.99,5499.4,34447.390992404566
2018-11-18 00:00:00,X:ETHUSD,172.49,178.96,182.99,171.51,508314.4510747016
2018-11-19 00:00:00,X:BTCUSD,5674.37,4741.2,5674.84,4670.05,189777.30467586755
2018-11-19 00:00:00,X:ETHUSD,179.39,145.31,179.53,142.0,2047514.4931974525
2018-11-20 00:00:00,X:BTCUSD,4920.7,4349.23,5057.19,4028.8,281494.0582949572
2018-11-20 00:00:00,X:ETHUSD,145.22,133.85,154.89,121.32,3055606.020997932
2018-11-21 00:00:00,X:BTCUSD,4571.0,4545.11,4799.74,4239.01,127366.58889055648
2018-11-21 00:00:00,X:ETHUSD,127.71,138.94,142.24,121.83,1645460.387580507
2018-11-22 00:00:00,X:BTCUSD,4664.7,4402.33,4738.8,4070.0,74533.8075252931
2018-11-22 00:00:00,X:ETHUSD,138.18,127.26,140.94,122.24,861039.9390757418
2018-11-23 00:00:00,X:BTCUSD,4370.7,4283.8,4497.75,4061.02,98236.28897908572
2018-11-23 00:00:00,X:ETHUSD,126.3,125.5,129.47,116.18,1509576.7810131016
2018-11-24 00:00:00,X:BTCUSD,4422.8,3774.99,4541.96,3638.48,145057.70988748592
2018-11-24 00:00:00,X:ETHUSD,125.5,110.16,130.68,106.15,1100278.661117092
2018-11-25 00:00:00,X:BTCUSD,3928.4,3932.9,4233.2,3456.0,205279.004369884
2018-11-25 00:00:00,X:ETHUSD,110.36,114.3,123.51,98.04,2217045.819407516
2018-11-26 00:00:00,X:BTCUSD,4086.5,3727.1,4207.1,3508.0,184084.75679894767
2018-11-26 00:00:00,X:ETHUSD,113.55,106.95,121.49,102.26,1575836.7306074486
2018-11-27 00:00:00,X:BTCUSD,3863.9,3775.0,3964.75,3548.76,140969.29897710335
2018-11-27 00:00:00,X:ETHUSD,110.74409879,108.7,115.0,99.0,1903425.3601226597
2018-11-28 00:00:00,X:BTCUSD,3882.7,4219.8,4447.6,3770.8,168739.07538230586
2018-11-28 00:00:00,X:ETHUSD,111.72,121.94,127.87,108.51,1744187.8833513733
2018-11-29 00:00:00,X:BTCUSD,4305.0,4248.0,4488.0,4066.0,118145.5467935706
2018-11-29 00:00:00,X:ETHUSD,124.04,116.38,125.17,113.0,1001822.712953514
2018-11-30 00:00:00,X:BTCUSD,4323.3,3976.0,4368.8,3856.9,134959.67549981072
2018-11-30 00:00:00,X:ETHUSD,116.38,111.65,121.12,108.83,1584131.8195727137
2018-12-01 00:00:00,X:BTCUSD,3976.01,4138.39999,4342.13,3904.34,75447.58524796143
2018-12-01 00:00:00,X:ETHUSD,113.64,116.82,123.1,109.84,654023.9956414467
2018-12-02 00:00:00,X:BTCUSD,4241.35765523,4103.19,4371.19,4025.1,69317.28518684111
2018-12-02 00:00:00,X:ETHUSD,116.82,114.76,122.38,113.84,354629.0900990885
2018-12-03 00:00:00,X:BTCUSD,4172.9457484,3833.47,4254.21,3732.6,102795.76486293045
2018-12-03 00:00:00,X:ETHUSD,114.76,109.22,118.96,104.36,633156.818309862
2018-12-04 00:00:00,X:BTCUSD,3833.47,3901.84,4206.99,3728.7,89458.22800913281
2018-12-04 00:00:00,X:ETHUSD,109.23,113.14,117.33,104.16,659070.7553514463
2018-12-05 00:00:00,X:BTCUSD,3982.2,3694.3,4090.52,3653.0,103413.93237082314
2018-12-05 00:00:00,X:ETHUSD,108.61,100.76,113.57,99.5,884127.292281195
2018-12-06 00:00:00,X:BTCUSD,3771.4,3433.26,3922.7,3400.0,143817.52626708642
2018-12-06 00:00:00,X:ETHUSD,102.65,89.09,106.62,88.86,1666010.558613018
2018-12-07 00:00:00,X:BTCUSD,3531.0,3460.0,3639.94,3208.0,214524.86101300563
2018-12-07 00:00:00,X:ETHUSD,91.971,92.51,109.43,81.0,2442417.825131305
2018-12-08 00:00:00,X:BTCUSD,3460.0,3398.8,3800.1,3241.0,137583.01573767068
2018-12-08 00:00:00,X:ETHUSD,94.79,90.07,100.5,83.7,1185051.5417602248
2018-12-09 00:00:00,X:BTCUSD,3506.0,3531.18,3789.0,3359.9,84501.73586578516
2018-12-09 00:00:00,X:ETHUSD,92.789,92.8,102.5,87.88,1024379.472521383
2018-12-10 00:00:00,X:BTCUSD,3642.1,3523.0,3732.82,3348.7,96374.07365546556
2018-12-10 00:00:00,X:ETHUSD,95.847,93.41,99.11,87.3,837375.2058527941
2018-12-11 00:00:00,X:BTCUSD,3523.2,3349.36,3596.09,3292.65,82422.63761049975
2018-12-11 00:00:00,X:ETHUSD,89.23,91.62,95.36,85.0,741824.7170683888
2018-12-12 00:00:00,X:BTCUSD,3435.2,3430.24,3635.8,3323.6,78076.81866306781
2018-12-12 00:00:00,X:ETHUSD,86.96,89.09,95.06,85.5,620214.09383656
2018-12-13 00:00:00,X:BTCUSD,3535.7,3260.0,3585.47,3217.7,95486.49060610028
2018-12-13 00:00:00,X:ETHUSD,91.833,87.901,93.048,83.0,748805.120098637
2018-12-14 00:00:00,X:BTCUSD,3354.3,3194.9,3413.13,3134.0,115207.87494944458
2018-12-14 00:00:00,X:ETHUSD,85.24,85.198,88.84,80.56,727647.8614798594
2018-12-15 00:00:00,X:BTCUSD,3281.7,3183.0,3351.61,3120.0,60940.22520208184
2018-12-15 00:00:00,X:ETHUSD,83.0,85.79,87.31,80.89,459103.8065644373
2018-12-16 00:00:00,X:BTCUSD,3283.4,3301.5,3384.93,3159.0,73668.4345446483
2018-12-16 00:00:00,X:ETHUSD,82.92,83.74,91.461,82.65,531757.606417565
2018-12-17 00:00:00,X:BTCUSD,3300.1,3496.73,3744.8,3181.26,128179.61422329993
2018-12-17 00:00:00,X:ETHUSD,86.601,97.25,100.39,83.29,1129333.5985199371
2018-12-18 00:00:00,X:BTCUSD,3623.9,3667.77,3799.9,3422.77,132814.3482704447
2018-12-18 00:00:00,X:ETHUSD,93.8,102.94,105.77,91.49,896174.9135304383
2018-12-19 00:00:00,X:BTCUSD,3780.7,3810.0,4043.0,3637.17,152075.37877521673
2018-12-19 00:00:00,X:ETHUSD,101.0,99.4,110.9,98.16,1522894.4387185087
2018-12-20 00:00:00,X:BTCUSD,3810.0,4075.34,4299.0,3651.0,208458.6567105803
2018-12-20 00:00:00,X:ETHUSD,99.39,114.52,120.7,98.0,1637735.836843454
2018-12-21 00:00:00,X:BTCUSD,4214.5,3841.08,4300.0,3769.2,118066.07480608304
2018-12-21 00:00:00,X:ETHUSD,118.47,109.96,122.66,105.05,1245003.402211577
2018-12-22 00:00:00,X:BTCUSD,3976.0,4021.88,4166.0,3780.09,69370.03942758613
2018-12-22 00:00:00,X:ETHUSD,111.37,120.49427129,121.0,105.34,700613.6805352431
2018-12-23 00:00:00,X:BTCUSD,4023.89,3944.93,4216.0,3900.0,85402.32533917652
2018-12-23 00:00:00,X:ETHUSD,120.49,131.41,138.94,115.69,1429215.7818434208
2018-12-24 00:00:00,X:BTCUSD,3944.92,4140.7,4384.0,3941.6,117399.21457797731
2018-12-24 00:00:00,X:ETHUSD,133.76,139.09,163.5,129.32,2553924.057393064
2018-12-25 00:00:00,X:BTCUSD,4140.7,3807.82,4155.0,3671.5,102588.95794457143
2018-12-25 00:00:00,X:ETHUSD,139.02,129.64,143.5,120.62,1735344.8454136252
2018-12-26 00:00:00,X:BTCUSD,3810.22,3809.88,3990.0,3678.8,78308.88840910373
2018-12-26 00:00:00,X:ETHUSD,129.65,130.47,141.65,123.2,1096086.6330305731
2018-12-27 00:00:00,X:BTCUSD,3930.0,3589.89,3968.8,3565.9,82617.21772922916
2018-12-27 00:00:00,X:ETHUSD,130.47,118.57,136.0,112.26,1252535.6951689052
2018-12-28 00:00:00,X:BTCUSD,3714.1,3888.06,4095.0,3575.0,95688.5888497408
2018-12-28 00:00:00,X:ETHUSD,118.58,137.18,143.9,113.03,1459904.0581391626
2018-12-29 00:00:00,X:BTCUSD,4036.8,3725.0,4099.7,3645.0,66448.0408371786
2018-12-29 00:00:00,X:ETHUSD,142.15,134.02,153.0,121.7,1334135.6290711472
2018-12-30 00:00:00,X:BTCUSD,3893.9,3835.79,4003.8,3681.0,63861.04863188032
2018-12-30 00:00:00,X:ETHUSD,140.33,138.0,145.25,128.13999,864057.6646639552
2018-12-31 00:00:00,X:BTCUSD,3978.5,3691.86,3986.9,3621.6,65086.13353317965
2018-12-31 00:00:00,X:ETHUSD,138.72999,136.0,144.5,127.78,698323.6304646995
2019-01-01 00:00:00,X:BTCUSD,3832.6286242,3826.1,4499.3,3629.66,57017.5379986069
2019-01-01 00:00:00,X:ETHUSD,130.66,139.36,148.15192358,129.5,697829.5315539296
2019-01-02 00:00:00,X:BTCUSD,3963.0,3886.2,4083.470676,3767.04,73713.83827697848
2019-01-02 00:00:00,X:ETHUSD,145.05,153.51,163.67,138.41,1040487.7130966488
2019-01-03 00:00:00,X:BTCUSD,3867.79,3787.57,4056.64433109,3721.9,39961.72162339783
2019-01-03 00:00:00,X:ETHUSD,159.51163185,147.23,160.93,143.51,733449.5683559948
2019-01-04 00:00:00,X:BTCUSD,3923.2,3820.82,3986.0,3712.31,72239.55929299629
2019-01-04 00:00:00,X:ETHUSD,152.41686459,151.93,162.4,144.77,1022489.1682539464
2019-01-05 00:00:00,X:BTCUSD,3954.9,3798.62,4014.9,3772.1,37066.90401520809
2019-01-05 00:00:00,X:ETHUSD,158.71,153.85,167.0,152.02,936420.2873501198
2019-01-06 00:00:00,X:BTCUSD,3911.9,4040.99,4218.0,3753.0,59412.91532155639
2019-01-06 00:00:00,X:ETHUSD,154.21,155.92,165.86,147.16,892090.811513106
2019-01-07 00:00:00,X:BTCUSD,4169.2,4005.3,4197.0,3952.38,72110.82759708774
2019-01-07 00:00:00,X:ETHUSD,155.91,150.62,162.59,147.76,520879.2956152181
2019-01-08 00:00:00,X:BTCUSD,4005.97,3993.86,4215.8,3933.24,67462.67440223772
2019-01-08 00:00:00,X:ETHUSD,150.57,149.01,158.09124123,146.0,678085.8369659398
2019-01-09 00:00:00,X:BTCUSD,4100.0,4004.12,4168.9,3940.47,87663.79067240242
2019-01-09 00:00:00,X:ETHUSD,149.05,149.56,162.76,147.31,534366.7101596054
2019-01-10 00:00:00,X:BTCUSD,4083.3,3610.44,4143.3,3503.44,116478.82560129336
2019-01-10 00:00:00,X:ETHUSD,152.65,129.5,154.8,122.0,1426427.6564498288
2019-01-11 00:00:00,X:BTCUSD,3712.8,3635.1,3777.8,3546.18,78384.48044339012
2019-01-11 00:00:00,X:ETHUSD,129.52,125.58,131.79,120.71,732165.4380891572
2019-01-12 00:00:00,X:BTCUSD,3715.4,3617.13,3734.0,3557.09,50418.20248115684
2019-01-12 00:00:00,X:ETHUSD,128.76,124.59,130.37,122.61,395499.20964825136
2019-01-13 00:00:00,X:BTCUSD,3702.0,3496.89,3729.0,3375.0,43462.0017169901
2019-01-13 00:00:00,X:ETHUSD,124.57,115.58,128.06,113.16,589677.6796054919
2019-01-14 00:00:00,X:BTCUSD,3590.9,3664.19,3799.4,3490.92,68684.62560579082
2019-01-14 00:00:00,X:ETHUSD,117.94,127.39,134.5,114.76,880125.628290262
2019-01-15 00:00:00,X:BTCUSD,3664.18,3576.93,3780.87473393,3534.68,69588.69776534101
2019-01-15 00:00:00,X:ETHUSD,131.45921456,120.0,134.29,116.55,983114.0588440924
2019-01-16 00:00:00,X:BTCUSD,3653.3,3609.71,3759.89484429,3555.3,58363.98848678905
2019-01-16 00:00:00,X:ETHUSD,122.6,121.61,131.36,118.86,880303.3599932193
2019-01-17 00:00:00,X:BTCUSD,3675.4,3638.01,3725.0,3534.25,61928.44076789186
2019-01-17 00:00:00,X:ETHUSD,124.36,122.55,127.32,116.97,762937.6390568033
2019-01-18 00:00:00,X:BTCUSD,3722.5,3612.2,3723.9,3570.73,50216.24215268405
2019-01-18 00:00:00,X:ETHUSD,121.64,119.53,125.66,117.74,500276.3054694613
2019-01-19 00:00:00,X:BTCUSD,3675.7,3681.0,3950.0,3596.17,51776.61452319266
2019-01-19 00:00:00,X:ETHUSD,121.88,123.09,132.36,118.7,580572.8880760315
2019-01-20 00:00:00,X:BTCUSD,3762.9,3586.1,3796.9,3468.7,56588.81992219314
2019-01-20 00:00:00,X:ETHUSD,126.0,117.43,126.87,107.51,605481.6987810974
2019-01-21 00:00:00,X:BTCUSD,3586.1,3531.76,3620.1,3485.58,60585.8599757151
2019-01-21 00:00:00,X:ETHUSD,117.46,115.86,120.53,113.44,507673.5681605748
2019-01-22 00:00:00,X:BTCUSD,3527.88,3576.81,3682.14145688,3401.36,63644.218538312685
2019-01-22 00:00:00,X:ETHUSD,117.42,118.08,122.12,110.37,664046.8784940741
2019-01-23 00:00:00,X:BTCUSD,3572.42,3553.01,3677.0,3518.0,61782.017033343815
2019-01-23 00:00:00,X:ETHUSD,120.19,118.76,121.29,114.91,402531.4733664354
2019-01-24 00:00:00,X:BTCUSD,3553.2,3652.70510422,3671.4,3524.0,45587.29233120581
2019-01-24 00:00:00,X:ETHUSD,118.75892895,116.293,120.12,113.5,462729.53401113785
2019-01-25 00:00:00,X:BTCUSD,3568.97,3562.17,3663.5,3510.01,54843.20177273602
2019-01-25 00:00:00,X:ETHUSD,116.319,115.06,120.0,114.04,444525.8544650805
2019-01-26 00:00:00,X:BTCUSD,3564.37,3631.2,3750.0,3535.6,47136.5090035675
2019-01-26 00:00:00,X:ETHUSD,114.95,117.26,122.0,114.57,344532.27124534245
2019-01-27 00:00:00,X:BTCUSD,3631.2,3531.02,3645.7,3456.0,47684.96874618628
2019-01-27 00:00:00,X:ETHUSD,117.28,112.073,118.49,110.21,545243.5067497325
2019-01-28 00:00:00,X:BTCUSD,3597.1,3429.95,3597.9,3357.3,69555.62471669477
2019-01-28 00:00:00,X:ETHUSD,112.073,107.49,114.45,100.9,1145782.0027208407
2019-01-29 00:00:00,X:BTCUSD,3431.43,3410.46,3517.5,3322.19,39012.69243044138
2019-01-29 00:00:00,X:ETHUSD,105.44,104.448,108.36,102.0,717907.607455076
2019-01-30 00:00:00,X:BTCUSD,3478.0,3437.55,3550.0,3371.3,49787.38967817955
2019-01-30 00:00:00,X:ETHUSD,104.01,107.61,112.06,102.89,941900.6664822072
2019-01-31 00:00:00,X:BTCUSD,3437.55,3438.15,3574.80983774,3392.6,36057.25701931031
2019-01-31 00:00:00,X:ETHUSD,108.261,105.76,113.88,104.2,689024.0729109037
2019-02-01 00:00:00,X:BTCUSD,3413.69,3437.5,3559.0,3364.53,38432.16019830777
2019-02-01 00:00:00,X:ETHUSD,105.84,106.819,110.67,102.87,834163.7503246254
2019-02-02 00:00:00,X:BTCUSD,3434.83,3468.43,3581.0,3406.38,23460.772001129542
2019-02-02 00:00:00,X:ETHUSD,105.84,112.71,114.33389877,105.03,549544.5807873314
2019-02-03 00:00:00,X:BTCUSD,3501.61,3414.78,3566.8,3384.67,26332.198293728223
2019-02-03 00:00:00,X:ETHUSD,112.7,107.327,114.2,104.41,802815.9976102072
2019-02-04 00:00:00,X:BTCUSD,3501.73867085,3409.57,3522.7,3394.85,22609.30666761467
2019-02-04 00:00:00,X:ETHUSD,108.58,107.666,110.6,105.29,587763.0886851384
2019-02-05 00:00:00,X:BTCUSD,3409.81,3474.24,3517.5,3396.0,26132.346519051785
2019-02-05 00:00:00,X:ETHUSD,106.04,107.394,109.17,104.82,649734.5865678266
2019-02-06 00:00:00,X:BTCUSD,3431.81,3408.93,3520.99742772,3328.7,48308.27047658849
2019-02-06 00:00:00,X:ETHUSD,107.386,106.05,109.0,100.0,822442.7669292762
2019-02-07 00:00:00,X:BTCUSD,3366.0,3359.0,3462.3,3348.1,23799.528429030564
2019-02-07 00:00:00,X:ETHUSD,106.06,103.32,107.75,102.6,676364.3400091857
2019-02-08 00:00:00,X:BTCUSD,3358.99,3656.43,3800.0,3337.91,89576.84005847185
2019-02-08 00:00:00,X:ETHUSD,105.78,117.96,124.88,102.29,1567269.0297645149
2019-02-09 00:00:00,X:BTCUSD,3656.99,3625.7,3744.2,3589.52,31425.16832410725
2019-02-09 00:00:00,X:ETHUSD,119.135,117.98,123.73,116.54,625595.0699776894
2019-02-10 00:00:00,X:BTCUSD,3718.4,3648.84,3753.5,3576.16,45136.89697776613
2019-02-10 00:00:00,X:ETHUSD,121.08,125.2,128.16,114.21,1059450.520235553
2019-02-11 00:00:00,X:BTCUSD,3747.7,3590.36,3750.0,3577.7,43054.820118635456
2019-02-11 00:00:00,X:ETHUSD,123.93,119.43,127.31,118.09,809257.1238913734
2019-02-12 00:00:00,X:BTCUSD,3588.99,3629.23,3728.0,3538.2,48707.99891789071
2019-02-12 00:00:00,X:ETHUSD,122.68928414,122.278,127.0,117.0,797050.4819808113
2019-02-13 00:00:00,X:BTCUSD,3694.1,3611.86,3742.39039255,3541.0,69356.46780067618
2019-02-13 00:00:00,X:ETHUSD,122.293,122.077,130.46398664,119.5,946359.2269173552
2019-02-14 00:00:00,X:BTCUSD,3576.69,3561.5,3682.87483504,3531.01,47338.59150071372
2019-02-14 00:00:00,X:ETHUSD,123.85,122.52,126.35,115.0,889796.4930168983
2019-02-15 00:00:00,X:BTCUSD,3561.49,3603.19,3719.0,3544.88,36128.94624598912
2019-02-15 00:00:00,X:ETHUSD,120.576,120.45,127.4,119.0,575656.4916135439
2019-02-16 00:00:00,X:BTCUSD,3603.22,3676.44566949,3726.7,3561.96,27992.44494840771
2019-02-16 00:00:00,X:ETHUSD,121.646,122.704,127.25,120.4,538619.9270033663
2019-02-17 00:00:00,X:BTCUSD,3580.43,3625.08,3790.0,3552.7,64403.3924053909
2019-02-17 00:00:00,X:ETHUSD,124.68,133.7,139.5,121.3,1300309.8202165577
2019-02-18 00:00:00,X:BTCUSD,3666.5,3900.38,4021.0,3614.82,118140.15778501776
2019-02-18 00:00:00,X:ETHUSD,136.17,145.738,152.0,131.0,1980267.1836701203
2019-02-19 00:00:00,X:BTCUSD,3900.07,3888.46,4083.5,3838.2,102703.92134232642
2019-02-19 00:00:00,X:ETHUSD,145.735,142.69,153.76,141.5,1103181.1154231266
2019-02-20 00:00:00,X:BTCUSD,3889.92,3974.09,4070.0,3861.49,62703.19622540212
2019-02-20 00:00:00,X:ETHUSD,142.72999,148.352,152.99,138.16,1011829.5616619746
2019-02-21 00:00:00,X:BTCUSD,4055.0,3897.71,4145.0,3863.2,54368.80954066679
2019-02-21 00:00:00,X:ETHUSD,146.98,144.21,156.4,141.61,970168.3312530696
2019-02-22 00:00:00,X:BTCUSD,3897.71,3942.02,4074.0,3882.59,43781.61948786251
2019-02-22 00:00:00,X:ETHUSD,148.30303447,146.68,152.43,142.11,880450.8623985647
2019-02-23 00:00:00,X:BTCUSD,4058.3,4113.53,4255.0,3905.63,64806.03516160552
2019-02-23 00:00:00,X:ETHUSD,151.27,161.53745825,163.78,144.66999,1301939.8330219951
2019-02-24 00:00:00,X:BTCUSD,4114.75,3753.04,4282.4,3625.0,113265.89710601352
2019-02-24 00:00:00,X:ETHUSD,157.716,132.428,170.0,131.0,2068057.395357459
2019-02-25 00:00:00,X:BTCUSD,3734.23,3818.79,3966.5,3731.09,55980.915158838616
2019-02-25 00:00:00,X:ETHUSD,135.3,137.64,144.78,130.61,1178415.3547868703
2019-02-26 00:00:00,X:BTCUSD,3818.78,3810.02,3934.1,3760.09,36744.59466042923
2019-02-26 00:00:00,X:ETHUSD,141.17,135.71,141.75,132.05,617480.404579813
2019-02-27 00:00:00,X:BTCUSD,3810.04,3799.91,3934.0,3652.6,62466.99957175999
2019-02-27 00:00:00,X:ETHUSD,136.319,137.71,144.19,125.66,1354914.3449654144
2019-02-28 00:00:00,X:BTCUSD,3816.55,3792.14,3988.0,3754.37,72621.68192762544
2019-02-28 00:00:00,X:ETHUSD,137.72,134.48,143.0,131.44999,834841.7566534017
2019-03-01 00:00:00,X:BTCUSD,3793.6,3806.17,3949.0,3785.8,45057.36382372144
2019-03-01 00:00:00,X:ETHUSD,134.59,138.5,141.44,133.52,348921.6709671802
2019-03-02 00:00:00,X:BTCUSD,3806.17,3809.7,3924.0,3754.3,33746.99651327026
2019-03-02 00:00:00,X:ETHUSD,138.53,132.32,139.31,128.85,942112.9672537555
2019-03-03 00:00:00,X:BTCUSD,3819.38,3786.93,3925.0,3755.4,23896.094047959727
2019-03-03 00:00:00,X:ETHUSD,132.521,129.81,137.99,127.0,579013.3362401671
2019-03-04 00:00:00,X:BTCUSD,3807.97,3700.72,3911.1,3670.0,62761.7956810832
2019-03-04 00:00:00,X:ETHUSD,130.508,128.39,133.88740746,122.52,1189934.131462911
2019-03-05 00:00:00,X:BTCUSD,3698.65,3844.9,3968.7,3690.0,76726.50867675859
2019-03-05 00:00:00,X:ETHUSD,125.18,136.625,141.0,124.75,1116945.1585260455
2019-03-06 00:00:00,X:BTCUSD,3844.07,3861.93,3986.5,3805.0,40741.46070227823
2019-03-06 00:00:00,X:ETHUSD,136.636,140.57,143.83,129.4,1149175.3565943602
2019-03-07 00:00:00,X:BTCUSD,3861.9,3964.4,3997.4,3826.13,38691.920063652666
2019-03-07 00:00:00,X:ETHUSD,140.569586,136.827,143.3,133.63,722455.4460264008
2019-03-08 00:00:00,X:BTCUSD,3964.4,3843.12,4021.0,3760.1,86658.76500639578
2019-03-08 00:00:00,X:ETHUSD,136.25,136.18,143.06280348,128.85,814310.4388317853
2019-03-09 00:00:00,X:BTCUSD,3867.41,3941.95,4046.2,3834.59,31933.841456544797
2019-03-09 00:00:00,X:ETHUSD,136.19,136.33,141.71,131.86,747616.4254958485
2019-03-10 00:00:00,X:BTCUSD,3917.0,3915.61,4017.2,3862.0,23657.094906001304
2019-03-10 00:00:00,X:ETHUSD,140.04,134.66,140.4,133.3,616009.1094322397
2019-03-11 00:00:00,X:BTCUSD,3998.6,3949.1,4009.2,3812.64,33081.74588550117
2019-03-11 00:00:00,X:ETHUSD,138.19868858,132.624,138.76,130.44999,813130.7311725938
2019-03-12 00:00:00,X:BTCUSD,3849.67,3860.0,3979.5,3791.07,57012.35185040504
2019-03-12 00:00:00,X:ETHUSD,135.41,132.8,139.01,127.19,872699.0299129316
2019-03-13 00:00:00,X:BTCUSD,3884.75,3863.91,3972.6,3820.0,43727.682028153125
2019-03-13 00:00:00,X:ETHUSD,133.569,134.51,136.32,130.12,690677.2030377538
2019-03-14 00:00:00,X:BTCUSD,3863.88,3877.31,4004.0,3775.01,47025.9401600702
2019-03-14 00:00:00,X:ETHUSD,131.601,132.152,138.51,128.0,895183.2304476986
2019-03-15 00:00:00,X:BTCUSD,3877.34,3902.8,4011.0,3843.09,78667.11216261316
2019-03-15 00:00:00,X:ETHUSD,131.4,135.99,141.19,131.36,1139097.3650985744
2019-03-16 00:00:00,X:BTCUSD,3902.8,4088.0382664,4166.8,3899.12,48486.17685227064
2019-03-16 00:00:00,X:ETHUSD,139.27,140.955,147.5,135.79,959390.6300378256
2019-03-17 00:00:00,X:BTCUSD,3990.0,3981.3,4089.8,3927.28,28602.14360573654
2019-03-17 00:00:00,X:ETHUSD,143.79168208,138.717,143.79168208,135.55,1065523.610373268
2019-03-18 00:00:00,X:BTCUSD,4068.9,3969.59,4120.0,3929.83,30732.348037718788
2019-03-18 00:00:00,X:ETHUSD,141.72,137.01,144.88,135.03,939871.6817732168
2019-03-19 00:00:00,X:BTCUSD,3985.06,4000.85,4120.0,3947.15,28211.90016721292
2019-03-19 00:00:00,X:ETHUSD,140.59,141.64,142.34,136.15,753632.6116012603
2019-03-20 00:00:00,X:BTCUSD,4104.5,4041.46,4136.5,3962.6,39447.91544239073
2019-03-20 00:00:00,X:ETHUSD,138.15,139.02,143.02,135.13,994632.6357504056
2019-03-21 00:00:00,X:BTCUSD,4032.68,3972.76,4146.9,3871.3,46299.808738241656
2019-03-21 00:00:00,X:ETHUSD,139.035,134.3,142.78,131.94999,872218.1306369384
2019-03-22 00:00:00,X:BTCUSD,4044.9,3985.65,4070.6,3958.94,21853.87515246588
2019-03-22 00:00:00,X:ETHUSD,134.3,135.72999,139.49,133.94,583881.8986317038
2019-03-23 00:00:00,X:BTCUSD,3983.77,3983.43,4084.0,3957.11,16763.21392054489
2019-03-23 00:00:00,X:ETHUSD,135.874,136.52,140.7,135.18,581213.6642235945
2019-03-24 00:00:00,X:BTCUSD,3982.45,3969.52,4063.1,3942.04,13604.307524167743
2019-03-24 00:00:00,X:ETHUSD,137.366,135.29,139.37,133.22,553276.1557685366
2019-03-25 00:00:00,X:BTCUSD,3969.52,3907.53,4049.9,3850.45,36816.55244931525
2019-03-25 00:00:00,X:ETHUSD,135.36,133.909,138.76,130.59,685567.2930995114
2019-03-26 00:00:00,X:BTCUSD,3970.0,3921.45,3996.0,3879.5,21229.268800783488
2019-03-26 00:00:00,X:ETHUSD,135.14155752,135.4,136.26,131.38,427014.848946596
2019-03-27 00:00:00,X:BTCUSD,3922.41,4038.7,4109.9,3912.19,36131.31873706896
2019-03-27 00:00:00,X:ETHUSD,135.4,141.71,142.19,132.98,566417.1447025874
2019-03-28 00:00:00,X:BTCUSD,4025.5,4011.17,4114.4,3992.6,20576.439892267077
2019-03-28 00:00:00,X:ETHUSD,139.08,137.886,141.65,135.78,507385.9185337208
2019-03-29 00:00:00,X:BTCUSD,4028.44,4091.01,4197.2,4005.0,48828.848047354695
2019-03-29 00:00:00,X:ETHUSD,137.883,142.83,146.6,136.84,425890.15887936094
2019-03-30 00:00:00,X:BTCUSD,4090.0,4105.48,4210.0,4040.0,28344.33352276142
2019-03-30 00:00:00,X:ETHUSD,146.2,142.27,149.17,139.63,435641.2264517564
2019-03-31 00:00:00,X:BTCUSD,4092.2,4103.47,4182.9,4073.7,15371.259064137555
2019-03-31 00:00:00,X:ETHUSD,144.65,141.464,144.68,140.08,207535.2377529908
2019-04-01 00:00:00,X:BTCUSD,4095.0,4137.0,4224.6,4051.53,46955.973620230165
2019-04-01 00:00:00,X:ETHUSD,143.78,141.03,145.58,138.27,556135.7418656715
2019-04-02 00:00:00,X:BTCUSD,4143.6,4852.84,5142.89999,4130.64,196729.657575205
2019-04-02 00:00:00,X:ETHUSD,143.14724475,163.248,168.72,140.7,2280239.5985923563
2019-04-03 00:00:00,X:BTCUSD,4899.01,4975.97,5362.7,4751.0,214003.0644288264
2019-04-03 00:00:00,X:ETHUSD,165.5,161.17,181.33,150.52,2612251.540680328
2019-04-04 00:00:00,X:BTCUSD,4975.13,4906.49,5100.0,4775.0,104370.77283180876
2019-04-04 00:00:00,X:ETHUSD,161.16,157.339,165.37787205,152.95,2339872.784182257
2019-04-05 00:00:00,X:BTCUSD,4902.63,5039.73,5132.5,4882.9,72467.40192306046
2019-04-05 00:00:00,X:ETHUSD,157.346,166.08,170.0,155.5,1801204.369862124
2019-04-06 00:00:00,X:BTCUSD,5040.95,5049.22,5280.0,4895.89999,71580.24455363616
2019-04-06 00:00:00,X:ETHUSD,164.702,165.459,174.32,156.0,1479880.941540426
2019-04-07 00:00:00,X:BTCUSD,5044.35,5170.25,5321.6,5015.7,79035.15934153416
2019-04-07 00:00:00,X:ETHUSD,165.7,174.236,178.99,163.88,1244290.914516127
2019-04-08 00:00:00,X:BTCUSD,5173.31,5236.62,5373.9,5045.36,109287.50748099816
2019-04-08 00:00:00,X:ETHUSD,174.91,178.733,187.98,171.2,2065643.3652180256
2019-04-09 00:00:00,X:BTCUSD,5236.67,5187.21,5312.4,5077.12,84052.18417710942
2019-04-09 00:00:00,X:ETHUSD,181.41,174.632,181.66,172.052,2063468.9911761757
2019-04-10 00:00:00,X:BTCUSD,5148.83,5305.0,5488.0,5131.28,79321.84319536394
2019-04-10 00:00:00,X:ETHUSD,174.616,177.7,186.97,167.0,2001528.01860272
2019-04-11 00:00:00,X:BTCUSD,5323.47,5016.39,5344.31,4933.13,80267.15332518538
2019-04-11 00:00:00,X:ETHUSD,177.71,164.92,178.0,158.668,1533031.5323041026
2019-04-12 00:00:00,X:BTCUSD,5037.82,5053.51,5134.9,4871.16,56716.946384185896
2019-04-12 00:00:00,X:ETHUSD,165.59,165.3,168.87,158.178,984341.3612268568
2019-04-13 00:00:00,X:BTCUSD,5078.19,5066.22,5163.0,5004.76,22667.397297699565
2019-04-13 00:00:00,X:ETHUSD,163.387,165.2,167.19,161.028,904312.0624702574
2019-04-14 00:00:00,X:BTCUSD,5064.0,5164.27,5211.9,4997.03,27654.938630532884
2019-04-14 00:00:00,X:ETHUSD,165.2,167.98,170.77678691,161.05,850488.7636379093
2019-04-15 00:00:00,X:BTCUSD,5130.43,5027.31,5218.6,4942.8,46490.679771170464
2019-04-15 00:00:00,X:ETHUSD,168.0,159.969,170.52,155.0,716726.8442439407
2019-04-16 00:00:00,X:BTCUSD,5027.33,5234.4,5256.7,5003.52,44271.73565019464
2019-04-16 00:00:00,X:ETHUSD,159.992,166.38,168.76,159.406,877870.1405353729
2019-04-17 00:00:00,X:BTCUSD,5234.4,5224.89999,5300.0,5145.47,50162.26976335937
2019-04-17 00:00:00,X:ETHUSD,166.38,166.54,169.38,163.978,711902.007480832
2019-04-18 00:00:00,X:BTCUSD,5227.0,5280.49,5340.0,5199.14,46401.840151239
2019-04-18 00:00:00,X:ETHUSD,165.789,174.04,177.39,165.189,821483.8487007938
2019-04-19 00:00:00,X:BTCUSD,5310.8,5290.36,5376.0,5180.37,38529.83300264445
2019-04-19 00:00:00,X:ETHUSD,174.04,172.669,175.52,168.804,995748.4471614312
2019-04-20 00:00:00,X:BTCUSD,5314.1,5292.03,5404.84614183,5236.38,30961.61438497561
2019-04-20 00:00:00,X:ETHUSD,174.61,173.73,179.17,169.911,843936.6199844143
2019-04-21 00:00:00,X:BTCUSD,5292.03,5297.64,5368.0,5174.79,37601.79913836631
2019-04-21 00:00:00,X:ETHUSD,172.76,170.61,175.11,164.955,901332.26073199
2019-04-22 00:00:00,X:BTCUSD,5255.43,5387.6,5459.5,5213.15,58584.382947227336
2019-04-22 00:00:00,X:ETHUSD,168.583,171.58,174.34,167.042,862987.3634701705
2019-04-23 00:00:00,X:BTCUSD,5357.36,5546.1,5650.01,5335.21,79644.15813650827
2019-04-23 00:00:00,X:ETHUSD,170.54,169.22,178.41933802,167.948,826177.4844987211
2019-04-24 00:00:00,X:BTCUSD,5547.0,5409.82,5690.0,5345.2,74956.7077055226
2019-04-24 00:00:00,X:ETHUSD,170.21,164.729,171.6,159.376,922110.5088130102
2019-04-25 00:00:00,X:BTCUSD,5440.95,5134.81,5558.0,4357.1,78698.48608175301
2019-04-25 00:00:00,X:ETHUSD,166.7,152.05,167.36,146.0,1064140.2085873152
2019-04-26 00:00:00,X:BTCUSD,5216.87,5410.9,5525.0,5041.14,77559.36242586699
2019-04-26 00:00:00,X:ETHUSD,154.54,153.41,162.86,148.18,734628.210671554
2019-04-27 00:00:00,X:BTCUSD,5313.53,5294.32,5458.0,5113.0,31466.713549607062
2019-04-27 00:00:00,X:ETHUSD,153.42,159.276,165.82,152.33,623040.3770831716
2019-04-28 00:00:00,X:BTCUSD,5294.22,5308.69,5545.7,5099.0,23308.50898985629
2019-04-28 00:00:00,X:ETHUSD,162.73,153.19,166.42,152.16,575603.1609309533
2019-04-29 00:00:00,X:BTCUSD,5308.8,5148.25,5518.0,5061.1,53065.79880689859
2019-04-29 00:00:00,X:ETHUSD,153.25,155.183,164.5,148.1,904678.1187501816
2019-04-30 00:00:00,X:BTCUSD,5238.4,5270.69,5612.0,5126.25,48081.25756073226
2019-04-30 00:00:00,X:ETHUSD,162.35,170.5,171.79,152.29,722643.0788939793
2019-05-01 00:00:00,X:BTCUSD,5599.52273017,5321.15,5655.0,5263.03,25745.438409791528
2019-05-01 00:00:00,X:ETHUSD,160.31,167.67459112,173.09,156.52,475394.5143817461
2019-05-02 00:00:00,X:BTCUSD,5321.15,5492.68,5784.3,5304.99,36454.25071441542
2019-05-02 00:00:00,X:ETHUSD,167.67459112,158.52,170.6,154.6,400288.48895314906
2019-05-03 00:00:00,X:BTCUSD,5390.0,5771.05,6150.0,5363.0,85690.3986070365
2019-05-03 00:00:00,X:ETHUSD,169.25,164.74,181.21,157.61,774929.4436540578
2019-05-04 00:00:00,X:BTCUSD,5771.28,5828.8,6189.9903581,5510.0,55037.01821748279
2019-05-04 00:00:00,X:ETHUSD,164.82,170.95,178.83,157.75,590471.7519542661
2019-05-05 00:00:00,X:BTCUSD,5828.85,5715.86,6112.3,5624.25,38065.77739653243
2019-05-05 00:00:00,X:ETHUSD,163.54,171.01,172.98,155.47,504511.9679490136
2019-05-06 00:00:00,X:BTCUSD,5772.84,6027.9,6102.0,5562.44,39275.93764000935
2019-05-06 00:00:00,X:ETHUSD,161.26,181.6,187.24,157.0,891681.2614013673
2019-05-07 00:00:00,X:BTCUSD,5687.9,5748.45,6325.0,5686.88,62697.77729274386
2019-05-07 00:00:00,X:ETHUSD,171.21,166.51,191.83,165.02,878556.4970467637
2019-05-08 00:00:00,X:BTCUSD,5751.54,5988.71,6230.0,5656.26,42177.61529458127
2019-05-08 00:00:00,X:ETHUSD,169.096,169.58,179.29,162.0,709924.5381854544
2019-05-09 00:00:00,X:BTCUSD,5947.0,6179.63,6344.0,5932.83,52330.89191849956
2019-05-09 00:00:00,X:ETHUSD,169.69,173.42,180.4,165.23,472278.9577241955
2019-05-10 00:00:00,X:BTCUSD,6179.68,6343.14,6522.2,6105.0,70214.21290386119
2019-05-10 00:00:00,X:ETHUSD,170.922,172.21,178.16,167.41,884938.2322257825
2019-05-11 00:00:00,X:BTCUSD,6338.93,7125.1,7464.13,6338.0,139475.90891993413
2019-05-11 00:00:00,X:ETHUSD,171.93,190.47,207.0,171.89,1889580.7748893532
2019-05-12 00:00:00,X:BTCUSD,7214.4,6973.9,7588.0,6724.1,134126.4005710167
2019-05-12 00:00:00,X:ETHUSD,192.0,188.23,204.19,182.16,1511632.6825722232
2019-05-13 00:00:00,X:BTCUSD,6976.06,7811.97,8195.0,6863.75,157647.30785925282
2019-05-13 00:00:00,X:ETHUSD,188.198,196.0,209.85,185.5,1386763.4029325002
2019-05-14 00:00:00,X:BTCUSD,7811.75,7951.9,8350.0,7618.99,119279.933656108
2019-05-14 00:00:00,X:ETHUSD,196.022,216.5,221.0,194.01,1584385.0585807485
2019-05-15 00:00:00,X:BTCUSD,8000.94,8170.78,8308.16,7827.76,85610.34473982763
2019-05-15 00:00:00,X:ETHUSD,217.66,249.0,250.8,215.73,1802941.8050022204
2019-05-16 00:00:00,X:BTCUSD,8171.01,7880.7,8390.95,7650.0,96081.73584762604
2019-05-16 00:00:00,X:ETHUSD,248.87,263.9900781,281.77,241.01,2752923.402558019
2019-05-17 00:00:00,X:BTCUSD,7867.78,7363.69,7946.2,6178.0,151026.43540688028
2019-05-17 00:00:00,X:ETHUSD,263.65,244.59,270.25,214.0,1924915.3085915684
2019-05-18 00:00:00,X:BTCUSD,7352.39,7262.4,7518.0,7184.89,71050.08209331488
2019-05-18 00:00:00,X:ETHUSD,246.29,234.01,250.0,230.679,892385.5798555849
2019-05-19 00:00:00,X:BTCUSD,7258.4,8155.48,8315.0,7243.89,115454.3048372153
2019-05-19 00:00:00,X:ETHUSD,233.686,259.611,265.0,231.1,1260375.8349886462
2019-05-20 00:00:00,X:BTCUSD,8193.45,7938.3,8199.97,7561.51,89530.73356730092
2019-05-20 00:00:00,X:ETHUSD,261.18,252.2,261.18,238.042,1047330.9441206936
2019-05-21 00:00:00,X:BTCUSD,7985.1,7902.36,8117.48,7676.27,59683.574873602745
2019-05-21 00:00:00,X:ETHUSD,252.51,255.0,264.56,246.543,986416.846518432
2019-05-22 00:00:00,X:BTCUSD,7902.36,7628.69,8050.0,7500.0,70480.67891842993
2019-05-22 00:00:00,X:ETHUSD,254.68,243.823,261.74,239.59,1033256.0547636488
2019-05-23 00:00:00,X:BTCUSD,7622.9,7881.98,7986.6,7436.4,61960.26632798417
2019-05-23 00:00:00,X:ETHUSD,243.59,245.64,248.7,229.7,835719.5412426759
2019-05-24 00:00:00,X:BTCUSD,7848.61,7965.0,8188.87,7768.12,71253.05624463523
2019-05-24 00:00:00,X:ETHUSD,244.697,249.58,256.33,241.6,862581.3507378403
2019-05-25 00:00:00,X:BTCUSD,7962.72,8063.81,8161.0,7911.97,40990.92248592868
2019-05-25 00:00:00,X:ETHUSD,248.851,250.244,259.01,247.232,700665.8469071967
2019-05-26 00:00:00,X:BTCUSD,8063.68,8736.29999,8828.0,7851.59,81374.68031563686
2019-05-26 00:00:00,X:ETHUSD,250.153,268.5,273.52,245.285,848275.2692899724
2019-05-27 00:00:00,X:BTCUSD,8617.17,8772.29,8958.3,8590.0,74316.52717294251
2019-05-27 00:00:00,X:ETHUSD,268.5,272.55,280.5,262.0,1009266.2814878838
2019-05-28 00:00:00,X:BTCUSD,8774.45,8715.36,8846.9,8200.0,61086.78158645172
2019-05-28 00:00:00,X:ETHUSD,270.905,271.15,277.0,263.8,819271.4819295014
2019-05-29 00:00:00,X:BTCUSD,8714.39,8678.0,8796.5,8421.12,54073.46841114927
2019-05-29 00:00:00,X:ETHUSD,272.06,270.25,275.0,256.56,817619.9912485508
2019-05-30 00:00:00,X:BTCUSD,8663.07,8267.28,9109.0,7972.0,106445.64843429442
2019-05-30 00:00:00,X:ETHUSD,269.39,254.62,289.42,235.44,1853845.5846190928
2019-05-31 00:00:00,X:BTCUSD,8277.76,8553.53,8591.1,8099.9,72936.32174894634
2019-05-31 00:00:00,X:ETHUSD,254.37,267.889,268.86,243.13,897149.9333620324
2019-06-01 00:00:00,X:BTCUSD,8545.8,8547.0,8625.7,8447.29,43144.47049274553
2019-06-01 00:00:00,X:ETHUSD,267.983,264.78,276.5,260.01,773868.1854468262
2019-06-02 00:00:00,X:BTCUSD,8540.52,8736.55,8841.29999,8529.14,41207.23806496986
2019-06-02 00:00:00,X:ETHUSD,264.114,269.23,274.75,263.359,587588.6296348883
2019-06-03 00:00:00,X:BTCUSD,8723.85,8119.98,8746.0,8030.46,77784.93769619075
2019-06-03 00:00:00,X:ETHUSD,269.045,249.38,270.62,245.68,994467.1473058932
2019-06-04 00:00:00,X:BTCUSD,8103.63,7692.9,8119.96,7425.0,107703.76188650622
2019-06-04 00:00:00,X:ETHUSD,249.934,241.224,251.51,232.2,1167247.0539048088
2019-06-05 00:00:00,X:BTCUSD,7671.07,7776.47,7936.5,7565.0,79911.55174222907
2019-06-05 00:00:00,X:ETHUSD,241.117,245.79,249.64,237.35,810823.6469028315
2019-06-06 00:00:00,X:BTCUSD,7784.62,7805.0,7878.62,7440.0,60891.94137753573
2019-06-06 00:00:00,X:ETHUSD,246.28,250.0,251.66,235.22,631252.6097620262
2019-06-07 00:00:00,X:BTCUSD,7799.0,8000.5,8150.0,7743.53,66217.03176352762
2019-06-07 00:00:00,X:ETHUSD,249.55,248.892,255.0,244.0,536276.6209137951
2019-06-08 00:00:00,X:BTCUSD,7998.13,7924.0,8068.0,7768.14,29406.664255955675
2019-06-08 00:00:00,X:ETHUSD,248.877,243.201,251.17,241.0,467811.36699744
2019-06-09 00:00:00,X:BTCUSD,7924.0,7634.58,7966.58,7497.9,42713.92217018025
2019-06-09 00:00:00,X:ETHUSD,243.287,231.3,245.71,223.0,615895.1922222255
2019-06-10 00:00:00,X:BTCUSD,7632.46,7981.24,8097.35,7513.2,51655.02698567691
2019-06-10 00:00:00,X:ETHUSD,231.292,247.84,248.72,227.26,754549.9447206199
2019-06-11 00:00:00,X:BTCUSD,8015.7,7905.5,8057.32,7693.85,45885.17926870455
2019-06-11 00:00:00,X:ETHUSD,246.63,245.11,249.53,236.608,498856.7170964519
2019-06-12 00:00:00,X:BTCUSD,7882.62,8176.02,8292.43,7794.81,55730.13752774924
2019-06-12 00:00:00,X:ETHUSD,245.16,262.5,263.81,242.355,711310.1548665802
2019-06-13 00:00:00,X:BTCUSD,8132.87,8239.04,8344.9,8005.0,59223.51541614182
2019-06-13 00:00:00,X:ETHUSD,262.75,255.14,264.75,253.43,794252.7020858979
2019-06-14 00:00:00,X:BTCUSD,8235.44,8689.1,8740.0,8145.17,71422.76059953248
2019-06-14 00:00:00,X:ETHUSD,255.29,263.83,266.29,248.48020031,629834.8448719211
2019-06-15 00:00:00,X:BTCUSD,8694.74,8860.23,8930.0,8583.68,55243.17700305767
2019-06-15 00:00:00,X:ETHUSD,262.432,267.789,274.0,260.703,465181.7923214617
2019-06-16 00:00:00,X:BTCUSD,8856.13,8975.0,9395.5,8456.0,106375.32881040157
2019-06-16 00:00:00,X:ETHUSD,267.949,268.33,279.48,263.02,800516.665289484
2019-06-17 00:00:00,X:BTCUSD,8958.06,9331.75,9490.0,8954.32,76516.84159750743
2019-06-17 00:00:00,X:ETHUSD,267.87,274.0,276.09,266.805,374405.9950211168
2019-06-18 00:00:00,X:BTCUSD,9333.48,9080.5,9376.8,8918.0,57842.20341108304
2019-06-18 00:00:00,X:ETHUSD,273.299,264.89,274.76,260.01,442284.2796970333
2019-06-19 00:00:00,X:BTCUSD,9077.29999,9305.9,9340.0,9035.75,31420.595179924945
2019-06-19 00:00:00,X:ETHUSD,264.583,268.342,270.83,263.36,356457.3938580183
2019-06-20 00:00:00,X:BTCUSD,9305.9,9531.21,9624.0,9183.18,43721.34005918314
2019-06-20 00:00:00,X:ETHUSD,269.49,272.0,275.0,265.89,491359.7867864121
2019-06-21 00:00:00,X:BTCUSD,9534.99,10179.24,10250.0,9513.11,88461.57124004759
2019-06-21 00:00:00,X:ETHUSD,272.0,294.713,299.0,271.34,1041548.5645490084
2019-06-22 00:00:00,X:BTCUSD,10222.13,10666.86,11232.0,10000.0,134818.6971166429
2019-06-22 00:00:00,X:ETHUSD,296.22,310.653,315.85,292.27,954456.1165452736
2019-06-23 00:00:00,X:BTCUSD,10665.66,10814.1,11380.94,10474.0,57850.25980441207
2019-06-23 00:00:00,X:ETHUSD,311.25,306.98,322.0,301.0,864571.8357546579
2019-06-24 00:00:00,X:BTCUSD,10833.0,11032.32,11136.0,10511.0,59774.51706589271
2019-06-24 00:00:00,X:ETHUSD,308.42,311.0,314.6,292.09,700075.5000037826
2019-06-25 00:00:00,X:BTCUSD,11030.0,11765.1,11849.29,10802.0,85821.42086876548
2019-06-25 00:00:00,X:ETHUSD,311.7,316.59,318.914,304.83,865724.0308226557
2019-06-26 00:00:00,X:BTCUSD,11754.25,12876.0,13973.5,11350.0,235728.06971272975
2019-06-26 00:00:00,X:ETHUSD,316.34,334.86,366.0,308.0,1823078.2937854405
2019-06-27 00:00:00,X:BTCUSD,12876.0,11198.92190146,13467.94,10300.0,219070.64846648197
2019-06-27 00:00:00,X:ETHUSD,332.0,298.619,347.146,273.5,1663627.6478798566
2019-06-28 00:00:00,X:BTCUSD,11159.28,12338.0,12508.0,10723.29999,123410.93473834338
2019-06-28 00:00:00,X:ETHUSD,293.47,311.844,313.781,288.0,753461.4361483604
2019-06-29 00:00:00,X:BTCUSD,12337.0,11941.7,12478.63,11172.6,82459.21284173451
2019-06-29 00:00:00,X:ETHUSD,309.38,319.271,325.992,291.0,775495.8216697864
2019-06-30 00:00:00,X:BTCUSD,11868.56,10809.0,12251.7,10650.0,85817.04450075551
2019-06-30 00:00:00,X:ETHUSD,319.258,290.8,324.83,285.77,620279.5197765006
2019-07-01 00:00:00,X:BTCUSD,10759.24,10640.0,11301.9,9900.0,114773.0295651189
2019-07-01 00:00:00,X:ETHUSD,290.45,295.28,303.9,261.38,841308.7645190815
2019-07-02 00:00:00,X:BTCUSD,10630.41,10828.9,10965.0,9614.08,122798.50965185402
2019-07-02 00:00:00,X:ETHUSD,295.221,291.25,299.03,270.42,1029938.4589388252
2019-07-03 00:00:00,X:BTCUSD,10884.0,11982.0,12037.0,10807.3,120201.14435711388
2019-07-03 00:00:00,X:ETHUSD,291.25,301.79,303.83,288.99,564942.3127213095
2019-07-04 00:00:00,X:BTCUSD,11984.7,11147.72,12065.0,10601.0,87021.1239234977
2019-07-04 00:00:00,X:ETHUSD,302.21901172,282.57,304.0,280.0,543638.4649647453
2019-07-05 00:00:00,X:BTCUSD,11144.82,10997.84,11482.9,10736.0,76256.36965883322
2019-07-05 00:00:00,X:ETHUSD,282.993,287.329,295.27981785,280.0,445129.7836541796
2019-07-06 00:00:00,X:BTCUSD,10996.82,11237.77,11735.0,10945.6,67920.60642331363
2019-07-06 00:00:00,X:ETHUSD,287.425,287.57,298.87,285.05,449404.6808207103
2019-07-07 00:00:00,X:BTCUSD,11233.21,11411.02,11631.2,11000.0,57520.36987207702
2019-07-07 00:00:00,X:ETHUSD,287.58,306.34,311.0,283.87,541508.3008202019
2019-07-08 00:00:00,X:BTCUSD,11416.0,12301.0,12404.6,11283.02,78637.37646283631
2019-07-08 00:00:00,X:ETHUSD,306.57,313.24,315.27,301.084,622691.4491964664
2019-07-09 00:00:00,X:BTCUSD,12293.39,12571.11,12883.48,12030.43,83349.15993717726
2019-07-09 00:00:00,X:ETHUSD,312.0,307.95,318.7,302.39,574294.1765430616
2019-07-10 00:00:00,X:BTCUSD,12540.74,12097.96,13202.63,11529.0,136579.84048374044
2019-07-10 00:00:00,X:ETHUSD,307.84,288.45999,316.5,278.86,786579.9401269653
2019-07-11 00:00:00,X:BTCUSD,12101.44,11349.0,12120.49,10933.0,120896.51488553044
2019-07-11 00:00:00,X:ETHUSD,288.45999,269.01,289.221,261.1,821400.2954023527
2019-07-12 00:00:00,X:BTCUSD,11352.74,11768.06,11950.0,11079.59,75238.7072419957
2019-07-12 00:00:00,X:ETHUSD,268.88,275.55,279.67,265.91,465372.5564745319
2019-07-13 00:00:00,X:BTCUSD,11769.41,11370.08,11846.61,10800.1,90753.62236723404
2019-07-13 00:00:00,X:ETHUSD,274.838,269.04,276.34,260.39999,498413.3893765055
2019-07-14 00:00:00,X:BTCUSD,11412.12,10185.03,11513.6,10084.4,102369.02370993965
2019-07-14 00:00:00,X:ETHUSD,270.064,225.76,270.773,191.91,898245.6426868228
2019-07-15 00:00:00,X:BTCUSD,10191.87,10842.3,11080.37,9789.0,106981.47555372334
2019-07-15 00:00:00,X:ETHUSD,226.224,228.497,236.16,202.27,1159642.122953137
2019-07-16 00:00:00,X:BTCUSD,10856.41,9444.71,11042.11,9350.0,137083.39056542827
2019-07-16 00:00:00,X:ETHUSD,227.59,198.89,234.68,190.11,1345183.566402529
2019-07-17 00:00:00,X:BTCUSD,9427.45,9682.6,9998.0,9049.54,127082.822655135
2019-07-17 00:00:00,X:ETHUSD,198.92,211.06,221.0,191.6,993715.1554320692
2019-07-18 00:00:00,X:BTCUSD,9684.44,10649.07,10800.0,9250.1,121817.95594244511
2019-07-18 00:00:00,X:ETHUSD,211.55,226.31,230.15,205.61175816,929430.2760117168
2019-07-19 00:00:00,X:BTCUSD,10638.44,10509.36,10777.21,10102.58,81833.66556047185
2019-07-19 00:00:00,X:ETHUSD,226.49,220.74,226.97,213.12,767905.057794539
2019-07-20 00:00:00,X:BTCUSD,10505.75,10761.03,11210.0,10359.17,67776.00652449236
2019-07-20 00:00:00,X:ETHUSD,221.3,228.21,236.58,219.72713873,638885.7736756019
2019-07-21 00:00:00,X:BTCUSD,10731.76,10590.7,10842.2,10188.0,47790.39793754159
2019-07-21 00:00:00,X:ETHUSD,228.3,225.351,230.0,216.45,627823.6612355955
2019-07-22 00:00:00,X:BTCUSD,10581.21,10323.39,10690.0,10052.0,60575.56477610909
2019-07-22 00:00:00,X:ETHUSD,225.455,217.13,228.3,211.34,685220.4068777104
2019-07-23 00:00:00,X:BTCUSD,10330.88093683,9840.6,10343.31,9800.0,71318.5638806367
2019-07-23 00:00:00,X:ETHUSD,217.13,212.34,219.523,208.39,606151.8179088656
2019-07-24 00:00:00,X:BTCUSD,9848.9,9772.6,9939.9,9500.1,70319.23329840053
2019-07-24 00:00:00,X:ETHUSD,212.391,216.7,218.60724655,200.5,895130.774760486
2019-07-25 00:00:00,X:BTCUSD,9773.0,9878.0,10188.0,9730.99,61940.11903273563
2019-07-25 00:00:00,X:ETHUSD,216.65,218.982,226.22,215.19,787193.9972367613
2019-07-26 00:00:00,X:BTCUSD,9878.0,9840.3,9911.29999,9625.2,54591.17256884919
2019-07-26 00:00:00,X:ETHUSD,219.29,219.35,222.12,212.51,478725.4207556344
2019-07-27 00:00:00,X:BTCUSD,9843.0,9473.87,10248.41,9269.1,69243.86114389461
2019-07-27 00:00:00,X:ETHUSD,219.42,207.11,224.14,201.98,493128.3954520844
2019-07-28 00:00:00,X:BTCUSD,9473.87,9519.0,9669.11,9101.4,39681.583693223685
2019-07-28 00:00:00,X:ETHUSD,207.11,211.5,213.98,197.0,499352.7249464896
2019-07-29 00:00:00,X:BTCUSD,9538.73,9495.01,9738.3,9356.75,46993.10693582632
2019-07-29 00:00:00,X:ETHUSD,211.48,210.73,215.642,205.51,357914.2255640699
2019-07-30 00:00:00,X:BTCUSD,9511.3,9588.99676375,9839.83,9371.96,45127.63622625915
2019-07-30 00:00:00,X:ETHUSD,210.7,209.83,215.1,203.47,389936.0727134955
2019-07-31 00:00:00,X:BTCUSD,9594.0,10081.46,10143.2,9555.92,77878.08074545821
2019-07-31 00:00:00,X:ETHUSD,209.8,218.435,219.29,209.328,391167.1537508241
2019-08-01 00:00:00,X:BTCUSD,10089.97,10408.9,10530.0,9875.0,52110.4394982604
2019-08-01 00:00:00,X:ETHUSD,218.74,217.55,219.5,210.61,387978.749469185
2019-08-02 00:00:00,X:BTCUSD,10377.02,10520.0,10690.0,10301.24,51934.13181762581
2019-08-02 00:00:00,X:ETHUSD,217.56,217.871,223.01,214.74,425606.3541871564
2019-08-03 00:00:00,X:BTCUSD,10533.14,10820.76,10928.0,10500.0,44283.200830581496
2019-08-03 00:00:00,X:ETHUSD,217.86,222.097,225.69,215.5,323740.1999013431
2019-08-04 00:00:00,X:BTCUSD,10822.09,10986.96,11089.74,10514.0,55561.912512384384
2019-08-04 00:00:00,X:ETHUSD,222.15,222.003,224.04,216.65,352805.19075639726
2019-08-05 00:00:00,X:BTCUSD,10945.78,11800.0,11959.36,10940.9,95633.61611364994
2019-08-05 00:00:00,X:ETHUSD,222.87,233.424,237.31,222.022,666556.5198608332
2019-08-06 00:00:00,X:BTCUSD,11811.75,11487.93,12340.0,11187.0,98918.26029955842
2019-08-06 00:00:00,X:ETHUSD,232.91,225.81,240.0,222.0,708694.3363708943
2019-08-07 00:00:00,X:BTCUSD,11471.20065,11975.03,12173.8,11366.26,94382.44606433104
2019-08-07 00:00:00,X:ETHUSD,226.0,226.168,231.562,220.0,355295.0375560135
2019-08-08 00:00:00,X:BTCUSD,11983.41,11981.0,12130.0,11450.93,63474.17191968855
2019-08-08 00:00:00,X:ETHUSD,225.96,221.238,227.5,213.7,402477.1697325928
2019-08-09 00:00:00,X:BTCUSD,11985.6,11856.1,12097.0,11650.0,47496.59431592534
2019-08-09 00:00:00,X:ETHUSD,222.0,210.3,222.42,206.36,619791.2030631381
2019-08-10 00:00:00,X:BTCUSD,11860.62,11280.95,12011.0,11170.0,54201.81844045301
2019-08-10 00:00:00,X:ETHUSD,210.3,206.511,215.093,198.23,497968.350845351
2019-08-11 00:00:00,X:BTCUSD,11280.95,11546.4,11615.0,11080.37,32658.68066361195
2019-08-11 00:00:00,X:ETHUSD,206.11,216.482,217.33,205.63,521566.866540634
2019-08-12 00:00:00,X:BTCUSD,11527.44,11389.28,11585.0,11194.04,22062.76951614597
2019-08-12 00:00:00,X:ETHUSD,217.00735209,211.26,217.47,209.27,415476.01694792055
2019-08-13 00:00:00,X:BTCUSD,11389.25,10854.92,11468.0,10738.58,51037.45918697198
2019-08-13 00:00:00,X:ETHUSD,211.19,209.212,211.94,202.8,641145.9583206001
2019-08-14 00:00:00,X:BTCUSD,10854.92,10025.86,10909.0,9888.57,84625.04286179527
2019-08-14 00:00:00,X:ETHUSD,208.49,186.3,210.08,181.5,799355.2987966932
2019-08-15 00:00:00,X:BTCUSD,10021.13,10304.5,10471.0,9467.57,90760.00817312456
2019-08-15 00:00:00,X:ETHUSD,187.032,188.2,191.47,171.0,651652.1310373726
2019-08-16 00:00:00,X:BTCUSD,10300.0,10352.78,10568.0,9728.0,88095.31718094494
2019-08-16 00:00:00,X:ETHUSD,188.2,185.009,188.58,177.96,615009.7274491112
2019-08-17 00:00:00,X:BTCUSD,10336.5,10217.79,10494.70238424,9974.51,41496.60328523573
2019-08-17 00:00:00,X:ETHUSD,185.03,185.685,187.31902135,181.57,582171.31350369
2019-08-18 00:00:00,X:BTCUSD,10217.99,10312.6,10533.0,10065.0,31481.217520258622
2019-08-18 00:00:00,X:ETHUSD,185.59,194.514,198.31,183.27,481099.3452206784
2019-08-19 00:00:00,X:BTCUSD,10315.48,10921.8,10964.0,10255.23,58540.64305554268
2019-08-19 00:00:00,X:ETHUSD,194.74,202.233,203.95,192.714,627152.5128764505
2019-08-20 00:00:00,X:BTCUSD,10921.4,10767.94,10993.0,10549.74,43489.511874696975
2019-08-20 00:00:00,X:ETHUSD,202.64,196.56,203.26,194.45,483772.393482339
2019-08-21 00:00:00,X:BTCUSD,10793.0,10141.47,10825.0,9824.0,68841.8855681049
2019-08-21 00:00:00,X:ETHUSD,196.56,187.37,197.5,179.94,625604.3131609062
2019-08-22 00:00:00,X:BTCUSD,10123.56,10102.5,10255.0,9752.2,54435.81908668009
2019-08-22 00:00:00,X:ETHUSD,187.29,190.391,195.48,182.53,628500.8573472108
2019-08-23 00:00:00,X:BTCUSD,10103.73,10410.85,10479.0,10023.11,40713.59418050633
2019-08-23 00:00:00,X:ETHUSD,190.42,193.955,197.6,188.16,460336.6717887986
2019-08-24 00:00:00,X:BTCUSD,10407.5,10154.0,10432.0,9880.81,46619.84701772368
2019-08-24 00:00:00,X:ETHUSD,194.35,190.768,194.78,185.51,319816.78236341546
2019-08-25 00:00:00,X:BTCUSD,10148.9,10138.72,10398.6,9805.8,44176.03268749351
2019-08-25 00:00:00,X:ETHUSD,190.754,186.45,193.03,182.04,482703.3211970268
2019-08-26 00:00:00,X:BTCUSD,10136.75,10361.65,10697.9,10133.0,56765.94224612471
2019-08-26 00:00:00,X:ETHUSD,186.449,188.3,194.66,185.31,506793.410397745
2019-08-27 00:00:00,X:BTCUSD,10355.11,10177.29999,10395.0,10019.1,43756.60772282064
2019-08-27 00:00:00,X:ETHUSD,188.26,187.28,189.417,184.33,490120.5159490397
2019-08-28 00:00:00,X:BTCUSD,10180.0,9714.31,10370.0,9522.93,60392.2147172773
2019-08-28 00:00:00,X:ETHUSD,187.3,173.076,188.62,165.84,844762.9126395212
2019-08-29 00:00:00,X:BTCUSD,9727.6,9502.06,9729.7,9307.79999,69936.48562015235
2019-08-29 00:00:00,X:ETHUSD,173.08,168.82,174.2,163.49,495725.7198515608
2019-08-30 00:00:00,X:BTCUSD,9494.8,9582.42,9725.0,9337.97,42260.1078459815
2019-08-30 00:00:00,X:ETHUSD,169.42,168.519,170.822,165.3,552685.0576116381
2019-08-31 00:00:00,X:BTCUSD,9588.85,9600.86,9715.0,9400.0,23855.536992750232
2019-08-31 00:00:00,X:ETHUSD,168.45,171.629,175.43,165.5,526514.3020275971
2019-09-01 00:00:00,X:BTCUSD,9589.22,9779.1,9868.0,9522.18,34695.40835823879
2019-09-01 00:00:00,X:ETHUSD,172.1,170.787,173.99,167.65,517577.5662419998
2019-09-02 00:00:00,X:BTCUSD,9765.0,10389.5,10490.0,9723.77,49415.62383997155
2019-09-02 00:00:00,X:ETHUSD,170.778,178.8,181.93,170.085,556720.9142636606
2019-09-03 00:00:00,X:BTCUSD,10384.07,10617.61,10790.0,10267.36,63568.42663232789
2019-09-03 00:00:00,X:ETHUSD,178.81,179.12,183.29,173.56,665055.6228282548
2019-09-04 00:00:00,X:BTCUSD,10601.45,10581.84,10892.1,10319.0,51824.69733190728
2019-09-04 00:00:00,X:ETHUSD,179.09,175.1,180.78,173.211,374688.6795625604
2019-09-05 00:00:00,X:BTCUSD,10564.15,10574.73,10666.43,10446.49,35032.25229200864
2019-09-05 00:00:00,X:ETHUSD,174.83,174.0,177.77,168.82,440436.5921711728
2019-09-06 00:00:00,X:BTCUSD,10574.28,10308.92,10949.0,10145.29999,64621.34294550059
2019-09-06 00:00:00,X:ETHUSD,174.03,169.2,178.65,164.99,529683.2640855454
2019-09-07 00:00:00,X:BTCUSD,10309.04,10457.42,10582.0,10296.94,35408.66393150923
2019-09-07 00:00:00,X:ETHUSD,169.25,178.08,181.39,168.273,362633.3114195847
2019-09-08 00:00:00,X:BTCUSD,10484.37,10398.97,10599.1,10223.8,24312.2949874199
2019-09-08 00:00:00,X:ETHUSD,178.41,181.56,184.9,176.01,407015.9766752939
2019-09-09 00:00:00,X:BTCUSD,10401.13,10310.0,10557.0,10051.0,45125.67729123048
2019-09-09 00:00:00,X:ETHUSD,181.56,180.518,187.99,175.83,813351.1308207351
2019-09-10 00:00:00,X:BTCUSD,10302.06,10094.5,10399.0,9910.0,38063.96385961643
2019-09-10 00:00:00,X:ETHUSD,180.64,179.64,184.59,175.84,460209.7855471568
2019-09-11 00:00:00,X:BTCUSD,10121.75849382,10154.46,10300.0,9814.0,40315.898890806384
2019-09-11 00:00:00,X:ETHUSD,179.65,178.47,182.90890989,173.7,314875.6653170447
2019-09-12 00:00:00,X:BTCUSD,10158.59,10409.89,10488.0,10027.52,40885.79352040651
2019-09-12 00:00:00,X:ETHUSD,178.31,180.621,183.09,176.45,225365.89324669985
2019-09-13 00:00:00,X:BTCUSD,10419.79999,10365.93,12000.0,8000.0,33618.17441874849
2019-09-13 00:00:00,X:ETHUSD,181.05,181.65,182.2,177.456,228669.02483802207
2019-09-14 00:00:00,X:BTCUSD,10365.94,10380.0,10488.0,10210.7,26340.165270759037
2019-09-14 00:00:00,X:ETHUSD,181.65,188.217,189.76,179.855,341083.6831269858
2019-09-15 00:00:00,X:BTCUSD,10360.01,10311.29999,10403.0,10256.47,17528.238643478206
2019-09-15 00:00:00,X:ETHUSD,188.256,189.019,191.37,185.87,298251.7013882707
2019-09-16 00:00:00,X:BTCUSD,10303.66,10262.54,10404.0,10000.0,33861.93640011001
2019-09-16 00:00:00,X:ETHUSD,189.31,197.59,200.73829962,188.23,551363.6836531531
2019-09-17 00:00:00,X:BTCUSD,10257.2,10187.55,10308.0,10130.59,32269.989450087636
2019-09-17 00:00:00,X:ETHUSD,197.218,207.931,215.82,195.67,838263.9621174511
2019-09-18 00:00:00,X:BTCUSD,10185.42,10155.26,10278.0,10041.79999,28739.918449591554
2019-09-18 00:00:00,X:ETHUSD,207.899,210.27,218.53,207.5,720108.8091076844
2019-09-19 00:00:00,X:BTCUSD,10153.8,10274.4,10487.0,9585.86,63094.95197871724
2019-09-19 00:00:00,X:ETHUSD,210.305,220.244,224.8,200.98,857879.5263702346
2019-09-20 00:00:00,X:BTCUSD,10275.01,10173.29999,10340.0,10055.0,35436.35533541952
2019-09-20 00:00:00,X:ETHUSD,220.85,218.71,222.82,211.55,587735.5753967079
2019-09-21 00:00:00,X:BTCUSD,10168.85,9973.99,10199.0,9903.7,27721.348548665148
2019-09-21 00:00:00,X:ETHUSD,218.72,214.8,221.9,213.3,411302.1674506777
2019-09-22 00:00:00,X:BTCUSD,9989.6,10026.8,10105.0,9842.35,26410.261647668583
2019-09-22 00:00:00,X:ETHUSD,214.87,211.108,216.0,206.02,431876.1857473668
2019-09-23 00:00:00,X:BTCUSD,10059.0,9693.74,10077.0,9606.0,45414.65013059751
2019-09-23 00:00:00,X:ETHUSD,211.17,201.29,212.21,198.18,526110.3134360254
2019-09-24 00:00:00,X:BTCUSD,9693.74,8530.01,9795.0,7920.01,154621.04069785553
2019-09-24 00:00:00,X:ETHUSD,201.16,166.26,202.813,151.829,1790402.7180484291
2019-09-25 00:00:00,X:BTCUSD,8530.01,8439.0,8773.6,8000.0,121450.96920024164
2019-09-25 00:00:00,X:ETHUSD,166.26,170.0,175.42,161.986,1487668.0064111068
2019-09-26 00:00:00,X:BTCUSD,8439.0,8055.03,8493.07282992,7712.45,109224.78139249202
2019-09-26 00:00:00,X:ETHUSD,170.0,165.836,171.43307033,151.86,904774.276223297
2019-09-27 00:00:00,X:BTCUSD,8060.0,8213.4,8309.8,7850.0,83077.82329870624
2019-09-27 00:00:00,X:ETHUSD,166.76,174.44,177.73,161.05,843592.1261691224
2019-09-28 00:00:00,X:BTCUSD,8199.96,8218.07,8426.0,8001.0,53368.85234617713
2019-09-28 00:00:00,X:ETHUSD,173.72,173.9,176.23,167.805,527940.1373408822
2019-09-29 00:00:00,X:BTCUSD,8200.0,8052.4,8260.2,7893.16,52551.64662908387
2019-09-29 00:00:00,X:ETHUSD,173.66,169.38,175.26,164.3,513289.4965113671
2019-09-30 00:00:00,X:BTCUSD,8043.53,8310.0,8393.23,7655.0,73019.21135228782
2019-09-30 00:00:00,X:ETHUSD,169.39,180.579,182.5,164.814,714284.4202489058
2019-10-01 00:00:00,X:BTCUSD,8304.47,8321.52,8540.0,8176.8,79503.05379025474
2019-10-01 00:00:00,X:ETHUSD,180.58,175.827,186.56,173.09,887964.7885427172
2019-10-02 00:00:00,X:BTCUSD,8295.38,8414.8772103,8420.0,8155.15,45257.75626441969
2019-10-02 00:00:00,X:ETHUSD,176.21,180.82,183.14227438,173.832,594718.8245663885
2019-10-03 00:00:00,X:BTCUSD,8381.72,8261.1,8440.0,8029.14,51600.52374292554
2019-10-03 00:00:00,X:ETHUSD,180.88,174.893,181.66,169.526,447529.4013433193
2019-10-04 00:00:00,X:BTCUSD,8241.27,8156.67,8264.9,7986.65,40403.11161820882
2019-10-04 00:00:00,X:ETHUSD,174.893,175.624,179.83,170.77,376328.2253387355
2019-10-05 00:00:00,X:BTCUSD,8156.68,8147.63,8211.4,8013.65,32997.98968842132
2019-10-05 00:00:00,X:ETHUSD,176.29,176.58,177.49107926,171.58,323869.16814714565
2019-10-06 00:00:00,X:BTCUSD,8147.63,7859.79,8183.23540584,7772.71,45216.83760161204
2019-10-06 00:00:00,X:ETHUSD,176.72,170.12,177.5,167.08,397871.8079442642
2019-10-07 00:00:00,X:BTCUSD,7859.79,8209.0,8366.1,7762.35,75560.79195380578
2019-10-07 00:00:00,X:ETHUSD,170.18,179.839,183.45280305,168.61,663969.4462166377
2019-10-08 00:00:00,X:BTCUSD,8213.4,8205.0,8362.0,8100.0,46591.84449160921
2019-10-08 00:00:00,X:ETHUSD,179.862,180.72,185.84,176.88,558571.6542807487
2019-10-09 00:00:00,X:BTCUSD,8170.77,8590.0,8719.2,8110.0,73348.16633936943
2019-10-09 00:00:00,X:ETHUSD,180.717,193.26,196.35548585,179.14,751222.87143022
2019-10-10 00:00:00,X:BTCUSD,8586.57,8587.5,8683.9,8426.94,57152.82876404788
2019-10-10 00:00:00,X:ETHUSD,193.39,191.64,194.95,187.019,572073.3118176354
2019-10-11 00:00:00,X:BTCUSD,8596.0,8278.2,8932.5,8222.88,61341.81752180048
2019-10-11 00:00:00,X:ETHUSD,191.86,181.09,198.0,178.91,661137.9944105439
2019-10-12 00:00:00,X:BTCUSD,8265.16,8319.6,8427.76,8250.14,31762.790287953085
2019-10-12 00:00:00,X:ETHUSD,181.1,180.16,185.1,177.23,411477.37801806285
2019-10-13 00:00:00,X:BTCUSD,8300.11,8280.0,8477.96534398,8132.91,28162.674908121982
2019-10-13 00:00:00,X:ETHUSD,179.76,181.57,184.98,178.34,256155.24995193176
2019-10-14 00:00:00,X:BTCUSD,8280.0,8354.6,8428.2,8212.43,28383.96803131001
2019-10-14 00:00:00,X:ETHUSD,181.12,186.795,188.0,180.52,346430.1408569962
2019-10-15 00:00:00,X:BTCUSD,8355.0,8191.1,8439.7,8060.5,37701.41144990096
2019-10-15 00:00:00,X:ETHUSD,186.86,180.456,189.0,176.25,562497.0220822919
2019-10-16 00:00:00,X:BTCUSD,8162.44,7993.54,8204.3,7908.86,48428.94304928586
2019-10-16 00:00:00,X:ETHUSD,181.04,174.39,181.8,171.39,482752.6585170867
2019-10-17 00:00:00,X:BTCUSD,7995.81,8077.1,8150.5326571,7935.15,29522.62037614101
2019-10-17 00:00:00,X:ETHUSD,174.452,177.31,180.76,172.728,327195.5041272944
2019-10-18 00:00:00,X:BTCUSD,8070.74,7956.4,8135.11397057,7811.62,35584.10636885105
2019-10-18 00:00:00,X:ETHUSD,177.1,172.865,178.12,167.59,380494.16163649294
2019-10-19 00:00:00,X:BTCUSD,7950.65,7965.28,8119.5,7867.75,28561.020724640275
2019-10-19 00:00:00,X:ETHUSD,173.01,172.09,175.81,169.592,346564.9850506041
2019-10-20 00:00:00,X:BTCUSD,7965.27,8240.2,8337.0,7870.01,33673.87298907962
2019-10-20 00:00:00,X:ETHUSD,171.864,175.215,177.58,169.11,254987.3995313734
2019-10-21 00:00:00,X:BTCUSD,8235.94,8243.8,8387.29999,8136.0,34732.98222423976
2019-10-21 00:00:00,X:ETHUSD,175.49,174.02,179.43,171.45,299256.0910298862
2019-10-22 00:00:00,X:BTCUSD,8206.53,8020.6,8333.0,7989.15,32191.394858379368
2019-10-22 00:00:00,X:ETHUSD,174.36,171.82,177.13,170.44,278846.18227608537
2019-10-23 00:00:00,X:BTCUSD,8020.6,7470.77,8074.5,7293.55,94617.48730111228
2019-10-23 00:00:00,X:ETHUSD,171.26,162.94473827,174.05,153.0,753276.4983440764
2019-10-24 00:00:00,X:BTCUSD,7470.77,7430.87,7529.0,7344.32,46968.530177910456
2019-10-24 00:00:00,X:ETHUSD,162.42,160.67,164.36,157.79,561721.0018703643
2019-10-25 00:00:00,X:BTCUSD,7430.87,8668.0,8803.1,7380.67,133471.3777888623
2019-10-25 00:00:00,X:ETHUSD,160.34,181.472,188.17,160.284,973491.1245347784
2019-10-26 00:00:00,X:BTCUSD,8669.4,9259.78,10580.5,8635.55,301727.9736155848
2019-10-26 00:00:00,X:ETHUSD,181.66,180.03,199.5,173.62,1869736.8646762555
2019-10-27 00:00:00,X:BTCUSD,9259.98,9527.58,9826.72,9072.64,155113.41476255728
2019-10-27 00:00:00,X:ETHUSD,180.34,183.681,189.32,176.321,1117623.504385494
2019-10-28 00:00:00,X:BTCUSD,9555.89,9226.5,9950.0,9177.84,105881.71819248682
2019-10-28 00:00:00,X:ETHUSD,184.72,181.98,190.72,180.366,786985.8006638252
2019-10-29 00:00:00,X:BTCUSD,9229.2,9408.82,9575.0,9030.0,95627.70642455875
2019-10-29 00:00:00,X:ETHUSD,182.24,191.29,193.65,181.299,763085.2118740028
2019-10-30 00:00:00,X:BTCUSD,9431.36,9164.44,9446.9,8985.25,73053.72110467497
2019-10-30 00:00:00,X:ETHUSD,190.475,183.82,192.93,179.22,738318.3048914354
2019-10-31 00:00:00,X:BTCUSD,9169.55,9146.18,9467.1,8940.09,80940.62431163478
2019-10-31 00:00:00,X:ETHUSD,183.4,182.38,185.7,177.47,618164.6150762115
2019-11-01 00:00:00,X:BTCUSD,9158.08,9253.12,9333.0,9037.94,66526.4756500595
2019-11-01 00:00:00,X:ETHUSD,182.16,183.19,185.48,177.23,462393.843267136
2019-11-02 00:00:00,X:BTCUSD,9253.09,9308.52,9429.5,9190.6,47693.54603170938
2019-11-02 00:00:00,X:ETHUSD,183.26,182.869,186.87,181.636,341546.1289455851
2019-11-03 00:00:00,X:BTCUSD,9308.52,9206.52,9400.6,9067.0,33073.98647871649
2019-11-03 00:00:00,X:ETHUSD,182.92,181.436,185.45,179.01,222142.60401426
2019-11-04 00:00:00,X:BTCUSD,9206.52,9410.76,9645.0,9117.62,48126.42167210297
2019-11-04 00:00:00,X:ETHUSD,181.73,186.25,190.1,180.32,392145.39069833735
2019-11-05 00:00:00,X:BTCUSD,9412.63,9322.09,9534.7,9165.2,51469.85097947866
2019-11-05 00:00:00,X:ETHUSD,185.719,188.88,192.8,181.76,554088.5779355965
2019-11-06 00:00:00,X:BTCUSD,9322.09,9352.8,9475.0,9253.66,40391.87755645278
2019-11-06 00:00:00,X:ETHUSD,188.88,191.13,195.21,187.458,468396.0186473032
2019-11-07 00:00:00,X:BTCUSD,9339.8,9198.84,9387.1,9051.6,34496.43717218049
2019-11-07 00:00:00,X:ETHUSD,191.61,186.612,192.72,184.14,387059.2794958954
2019-11-08 00:00:00,X:BTCUSD,9209.3,8763.01,9262.61,8660.0,68766.0641252301
2019-11-08 00:00:00,X:ETHUSD,186.42,183.781,188.3,180.5,460813.8477498957
2019-11-09 00:00:00,X:BTCUSD,8763.01,8807.89,8896.0,8712.52,30738.489010276386
2019-11-09 00:00:00,X:ETHUSD,183.99829331,184.9,185.78,182.21,261957.7140564221
2019-11-10 00:00:00,X:BTCUSD,8807.89,9024.49,9250.0,8731.43,31789.647847051263
2019-11-10 00:00:00,X:ETHUSD,184.77,188.88,192.24,183.36,323549.85987745435
2019-11-11 00:00:00,X:BTCUSD,9032.23,8721.54,9108.5,8590.0,45557.539250667694
2019-11-11 00:00:00,X:ETHUSD,188.89,185.13,190.89,183.47,331069.17337215965
2019-11-12 00:00:00,X:BTCUSD,8721.53,8810.0,8910.0,8549.0,43177.5135918032
2019-11-12 00:00:00,X:ETHUSD,185.12,186.93,187.71,182.0,317589.78982806084
2019-11-13 00:00:00,X:BTCUSD,8811.0,8758.34,8849.9,8700.0,28367.24247551725
2019-11-13 00:00:00,X:ETHUSD,186.98,188.066,190.0,185.08,279330.0962576981
2019-11-14 00:00:00,X:BTCUSD,8765.53,8630.0,8817.4,8555.0,37601.55787009896
2019-11-14 00:00:00,X:ETHUSD,187.81,184.55,189.21622572,182.42,305669.62769936334
2019-11-15 00:00:00,X:BTCUSD,8630.01,8457.48,8800.0,8361.0,64011.87207693597
2019-11-15 00:00:00,X:ETHUSD,184.55,180.23,188.114173,176.95,591429.8518324668
2019-11-16 00:00:00,X:BTCUSD,8495.8,8481.0,8577.0,8423.0,35302.98692606664
2019-11-16 00:00:00,X:ETHUSD,180.22,182.25,183.98,178.95,324641.543884492
2019-11-17 00:00:00,X:BTCUSD,8481.0,8500.01,8699.5,8363.5,29416.629649892755
2019-11-17 00:00:00,X:ETHUSD,182.23,183.727,186.92,179.85,233435.989874475
2019-11-18 00:00:00,X:BTCUSD,8501.0,8168.84,8537.0,8010.7,61719.42425919586
2019-11-18 00:00:00,X:ETHUSD,183.88,178.178,185.04,173.56,446929.02570292784
2019-11-19 00:00:00,X:BTCUSD,8168.84,8123.36,8245.53052527,7980.07,51260.63578486939
2019-11-19 00:00:00,X:ETHUSD,178.181,176.46,178.96,172.38,389919.7355214382
2019-11-20 00:00:00,X:BTCUSD,8130.02,8082.96,8257.8,8027.28,42925.71279680714
2019-11-20 00:00:00,X:ETHUSD,175.75,174.35,178.18,173.24,343812.68240206235
2019-11-21 00:00:00,X:BTCUSD,8082.97,7622.04,8155.9,7374.5,84658.38685716674
2019-11-21 00:00:00,X:ETHUSD,174.35,161.01,176.38,155.0,708604.1339945493
2019-11-22 00:00:00,X:BTCUSD,7620.41,7317.2,7766.0,6761.0,180455.7912201576
2019-11-22 00:00:00,X:ETHUSD,160.9,149.317,163.4,137.71,1665113.875230216
2019-11-23 00:00:00,X:BTCUSD,7283.19,7329.29,7385.0,7082.0,83401.31918722128
2019-11-23 00:00:00,X:ETHUSD,149.98,152.0,155.0,146.057,971960.513795661
2019-11-24 00:00:00,X:BTCUSD,7329.29,6908.64,7372.0,6836.9,80529.77774935651
2019-11-24 00:00:00,X:ETHUSD,151.93,139.99,153.66,138.34,419958.0826764596
2019-11-25 00:00:00,X:BTCUSD,6908.64,7127.01,7414.4,6512.01,177348.90867386057
2019-11-25 00:00:00,X:ETHUSD,141.17,145.94,152.71,131.484,1483572.1931245318
2019-11-26 00:00:00,X:BTCUSD,7127.01,7162.67,7386.3,7018.78,100131.55337279574
2019-11-26 00:00:00,X:ETHUSD,145.97,147.83,150.85589615,143.49,567361.2263942704
2019-11-27 00:00:00,X:BTCUSD,7162.67,7527.84,7689.0,6837.5,114403.80746963246
2019-11-27 00:00:00,X:ETHUSD,148.36,153.0,156.56,140.407,703728.4062550844
2019-11-28 00:00:00,X:BTCUSD,7510.14,7432.41,7690.0,7363.0,81908.20126301881
2019-11-28 00:00:00,X:ETHUSD,153.27,150.768,155.45,149.118,474656.9238232566
2019-11-29 00:00:00,X:BTCUSD,7432.41,7738.58,7933.4,7400.0,76373.40043855397
2019-11-29 00:00:00,X:ETHUSD,151.01,154.517,158.85,150.261,517099.9229593202
2019-11-30 00:00:00,X:BTCUSD,7759.99,7544.68,7861.6,7446.74,66139.782618587
2019-11-30 00:00:00,X:ETHUSD,155.54,152.53,156.63,149.6,391416.17225669714
2019-12-01 00:00:00,X:BTCUSD,7541.93,7404.27,7600.1,7228.8,73553.39747519825
2019-12-01 00:00:00,X:ETHUSD,152.45396151,150.723,153.55,145.868,412749.4367361504
2019-12-02 00:00:00,X:BTCUSD,7405.33,7305.01,7467.3,7140.08,66310.49820925306
2019-12-02 00:00:00,X:ETHUSD,150.94,148.646,152.73,146.799,221013.30631427
2019-12-03 00:00:00,X:BTCUSD,7291.68,7293.64,7454.6,7237.26,48151.99514203116
2019-12-03 00:00:00,X:ETHUSD,148.83,147.33,150.96,145.08,345922.78211825533
2019-12-04 00:00:00,X:BTCUSD,7302.94,7238.3,7890.0,7068.2,102752.34402102724
2019-12-04 00:00:00,X:ETHUSD,147.33,145.5,155.21,143.11,532500.1888293296
2019-12-05 00:00:00,X:BTCUSD,7199.0,7393.54,7530.9,7148.77,87111.99656398327
2019-12-05 00:00:00,X:ETHUSD,145.647,148.18,150.19,143.7,413058.3926492584
2019-12-06 00:00:00,X:BTCUSD,7393.55,7525.79,7661.8,7305.56,68889.03867703334
2019-12-06 00:00:00,X:ETHUSD,148.2,148.54,151.0,145.75,348924.06246652344
2019-12-07 00:00:00,X:BTCUSD,7535.46,7502.19,7669.8,7472.98,44245.98857184024
2019-12-07 00:00:00,X:ETHUSD,148.82,147.43,150.56,146.921,87336.98745795016
2019-12-08 00:00:00,X:BTCUSD,7502.2,7520.0,7620.0,7374.68,35783.11691006182
2019-12-08 00:00:00,X:ETHUSD,147.207,150.482,152.62,146.158,258969.6185408505
2019-12-09 00:00:00,X:BTCUSD,7520.0,7340.35,7748.7,7256.7,66358.09784426443
2019-12-09 00:00:00,X:ETHUSD,150.69,147.384,152.04,146.41999,248241.03998308285
2019-12-10 00:00:00,X:BTCUSD,7337.51,7221.51,7434.6,7150.23,48031.34368963101
2019-12-10 00:00:00,X:ETHUSD,147.389,145.577,148.98,143.41,364236.7930292835
2019-12-11 00:00:00,X:BTCUSD,7219.37,7201.23,7312.0,7122.28,40280.123166788166
2019-12-11 00:00:00,X:ETHUSD,145.54,143.91,146.94,141.93,256375.5740793846
2019-12-12 00:00:00,X:BTCUSD,7201.24,7185.91,7369.0188921,7072.2,49496.19662915189
2019-12-12 00:00:00,X:ETHUSD,143.29,144.69,147.17,139.0,384088.7602320578
2019-12-13 00:00:00,X:BTCUSD,7185.91,7249.9,7332.0,7179.65,35862.940348283046
2019-12-13 00:00:00,X:ETHUSD,144.808,144.77,145.81,142.47999,291395.2827638556
2019-12-14 00:00:00,X:BTCUSD,7249.9,7062.91,7290.5,7007.48,31904.349670006864
2019-12-14 00:00:00,X:ETHUSD,144.67,141.73,145.76,141.02,223876.529258482
2019-12-15 00:00:00,X:BTCUSD,7062.92,7118.16,7225.23,7006.01,28763.675014272743
2019-12-15 00:00:00,X:ETHUSD,141.72,142.38,144.83,139.65,243218.8722009069
2019-12-16 00:00:00,X:BTCUSD,7111.0,6877.03,7196.0,6800.0,60724.24811975726
2019-12-16 00:00:00,X:ETHUSD,142.457,132.36,143.39429585,128.94,599447.6377386702
2019-12-17 00:00:00,X:BTCUSD,6877.04,6616.62,6972.0,6550.0,77165.54816363983
2019-12-17 00:00:00,X:ETHUSD,132.33,121.83,133.47,119.5,853432.5340668248
2019-12-18 00:00:00,X:BTCUSD,6616.62,7285.53,7488.2,6425.0,117168.4513187558
2019-12-18 00:00:00,X:ETHUSD,121.894,132.89,135.13,115.44,1268114.7143615456
2019-12-19 00:00:00,X:BTCUSD,7288.05,7149.57,7417.1,7000.0,75333.06085844523
2019-12-19 00:00:00,X:ETHUSD,132.89,128.18,134.82,125.6,413680.6878464999
2019-12-20 00:00:00,X:BTCUSD,7149.13,7190.0,7249.0,7072.61,47944.99142757802
2019-12-20 00:00:00,X:ETHUSD,128.18,128.205,129.97,125.71,487489.5501049005
2019-12-21 00:00:00,X:BTCUSD,7190.0,7132.82,7215.1,7099.57,23786.685885659823
2019-12-21 00:00:00,X:ETHUSD,128.36,127.09,129.01,126.521,199753.3461755905
2019-12-22 00:00:00,X:BTCUSD,7143.01,7513.06,7541.4,7124.0,45454.27376559704
2019-12-22 00:00:00,X:ETHUSD,127.014,132.4,133.61,126.823,321861.94488750945
2019-12-23 00:00:00,X:BTCUSD,7514.74,7310.79,7715.1,7247.86,79417.11034600133
2019-12-23 00:00:00,X:ETHUSD,132.4,128.23,135.96,125.95,523519.0811012106
2019-12-24 00:00:00,X:BTCUSD,7310.79,7255.01,7445.0,7151.08,71332.4750363076
2019-12-24 00:00:00,X:ETHUSD,127.75,127.721,129.9,126.5,400937.9506249649
2019-12-25 00:00:00,X:BTCUSD,7255.01,7192.12,7294.2,7110.73,38558.28765060513
2019-12-25 00:00:00,X:ETHUSD,127.67,124.96,128.11016221,122.96,355510.14276564185
2019-12-26 00:00:00,X:BTCUSD,7192.12,7195.5,7465.0,7140.0,48256.281894986045
2019-12-26 00:00:00,X:ETHUSD,125.39,125.49,132.9,124.06,442242.6965751056
2019-12-27 00:00:00,X:BTCUSD,7194.13,7245.83,7300.0,6934.8,53657.37213593526
2019-12-27 00:00:00,X:ETHUSD,125.63,126.23,127.46,121.82,436706.79214738193
2019-12-28 00:00:00,X:BTCUSD,7245.83,7302.67,7390.0,7231.0,41386.071653387866
2019-12-28 00:00:00,X:ETHUSD,126.23,128.095,130.28,125.74,344990.40307636926
2019-12-29 00:00:00,X:BTCUSD,7302.67,7386.75,7551.6,7274.43,32498.968889119897
2019-12-29 00:00:00,X:ETHUSD,128.49,134.3,138.63,127.22,438302.0660488318
2019-12-30 00:00:00,X:BTCUSD,7384.57,7218.0,7421.7,7199.0,41153.9504294776
2019-12-30 00:00:00,X:ETHUSD,134.31,131.603,136.58,129.79,287510.7551603572
2019-12-31 00:00:00,X:BTCUSD,7218.01,7168.36,7333.0,7110.0,34402.105988500334
2019-12-31 00:00:00,X:ETHUSD,131.08,129.204,133.95,127.6,468289.36846168776
2020-01-01 00:00:00,X:BTCUSD,7165.72,7212.7,7285.1,7136.05,24043.613438978933
2020-01-01 00:00:00,X:ETHUSD,129.215,130.703,133.24,128.12,340837.09261655045
2020-01-02 00:00:00,X:BTCUSD,7174.33,6942.3,7225.8,6900.0,43828.77952986781
2020-01-02 00:00:00,X:ETHUSD,130.14,126.81,130.92,125.67,355427.86716697284
2020-01-03 00:00:00,X:BTCUSD,6965.71,7371.2,7444.9,6853.53,86872.13036333877
2020-01-03 00:00:00,X:ETHUSD,127.5609376,134.17,135.81,125.4,614682.7496893804
2020-01-04 00:00:00,X:BTCUSD,7334.45,7348.63,7422.0,7256.03,35800.91957491772
2020-01-04 00:00:00,X:ETHUSD,134.17,134.196,136.35,132.3,445223.85577491
2020-01-05 00:00:00,X:BTCUSD,7348.63,7355.4,7509.9,7301.1,32501.464798917903
2020-01-05 00:00:00,X:ETHUSD,134.14,135.4,138.97,133.83,361330.8599129717
2020-01-06 00:00:00,X:BTCUSD,7355.4,7757.9,7817.0,7339.2,62491.66745464538
2020-01-06 00:00:00,X:ETHUSD,135.55,144.156,144.57,134.78,649600.8022826794
2020-01-07 00:00:00,X:BTCUSD,7760.0,8158.52,8252.5,7697.03,87666.37145723945
2020-01-07 00:00:00,X:ETHUSD,144.132,143.08,145.32,138.79,565188.7942258995
2020-01-08 00:00:00,X:BTCUSD,8160.01,8043.3,8469.39,7845.0,120066.75358940428
2020-01-08 00:00:00,X:ETHUSD,142.95,140.69999,148.0,136.42,632404.7389708542
2020-01-09 00:00:00,X:BTCUSD,8047.75,7818.0,8054.03,7737.97,61121.55044818641
2020-01-09 00:00:00,X:ETHUSD,140.69999,137.769,141.57,135.12,489353.31807141966
2020-01-10 00:00:00,X:BTCUSD,7817.4,8198.09,8201.1,7666.3,73799.04086244453
2020-01-10 00:00:00,X:ETHUSD,137.68,144.847,145.81,135.13999,639351.4606762079
2020-01-11 00:00:00,X:BTCUSD,8180.3,8013.7,8319.5,7991.8,54680.80032670196
2020-01-11 00:00:00,X:ETHUSD,144.59,142.48049337,148.0,141.28,515643.5767806984
2020-01-12 00:00:00,X:BTCUSD,8017.47,8177.3,8194.24,7951.2,43493.993641549605
2020-01-12 00:00:00,X:ETHUSD,142.51,146.34,146.627,141.53,360865.5894188082
2020-01-13 00:00:00,X:BTCUSD,8180.81,8111.3,8199.7,8036.8,31359.23430588629
2020-01-13 00:00:00,X:ETHUSD,146.35,143.46,147.59,142.0,335413.4116372119
2020-01-14 00:00:00,X:BTCUSD,8105.6,8772.6,8895.0,8095.8,122182.597403019
2020-01-14 00:00:00,X:ETHUSD,143.49,165.76,170.86,143.44999,1258214.106941211
2020-01-15 00:00:00,X:BTCUSD,8813.2,8809.17,8914.99,8550.0,78278.9488514751
2020-01-15 00:00:00,X:ETHUSD,165.74,166.423,172.18,159.0,693239.1972676209
2020-01-16 00:00:00,X:BTCUSD,8807.7,8714.76,8859.82,8573.91,53631.069839574
2020-01-16 00:00:00,X:ETHUSD,166.11,164.25,167.43,158.17,408697.5711360736
2020-01-17 00:00:00,X:BTCUSD,8714.77,8899.42,9026.99,8657.7,81733.55291118643
2020-01-17 00:00:00,X:ETHUSD,164.219,169.22,174.52,161.08683014,691808.5976383064
2020-01-18 00:00:00,X:BTCUSD,8898.03,8914.19,9000.1,8791.12468089,42004.19107462683
2020-01-18 00:00:00,X:ETHUSD,169.19,173.58,179.551,164.78,613158.144408446
2020-01-19 00:00:00,X:BTCUSD,8901.02,8705.79999,9198.61,8450.0,90709.255591534
2020-01-19 00:00:00,X:ETHUSD,174.05,166.75,178.06,161.21,747842.8542225753
2020-01-20 00:00:00,X:BTCUSD,8697.53,8644.91,8743.04,8504.06,48197.8258073012
2020-01-20 00:00:00,X:ETHUSD,166.73415619,166.68,169.3,160.9,347124.7560519887
2020-01-21 00:00:00,X:BTCUSD,8628.89,8736.37,8787.17417425,8333.0,38854.85939570314
2020-01-21 00:00:00,X:ETHUSD,166.901,169.438,170.275,164.28,492138.58017383306
2020-01-22 00:00:00,X:BTCUSD,8722.03,8660.38,8817.15,8565.0,34701.19246929524
2020-01-22 00:00:00,X:ETHUSD,169.449,167.68,171.5,165.61,348219.8342621594
2020-01-23 00:00:00,X:BTCUSD,8660.38,8403.56851721,8692.75,8278.0,59872.033082152615
2020-01-23 00:00:00,X:ETHUSD,168.078,162.816,168.259,158.44,467152.4161956051
2020-01-24 00:00:00,X:BTCUSD,8385.21,8439.69,8530.7,8212.9,49507.27787909653
2020-01-24 00:00:00,X:ETHUSD,162.856,162.3,164.42,154.48,648396.399772422
2020-01-25 00:00:00,X:BTCUSD,8439.69,8340.46,8450.48,8252.72,33076.08513525589
2020-01-25 00:00:00,X:ETHUSD,162.69,160.12,162.73482725,157.4,229909.25596867272
2020-01-26 00:00:00,X:BTCUSD,8326.8,8595.0,8631.6,8276.22,35635.00795327698
2020-01-26 00:00:00,X:ETHUSD,160.47,168.16,169.39430101,159.06,400400.6587309317
2020-01-27 00:00:00,X:BTCUSD,8595.0,8910.86,9004.35,8546.55,56128.46804533448
2020-01-27 00:00:00,X:ETHUSD,168.16,170.13,172.06,164.77,543332.3132684252
2020-01-28 00:00:00,X:BTCUSD,8895.95,9397.0,9420.7,8873.9,96143.97231404675
2020-01-28 00:00:00,X:ETHUSD,170.14,175.99,177.01,169.73,644127.602856158
2020-01-29 00:00:00,X:BTCUSD,9386.57,9300.3,9443.96,9215.5,67619.9886552084
2020-01-29 00:00:00,X:ETHUSD,175.633,173.45,179.0,172.95,490574.6926754882
2020-01-30 00:00:00,X:BTCUSD,9280.83,9500.0,9574.68,9060.0,71963.29529552246
2020-01-30 00:00:00,X:ETHUSD,173.41,184.679,186.969,170.0,684608.8879852055
2020-01-31 00:00:00,X:BTCUSD,9502.71,9334.98,9531.35,9195.49,45617.94922929732
2020-01-31 00:00:00,X:ETHUSD,184.49,179.74,185.708,174.77,474972.1975817418
2020-02-01 00:00:00,X:BTCUSD,9334.98,9380.18,9476.4,9280.33,16884.061685349734
2020-02-01 00:00:00,X:ETHUSD,179.72,184.07,184.47,178.92,427263.7867868152
2020-02-02 00:00:00,X:BTCUSD,9380.18,9322.2,9501.3,9135.0,31785.83145476236
2020-02-02 00:00:00,X:ETHUSD,184.07,188.69,194.0,178.9,583568.0730725463
2020-02-03 00:00:00,X:BTCUSD,9353.0,9280.49,9628.6,9211.07,41881.00318039728
2020-02-03 00:00:00,X:ETHUSD,188.85,189.42,195.81,186.25,543931.6315054494
2020-02-04 00:00:00,X:BTCUSD,9280.49,9164.33,9359.8,9075.0,36726.07400210972
2020-02-04 00:00:00,X:ETHUSD,190.19,188.24,191.76,181.93,505037.29472163273
2020-02-05 00:00:00,X:BTCUSD,9164.33,9613.82,9775.0,9142.52,54511.42245270209
2020-02-05 00:00:00,X:ETHUSD,189.06,204.0,207.99,186.89,733267.2310821627
2020-02-06 00:00:00,X:BTCUSD,9613.91,9763.01,9863.39,9520.0,61136.40431893776
2020-02-06 00:00:00,X:ETHUSD,203.78,212.95,216.49,200.47,969916.0506959312
2020-02-07 00:00:00,X:BTCUSD,9763.01,9805.2,9885.0,9683.9,45131.06872562267
2020-02-07 00:00:00,X:ETHUSD,212.5957428,223.22,224.78,212.5957428,863798.1090832425
2020-02-08 00:00:00,X:BTCUSD,9807.92,9904.29999,9955.0,9653.47,43198.78757996732
2020-02-08 00:00:00,X:ETHUSD,223.03,223.37,228.4,212.77410942,1015605.9395277743
2020-02-09 00:00:00,X:BTCUSD,9905.64,10168.35,10180.0,9871.1,53646.44875338234
2020-02-09 00:00:00,X:ETHUSD,222.64,228.654,230.98,222.55,680070.0953085019
2020-02-10 00:00:00,X:BTCUSD,10168.36,9850.03,10200.0,9701.0,60732.00678197256
2020-02-10 00:00:00,X:ETHUSD,228.8,223.0,229.84,213.37,692919.0739931439
2020-02-11 00:00:00,X:BTCUSD,9850.15,10224.41,10409.2,9706.0,72760.80120891913
2020-02-11 00:00:00,X:ETHUSD,222.882,237.98,239.92,217.7,819198.3573779264
2020-02-12 00:00:00,X:BTCUSD,10270.01,10351.13,10495.0,10218.0,54990.32182519999
2020-02-12 00:00:00,X:ETHUSD,237.02,265.49,276.15,236.697,1550554.9595405434
2020-02-13 00:00:00,X:BTCUSD,10326.99,10223.15,10522.51,10058.0,54538.68648847553
2020-02-13 00:00:00,X:ETHUSD,265.54,268.368,278.31,253.75,1628250.2640491454
2020-02-14 00:00:00,X:BTCUSD,10241.6,10364.04,10398.0,10093.26,46391.3484333618
2020-02-14 00:00:00,X:ETHUSD,268.368,285.95999,287.98,259.63,882775.3693534326
2020-02-15 00:00:00,X:BTCUSD,10335.0,9900.9,10408.04,9739.0,49358.03211818192
2020-02-15 00:00:00,X:ETHUSD,285.95,264.96,290.0,261.0,1057699.715606267
2020-02-16 00:00:00,X:BTCUSD,9909.71,9921.0,10051.24,9598.49,47992.27069649786
2020-02-16 00:00:00,X:ETHUSD,264.93,259.01,274.02999,236.32,1241000.4590615868
2020-02-17 00:00:00,X:BTCUSD,9920.52,9700.0,9973.45,9456.78,60679.07173462558
2020-02-17 00:00:00,X:ETHUSD,258.75,268.16,269.12,242.171,1536464.4547390975
2020-02-18 00:00:00,X:BTCUSD,9700.0,10165.84,10298.25,9590.52,68974.46993195423
2020-02-18 00:00:00,X:ETHUSD,267.998,282.626,286.87,258.72,1419375.27358244
2020-02-19 00:00:00,X:BTCUSD,10184.0,9595.71,10315.0,9280.98,79206.53980620044
2020-02-19 00:00:00,X:ETHUSD,283.0,258.56,287.13,250.0,1371267.5400467
2020-02-20 00:00:00,X:BTCUSD,9593.48,9597.37,9706.27,9350.0,59604.06920868646
2020-02-20 00:00:00,X:ETHUSD,258.51,257.42,264.26,244.24,1135228.868177279
2020-02-21 00:00:00,X:BTCUSD,9610.05,9681.24,9773.2,9559.61,51549.97669570208
2020-02-21 00:00:00,X:ETHUSD,256.971,265.249,269.0,253.802,991480.25973733
2020-02-22 00:00:00,X:BTCUSD,9680.92,9668.23,9722.97,9557.47,26438.510584708387
2020-02-22 00:00:00,X:ETHUSD,265.5,262.08,267.43,255.16,426235.9258346078
2020-02-23 00:00:00,X:BTCUSD,9650.77,9965.01,10025.66,9649.31,38780.17891054102
2020-02-23 00:00:00,X:ETHUSD,262.13,275.59,276.62,260.886,565471.3682630789
2020-02-24 00:00:00,X:BTCUSD,9985.0,9660.0,10030.0,9441.2,60397.70311923568
2020-02-24 00:00:00,X:ETHUSD,275.59,265.31,278.26,254.9,998241.8557021512
2020-02-25 00:00:00,X:BTCUSD,9660.0,9305.0,9691.9,9230.0,63742.75647914472
2020-02-25 00:00:00,X:ETHUSD,265.92,247.36,266.36796659,243.91,945350.6935481796
2020-02-26 00:00:00,X:BTCUSD,9304.99,8778.3,9385.9,8602.0,103212.01345281392
2020-02-26 00:00:00,X:ETHUSD,246.28,224.11,250.84,215.13,1744538.7729810935
2020-02-27 00:00:00,X:BTCUSD,8778.37,8825.6,8975.0,8516.29999,86744.13440343177
2020-02-27 00:00:00,X:ETHUSD,224.1,227.687,239.0,208.0,2070930.6226425257
2020-02-28 00:00:00,X:BTCUSD,8825.66115173,8728.0,8908.3,8421.49,78946.74230257148
2020-02-28 00:00:00,X:ETHUSD,227.53193668,226.79,234.92,213.36,1478319.4228995666
2020-02-29 00:00:00,X:BTCUSD,8708.61,8561.5,8829.0,8520.67,48482.15291486442
2020-02-29 00:00:00,X:ETHUSD,227.13,218.15198312,233.5,216.83,921927.111483327
2020-03-01 00:00:00,X:BTCUSD,8523.33,8522.31,8775.0,8400.0,49166.33525910862
2020-03-01 00:00:00,X:ETHUSD,217.36,218.57,228.71,211.5,930425.3571550692
2020-03-02 00:00:00,X:BTCUSD,8522.3,8915.0,8990.8,8486.72,65876.9434729097
2020-03-02 00:00:00,X:ETHUSD,217.34,232.0,235.52,215.69,1079820.5604648264
2020-03-03 00:00:00,X:BTCUSD,8917.34,8759.52,8940.0,8635.31,67814.55715276183
2020-03-03 00:00:00,X:ETHUSD,232.12,223.947,233.64,219.87,1073655.893682473
2020-03-04 00:00:00,X:BTCUSD,8792.3,8751.46,8877.7,8663.76,50857.29938288584
2020-03-04 00:00:00,X:ETHUSD,223.72,224.56,229.42,220.202,787812.269353177
2020-03-05 00:00:00,X:BTCUSD,8751.44,9070.17,9186.5,8751.44,62447.60809270863
2020-03-05 00:00:00,X:ETHUSD,225.09940213,228.337,235.18,224.236,826290.2757411737
2020-03-06 00:00:00,X:BTCUSD,9090.0,9158.51,9199.7,8987.68,62420.24385151519
2020-03-06 00:00:00,X:ETHUSD,228.6,245.56,246.27,227.334,1021472.190140473
2020-03-07 00:00:00,X:BTCUSD,9158.51,8919.0,9241.5,8843.22,50848.121108609
2020-03-07 00:00:00,X:ETHUSD,245.53,237.274,253.01,235.64,952216.321973395
2020-03-08 00:00:00,X:BTCUSD,8901.36,8037.76,8919.0,7995.48,105007.83858273804
2020-03-08 00:00:00,X:ETHUSD,238.18,200.2,238.19036775,195.645,1574068.330054315
2020-03-09 00:00:00,X:BTCUSD,8037.73,7934.52,8215.0,7630.0,141148.81318488836
2020-03-09 00:00:00,X:ETHUSD,199.47,202.77,209.53,189.07,2165588.900103053
2020-03-10 00:00:00,X:BTCUSD,7965.4,7894.68,8180.0,7733.56,100798.72203245618
2020-03-10 00:00:00,X:ETHUSD,203.55,201.13,207.0,194.77,1538529.491336724
2020-03-11 00:00:00,X:BTCUSD,7894.68,7938.05,8034.6,7583.27,82627.88084303144
2020-03-11 00:00:00,X:ETHUSD,201.32,194.608,203.68975098,181.0,1276954.8767245004
2020-03-12 00:00:00,X:BTCUSD,7934.57,4857.1,8001.7,4429.72,453858.03073615726
2020-03-12 00:00:00,X:ETHUSD,194.61,108.78,196.53,101.0,5647162.903337327
2020-03-13 00:00:00,X:BTCUSD,4841.67,5580.05,5999.0,3803.54,528732.3908859883
2020-03-13 00:00:00,X:ETHUSD,110.3,135.51,148.33,87.131,6148473.245614801
2020-03-14 00:00:00,X:BTCUSD,5630.93,5165.25,5682.4,5050.0,246815.1079806272
2020-03-14 00:00:00,X:ETHUSD,135.44,122.17,135.9,120.34,3106292.0143746617
2020-03-15 00:00:00,X:BTCUSD,5180.9,5360.93,6002.2,5085.91,165990.35626456066
2020-03-15 00:00:00,X:ETHUSD,122.498,124.25,134.69,119.84,1604311.7510668691
2020-03-16 00:00:00,X:BTCUSD,5346.86,5058.5,5388.9,4331.7,317929.82488518185
2020-03-16 00:00:00,X:ETHUSD,123.829,111.38,124.5,100.5,3482978.4900179426
2020-03-17 00:00:00,X:BTCUSD,5039.95,5331.71,5572.8,4921.14,211209.62365785785
2020-03-17 00:00:00,X:ETHUSD,111.36,115.702,122.0,109.346,2244573.6222596834
2020-03-18 00:00:00,X:BTCUSD,5340.95,5395.45,5487.96366832,5001.0,180530.15024000985
2020-03-18 00:00:00,X:ETHUSD,116.11,118.6,119.07,110.0,1168962.7483329745
2020-03-19 00:00:00,X:BTCUSD,5413.88,6186.26,6441.37,5252.81,241806.2633755821
2020-03-19 00:00:00,X:ETHUSD,118.59,136.68,144.87,115.502,2100876.6011801823
2020-03-20 00:00:00,X:BTCUSD,6185.3,6202.29,7139.0,5657.0,269656.316745995
2020-03-20 00:00:00,X:ETHUSD,136.31,133.51,154.0,115.0,2923804.0246783174
2020-03-21 00:00:00,X:BTCUSD,6210.47,6196.3,6474.7,5850.0,146057.41452173542
2020-03-21 00:00:00,X:ETHUSD,133.438,132.81,138.33,125.722,1712547.8951063016
2020-03-22 00:00:00,X:BTCUSD,6198.64,5816.22,6420.0,5705.0,137504.95569374514
2020-03-22 00:00:00,X:ETHUSD,132.638,122.3,137.38,108.1,1260064.624069662
2020-03-23 00:00:00,X:BTCUSD,5815.24,6464.87,6664.3,5660.65,192901.76520270415
2020-03-23 00:00:00,X:ETHUSD,122.29,137.0,138.25,119.04,1578330.9570035818
2020-03-24 00:00:00,X:BTCUSD,6465.44,6762.09308369,6893.0,6375.95,188525.27556506312
2020-03-24 00:00:00,X:ETHUSD,137.0,139.0,144.3,132.541,1273794.7454847486
2020-03-25 00:00:00,X:BTCUSD,6766.0,6690.96,6989.04,6430.2,160146.0559089706
2020-03-25 00:00:00,X:ETHUSD,138.95,136.028,143.43,131.71014281,918520.2243764534
2020-03-26 00:00:00,X:BTCUSD,6691.71,6758.18,6798.89,6507.55,104239.66221969012
2020-03-26 00:00:00,X:ETHUSD,136.15,138.76,140.36,133.01,348818.404212668
2020-03-27 00:00:00,X:BTCUSD,6752.5,6372.36,6880.0,6210.0,109701.31077647745
2020-03-27 00:00:00,X:ETHUSD,138.76,131.56,142.5,128.94,388624.7451419166
2020-03-28 00:00:00,X:BTCUSD,6376.03,6238.35,6376.4,6026.17,116116.4768038068
2020-03-28 00:00:00,X:ETHUSD,131.59,131.23,133.8,124.942,409904.9362472858
2020-03-29 00:00:00,X:BTCUSD,6251.45,5875.0,6281.1,5866.3,93091.78229055856
2020-03-29 00:00:00,X:ETHUSD,130.913,124.76,132.19,123.27,281583.2219572304
2020-03-30 00:00:00,X:BTCUSD,5878.98,6406.4,6640.0,5851.0,114066.00777603952
2020-03-30 00:00:00,X:ETHUSD,124.43,132.32,135.68,124.01,357759.91104628536
2020-03-31 00:00:00,X:BTCUSD,6406.4,6424.35,6536.0,6325.5,89492.13998117561
2020-03-31 00:00:00,X:ETHUSD,132.32,132.7,135.79,130.35,192041.22612678225
2020-04-01 00:00:00,X:BTCUSD,6424.02,6666.11,6744.99,6137.71,100405.45564681006
2020-04-01 00:00:00,X:ETHUSD,132.701,136.45,137.64,128.6,267933.97658022586
2020-04-02 00:00:00,X:BTCUSD,6666.11,6804.52,7292.11,6553.21,161275.5444527744
2020-04-02 00:00:00,X:ETHUSD,136.14,141.8,150.69999,135.083,550608.2185125137
2020-04-03 00:00:00,X:BTCUSD,6811.8,6734.06,7053.3,6606.06,122268.97724685963
2020-04-03 00:00:00,X:ETHUSD,141.177,141.327,147.24,137.1,305669.3531243195
2020-04-04 00:00:00,X:BTCUSD,6738.6,6874.77,7025.53,6644.3,78259.74075882659
2020-04-04 00:00:00,X:ETHUSD,141.48,144.48,146.72,138.988,192772.03422478173
2020-04-05 00:00:00,X:BTCUSD,6874.77,6778.25,6925.0,6673.67,61636.28296698335
2020-04-05 00:00:00,X:ETHUSD,144.62483934,142.79,146.24,140.611,146432.12450261205
2020-04-06 00:00:00,X:BTCUSD,6778.64,7327.85,7376.59,6760.83,116317.80319002476
2020-04-06 00:00:00,X:ETHUSD,142.95,171.251,172.4,142.774,999065.0765296386
2020-04-07 00:00:00,X:BTCUSD,7341.55,7197.13,7474.9,7073.0,131403.82099882467
2020-04-07 00:00:00,X:ETHUSD,171.56,164.645,176.82,161.47,1945577.348584128
2020-04-08 00:00:00,X:BTCUSD,7204.7,7361.0,7430.0,7151.64491202,83659.25564141257
2020-04-08 00:00:00,X:ETHUSD,164.89,173.78,174.77,163.49,1387273.7246829409
2020-04-09 00:00:00,X:BTCUSD,7370.38,7294.1,7378.1,7091.9,80308.30431951628
2020-04-09 00:00:00,X:ETHUSD,173.78,170.0,174.04,165.13,1061007.5564084451
2020-04-10 00:00:00,X:BTCUSD,7294.1,6873.8,7306.1,6740.99,102399.32141626671
2020-04-10 00:00:00,X:ETHUSD,169.71,158.16999,170.39,152.171,1783124.5928492595
2020-04-11 00:00:00,X:BTCUSD,6871.83,6889.6,6960.0,6760.72,70202.74272981053
2020-04-11 00:00:00,X:ETHUSD,158.16999,158.58,161.62,153.97,1031710.6107362416
2020-04-12 00:00:00,X:BTCUSD,6882.75,6919.0,7216.5,6777.99,70957.3939426707
2020-04-12 00:00:00,X:ETHUSD,158.68,159.03935858,166.06648933,154.974,711697.5010861438
2020-04-13 00:00:00,X:BTCUSD,6908.12,6861.21,6917.0,6542.91,107126.20878890828
2020-04-13 00:00:00,X:ETHUSD,158.92,156.76,159.65,148.82,1259023.4815709747
2020-04-14 00:00:00,X:BTCUSD,6860.51,6874.5,6997.38,6758.86,75956.63258739567
2020-04-14 00:00:00,X:ETHUSD,156.76,158.65,163.0,155.32,1081463.471544231
2020-04-15 00:00:00,X:BTCUSD,6876.92,6624.12,6940.6,6598.55,79823.67944802219
2020-04-15 00:00:00,X:ETHUSD,158.55,152.77,161.5,151.786,858862.9579805268
2020-04-16 00:00:00,X:BTCUSD,6623.62,7112.64,7224.18,6456.0,127566.68775747776
2020-04-16 00:00:00,X:ETHUSD,153.00509048,172.5,175.41,147.0,1740190.218571126
2020-04-17 00:00:00,X:BTCUSD,7112.4,7045.8,7160.5,6988.0,62670.819655936335
2020-04-17 00:00:00,X:ETHUSD,172.58,170.89,175.24,168.12,817550.3109373022
2020-04-18 00:00:00,X:BTCUSD,7045.8054993,7268.8,7309.7,7018.63,47617.003178555366
2020-04-18 00:00:00,X:ETHUSD,171.24,187.88,191.22,170.468,882491.6218603597
2020-04-19 00:00:00,X:BTCUSD,7262.04,7130.71,7285.4,7050.29,49689.22323315296
2020-04-19 00:00:00,X:ETHUSD,187.86,180.22,189.92,176.0,1052363.0853466915
2020-04-20 00:00:00,X:BTCUSD,7133.3,6838.19,7236.3,6748.72,83400.69566482925
2020-04-20 00:00:00,X:ETHUSD,180.28,170.5,186.76,166.13,1200201.1539498526
2020-04-21 00:00:00,X:BTCUSD,6837.1,6853.68,6959.0,6762.17,57547.27436560211
2020-04-21 00:00:00,X:ETHUSD,170.177,171.07,174.96,168.177,590835.9222381858
2020-04-22 00:00:00,X:BTCUSD,6841.82,7136.9,7171.26,6816.27,53442.17460233921
2020-04-22 00:00:00,X:ETHUSD,170.712,183.11,184.69,169.918,670434.4749978762
2020-04-23 00:00:00,X:BTCUSD,7136.81,7488.83,7790.0,7022.06,108604.12380349686
2020-04-23 00:00:00,X:ETHUSD,183.1,185.66,194.86,178.155,1143041.4139318871
2020-04-24 00:00:00,X:BTCUSD,7491.5,7514.64,7614.0,7370.0,65500.603275384514
2020-04-24 00:00:00,X:ETHUSD,185.83613412,187.72,190.24,184.2,660203.9248640537
2020-04-25 00:00:00,X:BTCUSD,7508.4,7547.61,7731.8,7432.8,54177.52229794403
2020-04-25 00:00:00,X:ETHUSD,187.71,194.42,198.3,185.797,853846.1129059294
2020-04-26 00:00:00,X:BTCUSD,7547.61,7697.9,7718.0,7473.5,49251.860162394056
2020-04-26 00:00:00,X:ETHUSD,194.51,197.5,200.0,192.375,670326.1360251163
2020-04-27 00:00:00,X:BTCUSD,7706.4,7792.4,7813.68,7611.0,71929.7393017868
2020-04-27 00:00:00,X:ETHUSD,197.4923796,196.78,199.56,187.3,859661.0990917461
2020-04-28 00:00:00,X:BTCUSD,7789.77,7750.7,7798.42,7650.0,57403.96390073448
2020-04-28 00:00:00,X:ETHUSD,196.63,196.55,198.1,192.06,549007.8819578838
2020-04-29 00:00:00,X:BTCUSD,7750.6,8793.75,8988.0,7698.88,200184.51837902144
2020-04-29 00:00:00,X:ETHUSD,196.64,215.66,219.59,196.359,1569618.4724030993
2020-04-30 00:00:00,X:BTCUSD,8794.99,8631.81715292,9487.9,8400.0,250445.6781026055
2020-04-30 00:00:00,X:ETHUSD,215.31,206.23,227.73,201.66,2125809.720369079
2020-05-01 00:00:00,X:BTCUSD,8621.01,8829.42,9075.98,8616.17,101166.99572113024
2020-05-01 00:00:00,X:ETHUSD,206.22,212.031,217.73,205.911,1071827.5446004225
2020-05-02 00:00:00,X:BTCUSD,8823.0,8985.58,9025.0,8756.2,59809.29618534872
2020-05-02 00:00:00,X:ETHUSD,211.973,213.835,215.71,210.32,546901.4857143164
2020-05-03 00:00:00,X:BTCUSD,8982.4,8909.95,9207.82,8714.0,92845.75673523672
2020-05-03 00:00:00,X:ETHUSD,214.25,210.24,219.51,203.8,848276.6783654407
2020-05-04 00:00:00,X:BTCUSD,8901.34819902,8868.48,8974.34,8517.0,87505.33309250145
2020-05-04 00:00:00,X:ETHUSD,209.87,206.86,210.96,194.85,1134878.7389139389
2020-05-05 00:00:00,X:BTCUSD,8872.31,9019.35,9126.27,8758.6,83019.9691378112
2020-05-05 00:00:00,X:ETHUSD,206.59,205.43,212.19,200.66,661921.9238884321
2020-05-06 00:00:00,X:BTCUSD,9020.1,9155.79,9430.0,8913.56992467,92731.8166634112
2020-05-06 00:00:00,X:ETHUSD,205.32,199.13,212.0,197.0,806145.567468243
2020-05-07 00:00:00,X:BTCUSD,9163.63,10004.77,10080.2,9028.89,154381.57447214026
2020-05-07 00:00:00,X:ETHUSD,199.09,212.004,215.99,196.669,872030.398085723
2020-05-08 00:00:00,X:BTCUSD,10000.37,9798.03,10049.0,9705.0,104169.51797151603
2020-05-08 00:00:00,X:ETHUSD,212.24,211.62,217.12,206.77,712535.9075793071
2020-05-09 00:00:00,X:BTCUSD,9808.4,9539.57,9920.73,9463.99256,91192.29030835028
2020-05-09 00:00:00,X:ETHUSD,211.325,210.069,214.79,208.27,424535.082642775
2020-05-10 00:00:00,X:BTCUSD,9537.21,8722.2,9570.1,7995.6,205929.59319281735
2020-05-10 00:00:00,X:ETHUSD,210.06,187.616,210.114,179.44,2033855.681054436
2020-05-11 00:00:00,X:BTCUSD,8729.86,8570.79999,9182.97,8181.0,182905.23609159392
2020-05-11 00:00:00,X:ETHUSD,187.65,185.6,194.85,175.51,1267029.2921121598
2020-05-12 00:00:00,X:BTCUSD,8574.19,8821.42,8984.87,8526.4,103978.56533743696
2020-05-12 00:00:00,X:ETHUSD,185.93,189.755,192.89,185.483,679932.3058216915
2020-05-13 00:00:00,X:BTCUSD,8821.41,9321.26,9420.18,8793.44,107059.61753973976
2020-05-13 00:00:00,X:ETHUSD,189.93,199.92,201.59,188.34,615242.5631897516
2020-05-14 00:00:00,X:BTCUSD,9311.967387,9791.72,9947.0,9253.83,135555.9958459728
2020-05-14 00:00:00,X:ETHUSD,199.89,203.335,206.32,195.53,952789.1782442112
2020-05-15 00:00:00,X:BTCUSD,9791.0,9311.2,9849.0,9112.0,122472.8228957764
2020-05-15 00:00:00,X:ETHUSD,203.4,194.7,204.3,191.3,804348.7051825264
2020-05-16 00:00:00,X:BTCUSD,9307.6,9383.16,9594.99,9215.01,63524.31136204644
2020-05-16 00:00:00,X:ETHUSD,194.66,200.53,203.61,193.08,588630.7119774065
2020-05-17 00:00:00,X:BTCUSD,9386.0,9676.63,9896.0,9317.1,76824.89717593684
2020-05-17 00:00:00,X:ETHUSD,200.47,207.05,210.0,199.1,674742.7933321334
2020-05-18 00:00:00,X:BTCUSD,9668.2,9728.52,9966.12,9400.0,84813.1205204931
2020-05-18 00:00:00,X:ETHUSD,206.97,214.56,217.1,206.9,835962.614464501
2020-05-19 00:00:00,X:BTCUSD,9728.52,9783.76,9903.89,9455.05,59412.35771474614
2020-05-19 00:00:00,X:ETHUSD,214.59,214.71,215.99,209.11,724762.2437135695
2020-05-20 00:00:00,X:BTCUSD,9776.3,9502.0,9843.87,9100.0,89549.12388593904
2020-05-20 00:00:00,X:ETHUSD,214.51,209.96,215.64,205.1,698594.1988451647
2020-05-21 00:00:00,X:BTCUSD,9509.4,9061.96,9575.0,8800.0,108499.5541403702
2020-05-21 00:00:00,X:ETHUSD,209.68,198.798,211.743,191.27,981591.2767375316
2020-05-22 00:00:00,X:BTCUSD,9059.32,9170.96,9272.97,8923.5,63001.55731955823
2020-05-22 00:00:00,X:ETHUSD,198.55,207.32,209.34,196.12,686192.3271546335
2020-05-23 00:00:00,X:BTCUSD,9162.3448589,9178.6,9316.12,9072.5,46279.85597817043
2020-05-23 00:00:00,X:ETHUSD,207.3,206.66,211.5,204.56,336502.169956579
2020-05-24 00:00:00,X:BTCUSD,9178.15,8710.1,9310.91,8645.0,70542.9085546864
2020-05-24 00:00:00,X:ETHUSD,206.531,199.63,210.89,199.3,648310.7975017135
2020-05-25 00:00:00,X:BTCUSD,8710.12,8896.93,8984.16,8620.0,61212.75669390683
2020-05-25 00:00:00,X:ETHUSD,199.65,204.126,205.78,197.35,514769.9276479048
2020-05-26 00:00:00,X:BTCUSD,8901.1,8844.42,9016.99,8686.6,55835.640976029405
2020-05-26 00:00:00,X:ETHUSD,204.06787304,200.909,205.03,196.51,514652.6129319026
2020-05-27 00:00:00,X:BTCUSD,8845.5,9208.53,9230.21,8810.6,62248.80545733147
2020-05-27 00:00:00,X:ETHUSD,201.12,208.41,208.6,200.76,464404.4729085688
2020-05-28 00:00:00,X:BTCUSD,9208.53,9577.83,9630.3,9105.79,71241.36785028756
2020-05-28 00:00:00,X:ETHUSD,208.33,220.65,221.01221763,204.5,689784.9063431914
2020-05-29 00:00:00,X:BTCUSD,9580.01,9423.84,9618.8,9312.0,63897.34906764606
2020-05-29 00:00:00,X:ETHUSD,220.53,220.62,224.91,217.39,522463.22544841503
2020-05-30 00:00:00,X:BTCUSD,9425.27,9705.1,9764.0,9323.3,68508.62594664255
2020-05-30 00:00:00,X:ETHUSD,220.54536752,243.678,247.43,218.33,1032629.2443309744
2020-05-31 00:00:00,X:BTCUSD,9699.9,9451.1,9711.7,9369.58,58561.37987106825
2020-05-31 00:00:00,X:ETHUSD,243.682,231.54,245.48,229.46,952553.7153456334
2020-06-01 00:00:00,X:BTCUSD,9444.61,10208.96,10429.26,9414.6,97356.03390740287
2020-06-01 00:00:00,X:ETHUSD,231.43,248.82,251.74,230.48,799095.8558798432
2020-06-02 00:00:00,X:BTCUSD,10208.96,9522.46,10252.0,9135.68,138662.85816154195
2020-06-02 00:00:00,X:ETHUSD,248.42,237.55,253.69,218.48,951761.9750870656
2020-06-03 00:00:00,X:BTCUSD,9526.9,9676.6,9699.95,9310.9,48414.80719274349
2020-06-03 00:00:00,X:ETHUSD,237.7,244.54,245.39,233.28,773303.8118565767
2020-06-04 00:00:00,X:BTCUSD,9677.6,9788.03,9888.0,9430.0,57414.98459259421
2020-06-04 00:00:00,X:ETHUSD,244.559,243.18,246.73,235.54,766437.9632953021
2020-06-05 00:00:00,X:BTCUSD,9791.0,9620.4,9865.8,9537.9,61890.30307785636
2020-06-05 00:00:00,X:ETHUSD,243.21,240.04,248.12,238.65,526273.9408720718
2020-06-06 00:00:00,X:BTCUSD,9613.42,9667.18,9744.39,9525.76,39849.40791482954
2020-06-06 00:00:00,X:ETHUSD,240.04,241.925,244.66,237.6,246081.3099730098
2020-06-07 00:00:00,X:BTCUSD,9668.5,9746.92,9829.31,9356.0,58757.15918906448
2020-06-07 00:00:00,X:ETHUSD,241.98,244.81,245.93,233.82,417129.3785433016
2020-06-08 00:00:00,X:BTCUSD,9755.7,9781.51,9815.0,9621.97,53259.85422440648
2020-06-08 00:00:00,X:ETHUSD,244.79,246.55,247.97,240.82,669821.0578060686
2020-06-09 00:00:00,X:BTCUSD,9781.51,9771.9,9900.4,9555.0,54441.01741665674
2020-06-09 00:00:00,X:ETHUSD,246.52,243.897,250.22,215.0,393625.7543830654
2020-06-10 00:00:00,X:BTCUSD,9775.8,9894.04,10018.67,9578.0,72327.12821953537
2020-06-10 00:00:00,X:ETHUSD,243.88,248.02,250.77,241.0,543897.090713474
2020-06-11 00:00:00,X:BTCUSD,9892.2,9265.79999,9990.0,9050.0,119810.52213664095
2020-06-11 00:00:00,X:ETHUSD,248.07,230.41,251.01,225.2,878947.9558832987
2020-06-12 00:00:00,X:BTCUSD,9268.16,9464.17,9556.42,9227.0,54297.84797583275
2020-06-12 00:00:00,X:ETHUSD,230.509,237.53,247.99,227.84,412767.6029908656
2020-06-13 00:00:00,X:BTCUSD,9464.71,9480.87818464,9500.0,9345.71,30226.888603307587
2020-06-13 00:00:00,X:ETHUSD,237.65,238.17,238.91,233.89,193269.5945612828
2020-06-14 00:00:00,X:BTCUSD,9472.16,9344.75144536,9486.0,9230.6,29641.6928340545
2020-06-14 00:00:00,X:ETHUSD,238.143,231.34,238.78,229.75,385470.38803633087
2020-06-15 00:00:00,X:BTCUSD,9328.63,9435.0,9530.9,8895.01,78674.0445787671
2020-06-15 00:00:00,X:ETHUSD,231.9,230.98,234.0,217.79,791799.7692998191
2020-06-16 00:00:00,X:BTCUSD,9434.9,9526.25,9596.31,9373.75,55384.59076060703
2020-06-16 00:00:00,X:ETHUSD,231.14,235.293,236.25,228.701,556109.3049836258
2020-06-17 00:00:00,X:BTCUSD,9527.5,9465.64,9567.27,9227.03,46311.16133679108
2020-06-17 00:00:00,X:ETHUSD,235.35,233.71,237.85,227.5,605487.2195911327
2020-06-18 00:00:00,X:BTCUSD,9453.1,9376.14,9496.9,9250.0,32434.845844779466
2020-06-18 00:00:00,X:ETHUSD,234.16,231.05,234.87,227.37,432644.03282021097
2020-06-19 00:00:00,X:BTCUSD,9376.14,9310.06,9448.38,9219.9,37695.94923201445
2020-06-19 00:00:00,X:ETHUSD,231.5,228.66,232.09,226.26,420325.4538830849
2020-06-20 00:00:00,X:BTCUSD,9300.42,9355.74,9406.6,9138.0,30958.089598875224
2020-06-20 00:00:00,X:ETHUSD,229.05,229.23,230.86827992,224.6,378682.0546817529
2020-06-21 00:00:00,X:BTCUSD,9355.93,9301.0,9431.2,9271.52,22032.719507335285
2020-06-21 00:00:00,X:ETHUSD,229.22,227.8,231.71,226.84,276985.1042861447
2020-06-22 00:00:00,X:BTCUSD,9299.5,9690.74,9798.76,9267.2,52007.328870627694
2020-06-22 00:00:00,X:ETHUSD,227.7970864,243.33,247.04,227.2,822393.4841313367
2020-06-23 00:00:00,X:BTCUSD,9694.0,9623.56,9725.3,9571.0,42892.81160246313
2020-06-23 00:00:00,X:ETHUSD,243.24,243.12,245.4619481,240.73,414671.22448292776
2020-06-24 00:00:00,X:BTCUSD,9635.2,9285.91,9684.1,9193.99,56793.023357950544
2020-06-24 00:00:00,X:ETHUSD,243.49,234.614,249.77,230.66,912450.5987695076
2020-06-25 00:00:00,X:BTCUSD,9290.6,9243.51,9349.0,8979.07,55414.86591821759
2020-06-25 00:00:00,X:ETHUSD,234.44,232.69,235.58,227.0,377047.102479132
2020-06-26 00:00:00,X:BTCUSD,9257.03466936,9161.97,9299.0,9024.61,56807.988408580255
2020-06-26 00:00:00,X:ETHUSD,232.69,229.44,233.61,226.86,563213.7388287784
2020-06-27 00:00:00,X:BTCUSD,9155.42,9015.3,9202.5,8812.79999,50175.25943991279
2020-06-27 00:00:00,X:ETHUSD,229.45,221.001,231.367,215.16,669400.2053351081
2020-06-28 00:00:00,X:BTCUSD,9014.8,9118.92,9193.187058,8931.77,27469.062787775503
2020-06-28 00:00:00,X:ETHUSD,220.74,224.94,228.04039843,217.35,499397.4736866825
2020-06-29 00:00:00,X:BTCUSD,9118.91,9187.57,9244.0,9013.0,34846.28228186908
2020-06-29 00:00:00,X:ETHUSD,225.12041114,227.81,230.0,220.92,489940.77536732936
2020-06-30 00:00:00,X:BTCUSD,9188.79,9150.7,9206.45653809,9059.6,42268.80978491096
2020-06-30 00:00:00,X:ETHUSD,227.81,225.48,228.85,222.79,417697.2789730775
2020-07-01 00:00:00,X:BTCUSD,9136.2,9239.97,9300.29999,9088.0,32601.243080393928
2020-07-01 00:00:00,X:ETHUSD,225.5,230.944,233.20878641,223.99,476529.97000010737
2020-07-02 00:00:00,X:BTCUSD,9239.4,9087.61,9269.2,8935.6,56906.233524886586
2020-07-02 00:00:00,X:ETHUSD,231.29,226.48,232.39,222.78,573462.4407163227
2020-07-03 00:00:00,X:BTCUSD,9091.98,9063.08,9135.5,9027.17,33227.92012889632
2020-07-03 00:00:00,X:ETHUSD,226.66,225.06,228.39,224.2,339652.2830911373
2020-07-04 00:00:00,X:BTCUSD,9059.33,9134.15,9204.0,9039.84,18299.240321268226
2020-07-04 00:00:00,X:ETHUSD,224.98,229.151,231.04,224.431,301854.181547788
2020-07-05 00:00:00,X:BTCUSD,9146.79675146,9074.39,9152.30680224,8905.0,28660.279116790723
2020-07-05 00:00:00,X:ETHUSD,229.59,227.67,229.97,223.27,357329.66282792186
2020-07-06 00:00:00,X:BTCUSD,9077.18,9361.1,9389.58638306,9057.64,51504.0098954942
2020-07-06 00:00:00,X:ETHUSD,227.94,242.13,242.38,226.903,708376.515693664
2020-07-07 00:00:00,X:BTCUSD,9346.9,9257.21,9389.40580899,9201.57,46157.09013883468
2020-07-07 00:00:00,X:ETHUSD,241.71,239.37,244.0,234.3,424401.185263616
2020-07-08 00:00:00,X:BTCUSD,9267.57549347,9435.28,9497.2,9228.91,50413.23705513255
2020-07-08 00:00:00,X:ETHUSD,239.64,247.14,249.2,237.858,576579.012888626
2020-07-09 00:00:00,X:BTCUSD,9435.28,9236.95,9451.7,9154.79,45351.862987096094
2020-07-09 00:00:00,X:ETHUSD,247.46,241.89,248.0,237.04,507614.1242287319
2020-07-10 00:00:00,X:BTCUSD,9234.91,9291.05,9324.6,9053.14,36484.917379251856
2020-07-10 00:00:00,X:ETHUSD,242.0,241.55,242.38,235.0,314717.6018798948
2020-07-11 00:00:00,X:BTCUSD,9291.04,9235.0,9311.8,9180.0,24037.891812386137
2020-07-11 00:00:00,X:ETHUSD,241.24,239.17,242.07,237.43,275560.0239011
2020-07-12 00:00:00,X:BTCUSD,9235.0,9303.37,9368.4,9153.48,28063.01280809672
2020-07-12 00:00:00,X:ETHUSD,239.54904278,242.616,244.5,236.48,392971.3093373384
2020-07-13 00:00:00,X:BTCUSD,9303.38,9236.92,9367.7,9189.55,44628.119239564345
2020-07-13 00:00:00,X:ETHUSD,243.29,239.9,245.61864751,236.97,581858.6804059851
2020-07-14 00:00:00,X:BTCUSD,9236.91,9256.94,9287.3,9095.0,43073.09599445295
2020-07-14 00:00:00,X:ETHUSD,239.504,240.396,242.30706486,236.66,233228.64095883543
2020-07-15 00:00:00,X:BTCUSD,9263.7914,9190.16,9280.0,9153.38,39094.85478306784
2020-07-15 00:00:00,X:ETHUSD,240.4,238.547,241.6148884,236.36,442421.5263110992
2020-07-16 00:00:00,X:BTCUSD,9190.8,9130.11,9227.2,9005.0,49425.56261141339
2020-07-16 00:00:00,X:ETHUSD,238.94,233.41,239.52,229.35,593968.8795651387
2020-07-17 00:00:00,X:BTCUSD,9149.6,9154.91,9194.0,9054.99,42572.32990037029
2020-07-17 00:00:00,X:ETHUSD,233.94490762,233.18,234.86018029,230.87,216266.87613165245
2020-07-18 00:00:00,X:BTCUSD,9167.32861157,9175.85,9217.1,9120.1,24788.000929358044
2020-07-18 00:00:00,X:ETHUSD,233.04,236.19024638,237.14,232.24,127125.94193108648
2020-07-19 00:00:00,X:BTCUSD,9175.83,9231.2,9299.0,9105.0,25022.03970742913
2020-07-19 00:00:00,X:ETHUSD,235.77,239.24,240.53,233.28,157324.3046677864
2020-07-20 00:00:00,X:BTCUSD,9207.63,9161.05,9238.2,9128.21,24733.198187947623
2020-07-20 00:00:00,X:ETHUSD,238.789,235.98,240.31,233.85,212309.10107632203
2020-07-21 00:00:00,X:BTCUSD,9161.05,9394.14,9457.2,9152.23,46198.109946248944
2020-07-21 00:00:00,X:ETHUSD,236.45,245.558,247.34,235.58,510923.4347834965
2020-07-22 00:00:00,X:BTCUSD,9395.98,9557.7,9642.4,9277.0,44454.461788910594
2020-07-22 00:00:00,X:ETHUSD,246.01,264.28,270.55,241.62,553372.2198517511
2020-07-23 00:00:00,X:BTCUSD,9536.2,9613.24,9690.0,9439.67,54982.44257880444
2020-07-23 00:00:00,X:ETHUSD,264.7,275.66,282.6,259.47,1143643.6894365966
2020-07-24 00:00:00,X:BTCUSD,9613.24,9551.21,9650.55,9466.11,44807.413000052285
2020-07-24 00:00:00,X:ETHUSD,275.292,279.59,288.99,267.96,766717.6792514639
2020-07-25 00:00:00,X:BTCUSD,9551.21,9711.33,9754.5,9529.46,42667.93594495689
2020-07-25 00:00:00,X:ETHUSD,279.66,305.66,310.0,279.325,1210211.0412973447
2020-07-26 00:00:00,X:BTCUSD,9703.22,9941.0,10200.0,9652.03,63098.350006025445
2020-07-26 00:00:00,X:ETHUSD,305.73,311.35,321.0,299.807,1151750.7611394208
2020-07-27 00:00:00,X:BTCUSD,9941.0,11048.91,11420.0,9922.14,156933.1541305044
2020-07-27 00:00:00,X:ETHUSD,311.43,321.987,334.41,307.7,2151727.229919839
2020-07-28 00:00:00,X:BTCUSD,11048.05,10910.32,11263.85,10569.0,115143.86102746324
2020-07-28 00:00:00,X:ETHUSD,322.4,316.752,327.5,305.76,1318046.281330602
2020-07-29 00:00:00,X:BTCUSD,10934.22,11110.12,11358.47,10834.1,86065.95897996922
2020-07-29 00:00:00,X:ETHUSD,317.52,318.46,330.02,312.424,966952.5088632528
2020-07-30 00:00:00,X:BTCUSD,11117.39512086,11115.95,11189.20867739,10811.0,66162.59096196573
2020-07-30 00:00:00,X:ETHUSD,318.15,335.018,343.0,313.78,841142.0316384833
2020-07-31 00:00:00,X:BTCUSD,11115.99,11351.62,11460.0,10963.81,72067.84990736652
2020-07-31 00:00:00,X:ETHUSD,335.36,346.86,349.94,328.35,1049695.678303775
2020-08-01 00:00:00,X:BTCUSD,11350.0,11810.07,11888.0,11220.56,69524.11998136244
2020-08-01 00:00:00,X:ETHUSD,346.81495481,387.15,394.07,343.274,1289499.9161541625
2020-08-02 00:00:00,X:BTCUSD,11810.07,11068.54,12134.29,10524.45,102083.03031730074
2020-08-02 00:00:00,X:ETHUSD,387.03,371.87,416.39,300.0,2563209.4761864105
2020-08-03 00:00:00,X:BTCUSD,11071.73,11233.13,11486.6,10827.9,50013.36194613589
2020-08-03 00:00:00,X:ETHUSD,372.548,386.22,399.69,366.34,1538038.4381074184
2020-08-04 00:00:00,X:BTCUSD,11233.16,11197.04,11420.0,11000.79,55460.29690467369
2020-08-04 00:00:00,X:ETHUSD,386.27,389.82,403.64,380.5,1242602.0845392516
2020-08-05 00:00:00,X:BTCUSD,11192.48,11756.75,11800.0,11073.7,82576.23744046905
2020-08-05 00:00:00,X:ETHUSD,389.76,401.21,408.83,383.52,1229201.2026198274
2020-08-06 00:00:00,X:BTCUSD,11746.0,11765.61,11916.68,11556.44,74704.57566167688
2020-08-06 00:00:00,X:ETHUSD,401.21,394.775,404.03,389.64,826772.6712530688
2020-08-07 00:00:00,X:BTCUSD,11765.45,11606.52,11920.0,11219.0,87245.65946345535
2020-08-07 00:00:00,X:ETHUSD,394.739,379.75,399.0,360.0,1142907.6362742896
2020-08-08 00:00:00,X:BTCUSD,11580.04081238,11774.98,11818.18,11519.06,43075.70883945408
2020-08-08 00:00:00,X:ETHUSD,379.435,397.381,400.06,375.9,750004.6647322251
2020-08-09 00:00:00,X:BTCUSD,11760.31,11675.32006989,11810.24,11525.69,38822.08686087856
2020-08-09 00:00:00,X:ETHUSD,396.83,390.087,401.0,381.06,656173.9498071042
2020-08-10 00:00:00,X:BTCUSD,11680.94,11899.73,12086.22,11450.0,80087.24529834877
2020-08-10 00:00:00,X:ETHUSD,390.19,395.9,400.51,384.217,877661.6556697539
2020-08-11 00:00:00,X:BTCUSD,11899.87,11388.53,11945.05,11120.0,87202.39847491327
2020-08-11 00:00:00,X:ETHUSD,395.77,378.88,398.43,364.77,1033156.5206665696
2020-08-12 00:00:00,X:BTCUSD,11379.0,11570.16,11625.0,11100.0,58605.8087108235
2020-08-12 00:00:00,X:ETHUSD,378.58,387.27,389.74,364.25,826775.0913609485
2020-08-13 00:00:00,X:BTCUSD,11570.43,11795.95,11822.0,11268.81,65314.324898503786
2020-08-13 00:00:00,X:ETHUSD,387.361,424.434,432.94,375.8,1369758.2698864408
2020-08-14 00:00:00,X:BTCUSD,11795.95,11779.0,11869.0,11643.9,55264.52709550789
2020-08-14 00:00:00,X:ETHUSD,425.0,438.132,445.45,417.43,1336361.0869851853
2020-08-15 00:00:00,X:BTCUSD,11777.5,11859.24,11997.0,11667.7,47762.20627444606
2020-08-15 00:00:00,X:ETHUSD,438.29,432.55,443.54,422.01,690677.771471767
2020-08-16 00:00:00,X:BTCUSD,11873.41825354,11918.84,11944.0,11685.97,41430.791713575774
2020-08-16 00:00:00,X:ETHUSD,432.67,433.7,437.49,412.43,676749.6918385875
2020-08-17 00:00:00,X:BTCUSD,11918.84,12304.26,12490.0,11675.0,81515.8805163197
2020-08-17 00:00:00,X:ETHUSD,433.71,431.61,448.47,420.38,936330.355269804
2020-08-18 00:00:00,X:BTCUSD,12303.98,11950.0,12408.53,11800.77,77674.37908936142
2020-08-18 00:00:00,X:ETHUSD,431.5,422.31,434.85,412.11,766440.6746643165
2020-08-19 00:00:00,X:BTCUSD,11961.83967646,11758.87,12025.25974,11560.81,71093.86322391071
2020-08-19 00:00:00,X:ETHUSD,422.19333516,407.215,427.11,393.0,954829.157304489
2020-08-20 00:00:00,X:BTCUSD,11778.02622206,11864.26,11902.0,11663.72,44717.3801027175
2020-08-20 00:00:00,X:ETHUSD,408.46,415.92,419.61,402.107,734111.5655655831
2020-08-21 00:00:00,X:BTCUSD,11860.73,11529.22,11899.0,11480.0,56959.67280680008
2020-08-21 00:00:00,X:ETHUSD,416.19,388.09,419.22,383.0,791909.827165899
2020-08-22 00:00:00,X:BTCUSD,11529.99,11672.93,11703.0,11350.0,43561.34841971869
2020-08-22 00:00:00,X:ETHUSD,387.84,395.86926344,399.73,378.98,678592.5983751443
2020-08-23 00:00:00,X:BTCUSD,11672.92,11650.01,11736.0,11514.38,27822.920939371783
2020-08-23 00:00:00,X:ETHUSD,395.52,390.86,400.0,383.315,367596.8595072412
2020-08-24 00:00:00,X:BTCUSD,11663.0,11753.85,11847.0,11587.93,32202.716356400477
2020-08-24 00:00:00,X:ETHUSD,391.1,407.92,411.97,387.49,606829.0016782646
2020-08-25 00:00:00,X:BTCUSD,11750.4,11341.4006669,11778.0,11102.73,62342.27476589117
2020-08-25 00:00:00,X:ETHUSD,407.9,383.33,409.31,368.88,911003.6413464068
2020-08-26 00:00:00,X:BTCUSD,11341.0,11460.73,11549.8,11219.88888,53778.63921960645
2020-08-26 00:00:00,X:ETHUSD,383.61,386.1,393.56,376.38,687012.5792549606
2020-08-27 00:00:00,X:BTCUSD,11459.81,11330.06,11609.0,11122.72,58574.728884988144
2020-08-27 00:00:00,X:ETHUSD,385.91,383.16,398.0,368.5,699098.3494175265
2020-08-28 00:00:00,X:BTCUSD,11333.13,11532.6,11567.0,11277.95,49799.59046001994
2020-08-28 00:00:00,X:ETHUSD,383.27,395.47,398.97,379.67,573423.4921027992
2020-08-29 00:00:00,X:BTCUSD,11544.621284,11468.92,11606.34239887,11408.1,28568.91242538818
2020-08-29 00:00:00,X:ETHUSD,395.35,398.58,406.58,391.956,468978.9459575025
2020-08-30 00:00:00,X:BTCUSD,11492.0,11730.0,11730.0,11458.62,30290.233652267827
2020-08-30 00:00:00,X:ETHUSD,399.31,428.94,430.0,398.24,648507.7259391128
2020-08-31 00:00:00,X:BTCUSD,11708.11,11655.0,11790.0,11573.39,42092.13924045853
2020-08-31 00:00:00,X:ETHUSD,429.55,433.775,440.16,417.77,731298.3014335438
2020-09-01 00:00:00,X:BTCUSD,11671.23323392,11924.22,12086.0,11515.0,66182.35493599798
2020-09-01 00:00:00,X:ETHUSD,434.48362427,475.345,489.57,428.68,1438330.8574369487
2020-09-02 00:00:00,X:BTCUSD,11919.53,11395.48,11975.0,11150.46,86331.17723320701
2020-09-02 00:00:00,X:ETHUSD,475.57,439.496,482.02923597,416.199,1743736.9852899325
2020-09-03 00:00:00,X:BTCUSD,11395.49,10172.52,11478.0,9958.0,131855.38705201994
2020-09-03 00:00:00,X:ETHUSD,440.04668284,382.87,451.42,370.0,2161325.274942203
2020-09-04 00:00:00,X:BTCUSD,10166.13513,10455.28,10646.75,9895.22,112801.24360741874
2020-09-04 00:00:00,X:ETHUSD,382.15,385.82,400.8,355.5,1527382.5609074123
2020-09-05 00:00:00,X:BTCUSD,10455.16,10165.84,10593.0,9813.0,97402.62822707432
2020-09-05 00:00:00,X:ETHUSD,386.36,335.25,395.61,308.392,2183240.312662973
2020-09-06 00:00:00,X:BTCUSD,10169.58,10257.86,10365.07422046,10000.0,64304.91214189671
2020-09-06 00:00:00,X:ETHUSD,334.957,352.51,360.98612226,316.43,1100193.7341421489
2020-09-07 00:00:00,X:BTCUSD,10258.93,10397.0,10430.0,9873.62,58140.379203291726
2020-09-07 00:00:00,X:ETHUSD,353.52,353.71,359.25,323.17,841258.8771850675
2020-09-08 00:00:00,X:BTCUSD,10400.0,10125.69,10464.0,9819.83,78276.99870954681
2020-09-08 00:00:00,X:ETHUSD,354.34,337.215,357.52,325.292,708202.4582946211
2020-09-09 00:00:00,X:BTCUSD,10125.7,10224.56,10359.0,9981.38,43811.51057161573
2020-09-09 00:00:00,X:ETHUSD,337.48,351.29,359.72,330.557,572997.3271630874
2020-09-10 00:00:00,X:BTCUSD,10224.56,10343.23,10516.0,10212.08,53269.53108513098
2020-09-10 00:00:00,X:ETHUSD,350.86,368.06,378.34,349.951,649422.0603598087
2020-09-11 00:00:00,X:BTCUSD,10344.24,10394.41,10438.0,10196.14,41946.34831944409
2020-09-11 00:00:00,X:ETHUSD,367.94,373.93,375.94054344,355.52,556227.4774663822
2020-09-12 00:00:00,X:BTCUSD,10394.41,10443.33,10492.0,10271.27,28651.476398831317
2020-09-12 00:00:00,X:ETHUSD,373.93,388.1,388.99,364.415,485961.2052637786
2020-09-13 00:00:00,X:BTCUSD,10446.52,10336.76,10623.0,10211.0,41081.24631816615
2020-09-13 00:00:00,X:ETHUSD,387.72,366.25,391.23,353.05,596845.1265404646
2020-09-14 00:00:00,X:BTCUSD,10328.2,10679.95,10773.0,10244.84,53264.302501644896
2020-09-14 00:00:00,X:ETHUSD,366.51,377.43,385.0,355.66,659758.0043422783
2020-09-15 00:00:00,X:BTCUSD,10689.93207785,10783.75,10950.0,10609.41,57723.35537188271
2020-09-15 00:00:00,X:ETHUSD,377.142,364.2,382.96,362.07,612478.0800465508
2020-09-16 00:00:00,X:BTCUSD,10797.99361605,10951.1,11104.97665904,10662.02,56594.69003988197
2020-09-16 00:00:00,X:ETHUSD,364.05,365.23,374.4,354.381,537365.159280244
2020-09-17 00:00:00,X:BTCUSD,10956.63,10943.61,11069.17646505,10735.55,44568.16331679533
2020-09-17 00:00:00,X:ETHUSD,365.0,389.45,394.94,363.29,719121.9881509219
2020-09-18 00:00:00,X:BTCUSD,10938.92,10937.52,11064.0,10813.0,39512.99882849743
2020-09-18 00:00:00,X:ETHUSD,389.52,384.45,393.0,374.765,446417.4505188295
2020-09-19 00:00:00,X:BTCUSD,10957.05507792,11098.0,11185.0,10890.45,29602.478237271287
2020-09-19 00:00:00,X:ETHUSD,384.6,385.117,389.3,376.554,400172.3522197838
2020-09-20 00:00:00,X:BTCUSD,11081.09,10920.89,11098.0,10755.9,31683.51563155604
2020-09-20 00:00:00,X:ETHUSD,385.25,370.86,386.34,364.89,450306.50033377553
2020-09-21 00:00:00,X:BTCUSD,10935.0,10416.82,11000.0,10180.0,62702.05744374102
2020-09-21 00:00:00,X:ETHUSD,371.62,340.11,377.59144509,330.77,864786.5916849446
2020-09-22 00:00:00,X:BTCUSD,10416.83,10531.13,10597.0,10350.19,48099.60166922658
2020-09-22 00:00:00,X:ETHUSD,341.0,344.26,347.42557348,335.33,511349.418569423
2020-09-23 00:00:00,X:BTCUSD,10531.13,10230.7,10555.0,10134.6,44428.87991406578
2020-09-23 00:00:00,X:ETHUSD,344.25,320.63,345.15246147,311.919,629326.4747985573
2020-09-24 00:00:00,X:BTCUSD,10266.0,10740.01,10842.0,10192.4,49219.22954075367
2020-09-24 00:00:00,X:ETHUSD,320.18,349.14,353.85,316.439,658679.9631017277
2020-09-25 00:00:00,X:BTCUSD,10740.0,10690.53,10774.0,10551.0,44193.6610997497
2020-09-25 00:00:00,X:ETHUSD,349.14,351.9,358.65,337.44,453500.4998093494
2020-09-26 00:00:00,X:BTCUSD,10690.53,10750.0,10841.0,10644.63,27809.024106740835
2020-09-26 00:00:00,X:ETHUSD,351.9,353.7,357.14,345.938,197724.5656998338
2020-09-27 00:00:00,X:BTCUSD,10750.90937072,10778.2,10824.0,10593.58,26290.053243439444
2020-09-27 00:00:00,X:ETHUSD,354.01,357.55,363.0,347.05,271336.6928186375
2020-09-28 00:00:00,X:BTCUSD,10804.0,10714.0,10986.0,10621.22,41672.698323859535
2020-09-28 00:00:00,X:ETHUSD,358.56,354.55,369.08,351.52,374060.2160437786
2020-09-29 00:00:00,X:BTCUSD,10694.9,10842.2,10889.0,10636.13,39322.05062536555
2020-09-29 00:00:00,X:ETHUSD,354.54938179,359.9,361.33,350.19,547521.1304677681
2020-09-30 00:00:00,X:BTCUSD,10857.0,10779.63,10866.00570211,10657.04,33781.755565607375
2020-09-30 00:00:00,X:ETHUSD,359.93,359.883,361.99,351.29,335572.94774857553
2020-10-01 00:00:00,X:BTCUSD,10797.0,10616.1,10975.126364,10427.75,58731.65005929433
2020-10-01 00:00:00,X:ETHUSD,360.01,353.0,371.32,340.0,486116.08849373856
2020-10-02 00:00:00,X:BTCUSD,10616.35,10573.12,10686.0,10363.76,61021.59887422686
2020-10-02 00:00:00,X:ETHUSD,352.84,346.03,354.90365621,334.155,569009.9243963296
2020-10-03 00:00:00,X:BTCUSD,10586.0,10551.65,10616.0,10494.53,27705.136396639595
2020-10-03 00:00:00,X:ETHUSD,345.74,346.18,351.64,343.259,299887.60679033014
2020-10-04 00:00:00,X:BTCUSD,10550.32,10671.11,10713.0,10509.79,23021.75226255975
2020-10-04 00:00:00,X:ETHUSD,346.42,352.48,354.98,344.0,326284.30218639376
2020-10-05 00:00:00,X:BTCUSD,10669.0,10799.0,10816.0,10617.97,37483.08777056987
2020-10-05 00:00:00,X:ETHUSD,352.42,354.23,356.77,348.304,356354.0615793302
2020-10-06 00:00:00,X:BTCUSD,10796.97,10601.49,10819.959108,10524.0,41179.06138983776
2020-10-06 00:00:00,X:ETHUSD,353.82,340.78,355.84,336.51,433097.45298943634
2020-10-07 00:00:00,X:BTCUSD,10613.0,10670.47,10691.0,10546.78,33605.81610569973
2020-10-07 00:00:00,X:ETHUSD,341.08581595,341.68,343.3,332.87,520057.5350106927
2020-10-08 00:00:00,X:BTCUSD,10687.32291769,10933.09,10971.0,10532.11,50312.37166124481
2020-10-08 00:00:00,X:ETHUSD,341.7,351.5,353.97,333.82,496897.820940494
2020-10-09 00:00:00,X:BTCUSD,10932.44,11057.07,11133.99746703,10826.4,40625.87731022443
2020-10-09 00:00:00,X:ETHUSD,350.823,365.36,369.0,339.91,508575.3433962209
2020-10-10 00:00:00,X:BTCUSD,11057.07,11299.5,11505.0,11051.8,44961.67681375644
2020-10-10 00:00:00,X:ETHUSD,365.35,370.75,380.81,364.65,517169.0882691789
2020-10-11 00:00:00,X:BTCUSD,11300.97,11374.01,11451.0,11262.0,24771.73712982843
2020-10-11 00:00:00,X:ETHUSD,371.15,374.61,378.0,368.894,219975.979235736
2020-10-12 00:00:00,X:BTCUSD,11374.01,11529.32,11739.97398,11111.0,50327.96318249447
2020-10-12 00:00:00,X:ETHUSD,374.38,387.0,395.81,364.956,553490.3895762471
2020-10-13 00:00:00,X:BTCUSD,11535.46,11428.22,11574.90850243,11306.13,45521.34907891983
2020-10-13 00:00:00,X:ETHUSD,387.39,381.37,388.31,374.1,491870.4047180487
2020-10-14 00:00:00,X:BTCUSD,11442.72553612,11427.7,11564.0,11284.27,38608.49779978609
2020-10-14 00:00:00,X:ETHUSD,381.74,379.08,388.47,372.825,442147.0540151455
2020-10-15 00:00:00,X:BTCUSD,11417.85,11509.34,11641.38,11250.01,46171.17508890385
2020-10-15 00:00:00,X:ETHUSD,379.01,377.94,382.79,369.758,443673.4174497876
2020-10-16 00:00:00,X:BTCUSD,11511.9497064,11328.95,11550.01,11180.03,46579.069717697625
2020-10-16 00:00:00,X:ETHUSD,377.89,365.21,380.20325028,360.613,362936.47620032256
2020-10-17 00:00:00,X:BTCUSD,11324.8837331,11367.89,11421.0,11254.39,24395.470099828435
2020-10-17 00:00:00,X:ETHUSD,365.82,368.48,371.0,362.787,121775.98633212296
2020-10-18 00:00:00,X:BTCUSD,11376.0,11506.16,11526.34,11345.55,20420.817737489408
2020-10-18 00:00:00,X:ETHUSD,368.48,378.58,379.05,367.295,134566.15003694608
2020-10-19 00:00:00,X:BTCUSD,11514.2,11749.98,11840.0,11408.18,43799.89997628341
2020-10-19 00:00:00,X:ETHUSD,378.56,379.63,384.98,372.279,376395.0232100549
2020-10-20 00:00:00,X:BTCUSD,11760.45,11923.83,12070.0,11678.8,57748.38719294364
2020-10-20 00:00:00,X:ETHUSD,379.53,368.81,381.11877378,363.01,495252.0273639431
2020-10-21 00:00:00,X:BTCUSD,11924.12565284,12808.0,13250.04,11887.95,124828.94648656769
2020-10-21 00:00:00,X:ETHUSD,368.79,390.198,402.62,367.027,783102.6428123373
2020-10-22 00:00:00,X:BTCUSD,12802.63,12987.02,13208.25,12681.22,78741.49594848529
2020-10-22 00:00:00,X:ETHUSD,391.28,414.31,421.52,390.0,697020.4098657268
2020-10-23 00:00:00,X:BTCUSD,12988.2,12939.0,13037.26,12722.72,45775.69906832429
2020-10-23 00:00:00,X:ETHUSD,414.3,409.52,419.77,401.422,445972.78137889947
2020-10-24 00:00:00,X:BTCUSD,12930.56664423,13126.24,13182.83,12870.8,32206.71922339797
2020-10-24 00:00:00,X:ETHUSD,409.58359673,412.58,417.0,406.93,286060.3499707101
2020-10-25 00:00:00,X:BTCUSD,13126.34,13045.0,13363.53,12833.0,41535.69386620467
2020-10-25 00:00:00,X:ETHUSD,412.54,406.09,418.13,402.92,282815.87353963434
2020-10-26 00:00:00,X:BTCUSD,13041.12,13068.79,13250.0,12769.64,48605.48792085336
2020-10-26 00:00:00,X:ETHUSD,405.97,392.621,411.56,382.2,676968.9847066118
2020-10-27 00:00:00,X:BTCUSD,13068.79,13626.0,13794.8,13041.5,73188.17626256733
2020-10-27 00:00:00,X:ETHUSD,393.48,403.286,411.77,389.867,458601.2958134528
2020-10-28 00:00:00,X:BTCUSD,13626.0,13281.05,13864.89,12887.86,82792.87231886864
2020-10-28 00:00:00,X:ETHUSD,403.22,388.186,409.52,380.36,701335.9351191453
2020-10-29 00:00:00,X:BTCUSD,13281.06,13460.0,13650.0,12972.0,57850.69389332622
2020-10-29 00:00:00,X:ETHUSD,388.47236904,387.34,394.11,380.5,499219.499170607
2020-10-30 00:00:00,X:BTCUSD,13460.0,13571.51,13687.82,13117.0,66535.78764684663
2020-10-30 00:00:00,X:ETHUSD,386.9,382.77,392.22233091,372.945,533901.5241566583
2020-10-31 00:00:00,X:BTCUSD,13555.19,13804.81,14101.91,13420.0,59646.20591864412
2020-10-31 00:00:00,X:ETHUSD,382.77,386.74,394.28,380.317,442252.0853308027
2020-11-01 00:00:00,X:BTCUSD,13785.26,13762.0,13907.47,13611.0,35399.97472569729
2020-11-01 00:00:00,X:ETHUSD,386.32658693,396.611,398.13,384.642,317292.7181885358
2020-11-02 00:00:00,X:BTCUSD,13762.0,13563.22,13842.5,13205.48,53167.710026585824
2020-11-02 00:00:00,X:ETHUSD,396.66,383.33,404.91,377.86,625862.6344143485
2020-11-03 00:00:00,X:BTCUSD,13551.75,14029.5896356,14083.76,13281.98,51849.63790517418
2020-11-03 00:00:00,X:ETHUSD,383.35,388.42,390.63,370.296,507354.9036362594
2020-11-04 00:00:00,X:BTCUSD,14034.35,14141.88,14277.5,13520.87,75806.96963462977
2020-11-04 00:00:00,X:ETHUSD,388.17353075,403.18,409.0,375.05,729166.7666658699
2020-11-05 00:00:00,X:BTCUSD,14165.86,15608.21,15782.3,14095.27,120039.2828949112
2020-11-05 00:00:00,X:ETHUSD,402.78,417.17,421.64,395.1350624,805809.212615918
2020-11-06 00:00:00,X:BTCUSD,15568.0,15599.95,15977.67,15177.0,100769.28770924691
2020-11-06 00:00:00,X:ETHUSD,417.04,456.65,458.92,414.56,1102819.9509975796
2020-11-07 00:00:00,X:BTCUSD,15573.0,14845.0,15779.24,14310.0,85208.27189657152
2020-11-07 00:00:00,X:ETHUSD,456.69,435.194,468.98,423.0,1201669.852394631
2020-11-08 00:00:00,X:BTCUSD,14834.09,15482.9,15666.0,14705.77,47436.3389841155
2020-11-08 00:00:00,X:ETHUSD,435.95507314,454.61,460.89,432.087,537599.2114852107
2020-11-09 00:00:00,X:BTCUSD,15482.89,15342.25,15856.9,14817.14,83251.8602137168
2020-11-09 00:00:00,X:ETHUSD,455.09,444.81,460.0,433.83,766915.5690551645
2020-11-10 00:00:00,X:BTCUSD,15342.1,15315.03,15482.76,15075.0,51791.22287420973
2020-11-10 00:00:00,X:ETHUSD,444.84,450.89,455.51,438.757,530636.2477420721
2020-11-11 00:00:00,X:BTCUSD,15295.01,15705.79,16000.0,15273.12,55917.89252611752
2020-11-11 00:00:00,X:ETHUSD,450.89,463.81,477.0,449.615,704500.5370851674
2020-11-12 00:00:00,X:BTCUSD,15709.0,16310.81,16370.89,15425.3,89043.54995071108
2020-11-12 00:00:00,X:ETHUSD,463.81,462.98,471.15,451.1,665597.140166851
2020-11-13 00:00:00,X:BTCUSD,16308.6,16339.56,16494.52,15953.0,56319.76039095712
2020-11-13 00:00:00,X:ETHUSD,462.45,477.06,478.51,457.002,613032.7582143105
2020-11-14 00:00:00,X:BTCUSD,16308.5948109,16086.34,16343.4,15708.24,43477.78463383069
2020-11-14 00:00:00,X:ETHUSD,477.15,461.16,478.35,451.8,436558.4733867655
2020-11-15 00:00:00,X:BTCUSD,16082.01,15965.0,16175.6,15780.73,28754.901776199084
2020-11-15 00:00:00,X:ETHUSD,461.21,448.401,463.46,439.77,345200.098553665
2020-11-16 00:00:00,X:BTCUSD,15975.49,16721.1,16894.93,15870.78,57295.11307185604
2020-11-16 00:00:00,X:ETHUSD,448.41720943,460.85,466.49,445.547,373170.87495044415
2020-11-17 00:00:00,X:BTCUSD,16723.8,17679.36,17880.0,16535.0,84701.91529156163
2020-11-17 00:00:00,X:ETHUSD,460.87,482.308,485.36,459.806,607311.7358909282
2020-11-18 00:00:00,X:BTCUSD,17674.53552004,17800.0,18495.0,17041.47,127559.8070284556
2020-11-18 00:00:00,X:ETHUSD,482.75,478.96,496.0,454.56,1103952.8635260784
2020-11-19 00:00:00,X:BTCUSD,17784.6,17821.58,18200.0,17338.2,67640.29897418176
2020-11-19 00:00:00,X:ETHUSD,479.0,471.163,481.99,463.34,479585.1775164282
2020-11-20 00:00:00,X:BTCUSD,17821.92,18675.25,18830.3,17745.18,66230.3079903689
2020-11-20 00:00:00,X:ETHUSD,471.44,510.3,514.77,470.657,959180.6694896184
2020-11-21 00:00:00,X:BTCUSD,18677.84,18703.39,18980.0,18320.0,56800.05383229329
2020-11-21 00:00:00,X:ETHUSD,510.6,553.07,554.28,502.2,932931.7853769984
2020-11-22 00:00:00,X:BTCUSD,18659.98826325,18392.0,18773.56,17600.0,62332.48252931773
2020-11-22 00:00:00,X:ETHUSD,553.06,560.132,581.92,511.16,1210916.4292785
2020-11-23 00:00:00,X:BTCUSD,18432.6,18384.82,18786.31,18001.0,68092.73120064096
2020-11-23 00:00:00,X:ETHUSD,558.0,609.26,611.67,549.6,1248826.2017753778
2020-11-24 00:00:00,X:BTCUSD,18364.0,19172.84,19469.0,18039.57,99037.24016624488
2020-11-24 00:00:00,X:ETHUSD,609.25,604.822,623.65,587.25,1283945.6574723131
2020-11-25 00:00:00,X:BTCUSD,19172.9,18714.24,19509.3,18425.1,72265.27780449383
2020-11-25 00:00:00,X:ETHUSD,605.45,569.6,606.63,554.0,796485.8875598151
2020-11-26 00:00:00,X:BTCUSD,18726.475677,17170.0,18915.48,16191.02,151712.4515589872
2020-11-26 00:00:00,X:ETHUSD,569.19,521.5,577.43,478.38,1853167.439207689
2020-11-27 00:00:00,X:BTCUSD,17213.0,17144.2,17531.0,16400.0,69744.28965043864
2020-11-27 00:00:00,X:ETHUSD,520.35,519.55,533.08,492.075,781533.2674627556
2020-11-28 00:00:00,X:BTCUSD,17171.0,17746.0,17933.25,16867.02,41277.5909078164
2020-11-28 00:00:00,X:ETHUSD,518.438,538.14,548.83,505.01,484285.0278056708
2020-11-29 00:00:00,X:BTCUSD,17717.54,18202.04,18359.0,17520.08,35018.69434289304
2020-11-29 00:00:00,X:ETHUSD,538.09,576.22,577.55,530.536,505281.2695439421
2020-11-30 00:00:00,X:BTCUSD,18196.0,19713.94,19873.23,16660.0,82194.60605967717
2020-11-30 00:00:00,X:ETHUSD,576.37,616.0,617.37,570.04,959858.1500418345
2020-12-01 00:00:00,X:BTCUSD,19697.0,18782.97,19956.0,18094.83,89601.264864632
2020-12-01 00:00:00,X:ETHUSD,616.0,585.27,636.93,555.71,1438882.7454027035
2020-12-02 00:00:00,X:BTCUSD,18818.027865,19225.63,19350.0,18327.6,43304.6777040942
2020-12-02 00:00:00,X:ETHUSD,585.87,597.74,606.26,574.288,602500.7634069647
2020-12-03 00:00:00,X:BTCUSD,19222.45,19448.64,19628.0,18851.9,37166.35725630127
2020-12-03 00:00:00,X:ETHUSD,597.88,616.66,624.57,586.0,651345.3079624858
2020-12-04 00:00:00,X:BTCUSD,19449.0,18658.1,19552.5,18561.6,41692.61402837394
2020-12-04 00:00:00,X:ETHUSD,615.987,567.66,620.92,565.0,711872.4483999432
2020-12-05 00:00:00,X:BTCUSD,18652.0,19153.0,19189.98,18493.24,16890.34677947669
2020-12-05 00:00:00,X:ETHUSD,567.6,597.29,598.0,558.86,254532.6139026865
2020-12-06 00:00:00,X:BTCUSD,19158.96,19375.6,19463.0,18857.8,17597.088435107733
2020-12-06 00:00:00,X:ETHUSD,597.29,601.294,607.68,582.77,255289.79423973875
2020-12-07 00:00:00,X:BTCUSD,19375.6,19177.71,19460.0,18900.0,27433.53174674222
2020-12-07 00:00:00,X:ETHUSD,601.97,591.65,603.8,584.078,250209.4646283541
2020-12-08 00:00:00,X:BTCUSD,19177.08,18329.0,19322.0,18120.0,52709.31723930932
2020-12-08 00:00:00,X:ETHUSD,591.53,555.03,595.71,548.12,538093.1324591831
2020-12-09 00:00:00,X:BTCUSD,18316.22,18546.55,18654.92,17639.0,68287.9914763072
2020-12-09 00:00:00,X:ETHUSD,554.8,573.132,589.0,530.0,772368.652763856
2020-12-10 00:00:00,X:BTCUSD,18546.55,18253.44,18568.0,17905.0,47156.759248807946
2020-12-10 00:00:00,X:ETHUSD,573.116,559.02,575.62,547.83,450614.7194855555
2020-12-11 00:00:00,X:BTCUSD,18250.3,18031.5,18299.0,17569.58,56577.55317957657
2020-12-11 00:00:00,X:ETHUSD,559.17,544.93,560.7,535.03,578262.3710813567
2020-12-12 00:00:00,X:BTCUSD,18031.23,18821.28,18986.9,18022.55,43649.134996020606
2020-12-12 00:00:00,X:ETHUSD,544.51,567.947,574.52,543.07,291348.12956609664
2020-12-13 00:00:00,X:BTCUSD,18814.4,19166.65,19421.03,18628.1,45150.89724935941
2020-12-13 00:00:00,X:ETHUSD,568.07,591.1,595.84,563.158,318696.12506769854
2020-12-14 00:00:00,X:BTCUSD,19166.65,19272.37,19352.97,18967.68,37415.57494414596
2020-12-14 00:00:00,X:ETHUSD,590.45,586.39,592.07,575.58,290579.1573852359
2020-12-15 00:00:00,X:BTCUSD,19274.33,19444.6,19607.0,19044.66,50800.431120155554
2020-12-15 00:00:00,X:ETHUSD,586.4,588.636,598.12,576.72,327158.865850505
2020-12-16 00:00:00,X:BTCUSD,19443.19,21359.65,21577.4,19277.66,128484.12985045993
2020-12-16 00:00:00,X:ETHUSD,589.08,637.155,639.92,580.961,883570.9178085147
2020-12-17 00:00:00,X:BTCUSD,21360.5,22826.48,23795.29,21197.0,199487.7781617281
2020-12-17 00:00:00,X:ETHUSD,636.45,641.74,677.05,625.82,1294463.3216124452
2020-12-18 00:00:00,X:BTCUSD,22829.89,23137.76,23317.1,22308.2,115434.03941539487
2020-12-18 00:00:00,X:ETHUSD,643.26,654.19,664.71,628.38,706678.9307155733
2020-12-19 00:00:00,X:BTCUSD,23124.0,23849.99,24288.2,22719.78,78244.818190732
2020-12-19 00:00:00,X:ETHUSD,654.66,658.96,672.06,645.21,640539.0540513267
2020-12-20 00:00:00,X:BTCUSD,23801.0,23476.51,24302.5,23084.9,75945.3113994344
2020-12-20 00:00:00,X:ETHUSD,658.8,638.089,661.4,620.4,624206.3885682628
2020-12-21 00:00:00,X:BTCUSD,23470.85,22729.4,24132.26,21864.86,103911.10843927824
2020-12-21 00:00:00,X:ETHUSD,638.19,608.07,648.35,593.62,872545.4646547175
2020-12-22 00:00:00,X:BTCUSD,22712.281776,23823.27,23843.21,22348.0,85547.19037727683
2020-12-22 00:00:00,X:ETHUSD,608.07,637.46,638.5,586.43,655797.6868751883
2020-12-23 00:00:00,X:BTCUSD,23824.13,23228.35,24144.0,22600.0,105735.71450931908
2020-12-23 00:00:00,X:ETHUSD,637.46,585.5,638.8,547.8,888830.3318213669
2020-12-24 00:00:00,X:BTCUSD,23226.18,23717.96,23790.0,22700.1,78918.97490669438
2020-12-24 00:00:00,X:ETHUSD,585.37,612.27,615.14,565.12,574655.315632387
2020-12-25 00:00:00,X:BTCUSD,23743.467132,24720.0882,24802.0,22855.0,79416.35192478646
2020-12-25 00:00:00,X:ETHUSD,612.25,626.75,634.6,580.0,482817.4942827718
2020-12-26 00:00:00,X:BTCUSD,24720.0882,26475.35,26868.71,24485.32,94361.7211095289
2020-12-26 00:00:00,X:ETHUSD,626.71,637.217,652.73,615.01,580705.0496891706
2020-12-27 00:00:00,X:BTCUSD,26482.64,26258.65,28419.94,25634.6,132283.27152006773
2020-12-27 00:00:00,X:ETHUSD,636.85,684.12,715.192,622.14,1173889.292793213
2020-12-28 00:00:00,X:BTCUSD,26255.16,27053.0,27477.0,26056.4,98169.93018682885
2020-12-28 00:00:00,X:ETHUSD,684.06,729.7,747.47,680.39,1179082.6018787627
2020-12-29 00:00:00,X:BTCUSD,27039.39,27366.35,27405.16,25831.85,84060.38308744207
2020-12-29 00:00:00,X:ETHUSD,729.65,731.84,740.473,686.76,848577.9271856772
2020-12-30 00:00:00,X:BTCUSD,27376.2,28897.42,29018.26,27311.73,104858.49266225356
2020-12-30 00:00:00,X:ETHUSD,731.79,752.5,759.0,716.23,729521.5829805768
2020-12-31 00:00:00,X:BTCUSD,28886.8252941,28921.7,29321.9,27557.0,96997.52225026258
2020-12-31 00:00:00,X:ETHUSD,752.54,737.67,756.11,713.42,618078.2199104481
2021-01-01 00:00:00,X:BTCUSD,28939.0,29412.84,29700.0,28649.22,86870.3536024413
2021-01-01 00:00:00,X:ETHUSD,737.89,730.85,750.34,715.275,584887.7661182125
2021-01-02 00:00:00,X:BTCUSD,29410.77,32225.91,33333.0,28953.47,149885.5213831436
2021-01-02 00:00:00,X:ETHUSD,730.97,775.3,789.21,714.89,934587.5615475716
2021-01-03 00:00:00,X:BTCUSD,32185.0,33080.66,34873.0,31969.29,146311.2666675092
2021-01-03 00:00:00,X:ETHUSD,774.82,980.44,1015.14,769.0,2216275.6783331577
2021-01-04 00:00:00,X:BTCUSD,32990.0,32019.99,33669.76,27678.0,174174.83977554695
2021-01-04 00:00:00,X:ETHUSD,976.32,1042.38,1169.97,860.0,2971224.6331142387
2021-01-05 00:00:00,X:BTCUSD,32020.22,34030.64,34500.0,29861.0,139729.55050294145
2021-01-05 00:00:00,X:ETHUSD,1042.24,1098.732,1136.93,968.29,2092352.132690292
2021-01-06 00:00:00,X:BTCUSD,34043.91,36859.26,37050.83,33295.46,125846.10236390236
2021-01-06 00:00:00,X:ETHUSD,1102.97,1208.093,1215.98,1055.742,2441853.683455614
2021-01-07 00:00:00,X:BTCUSD,36791.0,39505.56,40425.0,36123.590728,134598.95655076776
2021-01-07 00:00:00,X:ETHUSD,1209.4,1227.34,1291.94,1140.0,1561789.0447362475
2021-01-08 00:00:00,X:BTCUSD,39510.59,40562.42,42000.0,36518.73,121310.49986869592
2021-01-08 00:00:00,X:ETHUSD,1227.55,1217.35,1275.74,1060.8,1726729.475363541
2021-01-09 00:00:00,X:BTCUSD,40682.76,40257.43,41422.77,38663.14,58768.408837193405
2021-01-09 00:00:00,X:ETHUSD,1217.31,1281.45,1310.0,1171.0,929928.9400832542
2021-01-10 00:00:00,X:BTCUSD,40239.06,38200.0,41452.12,34322.07,106320.74781036736
2021-01-10 00:00:00,X:ETHUSD,1281.25,1255.13,1352.85,1146.34,1668731.0911393815
2021-01-11 00:00:00,X:BTCUSD,38164.88,35371.58,38277.0,30100.0,242781.38834351124
2021-01-11 00:00:00,X:ETHUSD,1255.1,1088.79,1261.1792218,900.002,3547816.2828250458
2021-01-12 00:00:00,X:BTCUSD,35449.71,34038.98,36656.0,32416.8,118499.21944992644
2021-01-12 00:00:00,X:ETHUSD,1088.55,1049.79,1152.78,1001.49,1588019.7825534854
2021-01-13 00:00:00,X:BTCUSD,34035.02,37390.1,37888.0,32309.04,94187.60520930312
2021-01-13 00:00:00,X:ETHUSD,1050.46,1130.8,1137.75,980.0,1377922.8803263195
2021-01-14 00:00:00,X:BTCUSD,37393.49,39125.14,40131.25,36666.0,82922.94665348047
2021-01-14 00:00:00,X:ETHUSD,1130.79,1231.32,1246.99,1086.0,1427548.1790085444
2021-01-15 00:00:00,X:BTCUSD,39125.94,36754.67,39730.11,34298.93,105628.25325617124
2021-01-15 00:00:00,X:ETHUSD,1231.59,1168.1,1257.8,1059.55,1542642.0522320822
2021-01-16 00:00:00,X:BTCUSD,36754.6,36006.94,37997.0,35342.2,76976.98568004783
2021-01-16 00:00:00,X:ETHUSD,1169.04,1227.14,1295.01193223,1152.02,1077738.9478771896
2021-01-17 00:00:00,X:BTCUSD,36004.8,35820.0,36928.0,33833.55,64426.85745931212
2021-01-17 00:00:00,X:ETHUSD,1227.76,1232.99,1273.09167,1163.4,811811.2531945291
2021-01-18 00:00:00,X:BTCUSD,35820.01,36624.23,37555.0,34736.46,61908.46449437312
2021-01-18 00:00:00,X:ETHUSD,1232.6,1261.0,1263.2,1181.9,872486.077868755
2021-01-19 00:00:00,X:BTCUSD,36624.23,35917.28,37936.5743351,35829.79,63417.11709422106
2021-01-19 00:00:00,X:ETHUSD,1258.64,1367.38843092,1440.0,1251.49,1722867.0930732472
2021-01-20 00:00:00,X:BTCUSD,35883.77,35503.09,36440.1,33303.0,87919.83748280132
2021-01-20 00:00:00,X:ETHUSD,1367.7,1376.88,1409.3,1234.0,1545629.614504004
2021-01-21 00:00:00,X:BTCUSD,35498.85,30855.95,35628.24,30011.0,144511.40686459834
2021-01-21 00:00:00,X:ETHUSD,1377.15,1110.62,1390.0,1081.0,1957922.925038714
2021-01-22 00:00:00,X:BTCUSD,30890.60960271,32984.93,33867.0,28732.0,128106.39332199463
2021-01-22 00:00:00,X:ETHUSD,1110.48,1233.6,1276.0,1032.0,1767231.4330931937
2021-01-23 00:00:00,X:BTCUSD,32989.1,32112.01,33554.0,31350.0,61662.47837647462
2021-01-23 00:00:00,X:ETHUSD,1233.42,1233.678,1275.0,1196.22,719190.8011597748
2021-01-24 00:00:00,X:BTCUSD,32098.38,32320.0,33174.0,30918.84,48064.02784325884
2021-01-24 00:00:00,X:ETHUSD,1234.47,1394.0,1401.92,1220.023,1235075.1477088344
2021-01-25 00:00:00,X:BTCUSD,32293.18,32261.87,34918.0,31908.7,82151.65632030854
2021-01-25 00:00:00,X:ETHUSD,1394.04,1317.97,1480.0,1291.32,1540779.9673071231
2021-01-26 00:00:00,X:BTCUSD,32264.15,32510.82,32971.0,30816.2,83167.16700074842
2021-01-26 00:00:00,X:ETHUSD,1317.4,1367.98,1379.07,1244.38,1388990.213561753
2021-01-27 00:00:00,X:BTCUSD,32510.82,30421.23654981,32596.0,29150.49,126692.0431768538
2021-01-27 00:00:00,X:ETHUSD,1366.9,1240.96,1375.91,1205.98,1494004.533658974
2021-01-28 00:00:00,X:BTCUSD,30422.6,33488.99,34000.0,29840.78,102877.34305188144
2021-01-28 00:00:00,X:ETHUSD,1240.62,1328.6,1364.0,1217.654,1138910.563153122
2021-01-29 00:00:00,X:BTCUSD,33487.92,34262.11,38710.69632264,31919.08,192898.44530693087
2021-01-29 00:00:00,X:ETHUSD,1333.61,1379.38,1443.0,1286.412,1718388.9963610338
2021-01-30 00:00:00,X:BTCUSD,34265.71,34341.0,34943.3,32827.0,72187.48019998835
2021-01-30 00:00:00,X:ETHUSD,1379.38,1380.0,1408.97,1325.3,747105.600199625
2021-01-31 00:00:00,X:BTCUSD,34315.63,33137.74,34407.005674,32173.21,51325.10404260543
2021-01-31 00:00:00,X:ETHUSD,1380.0,1313.94,1382.0,1281.125,628119.7481978587
2021-02-01 00:00:00,X:BTCUSD,33137.75,33533.9,34736.1,32308.88,65842.47704422068
2021-02-01 00:00:00,X:ETHUSD,1313.95,1374.6,1378.9,1270.52,739166.3235917555
2021-02-02 00:00:00,X:BTCUSD,33534.39,35577.0,36053.96796779,33431.67,66181.36149367584
2021-02-02 00:00:00,X:ETHUSD,1374.89,1513.67,1550.0,1360.27,1331454.637812886
2021-02-03 00:00:00,X:BTCUSD,35500.0,37667.0,37732.87,35368.79,72465.58991184011
2021-02-03 00:00:00,X:ETHUSD,1513.85,1667.78,1673.34,1507.61,1158247.2389920852
2021-02-04 00:00:00,X:BTCUSD,37688.42,36975.0,38769.0,36147.43,83795.19370428141
2021-02-04 00:00:00,X:ETHUSD,1668.71,1595.1,1699.0,1555.26,1091095.3481078364
2021-02-05 00:00:00,X:BTCUSD,36975.8,38311.49,38366.0,36571.55235544,55496.56154811002
2021-02-05 00:00:00,X:ETHUSD,1597.34,1721.06,1764.55,1589.17,983041.346832226
2021-02-06 00:00:00,X:BTCUSD,38320.0,39191.46,41025.48,38205.0,80190.00957619913
2021-02-06 00:00:00,X:ETHUSD,1721.06,1679.77,1745.52,1644.072,781354.2468117162
2021-02-07 00:00:00,X:BTCUSD,39257.0,38871.42,39737.83,37346.03,65536.16466275067
2021-02-07 00:00:00,X:ETHUSD,1679.76,1615.32,1695.38,1486.8,964617.746959965
2021-02-08 00:00:00,X:BTCUSD,38867.1,46444.0,46761.48,37947.0,128821.60320226634
2021-02-08 00:00:00,X:ETHUSD,1615.51,1752.98,1784.2,1563.4,1069592.6070269109
2021-02-09 00:00:00,X:BTCUSD,46444.0,46514.73,48277.0,44979.59,111847.24607914044
2021-02-09 00:00:00,X:ETHUSD,1752.98,1772.16,1826.9,1705.0,856511.4476309974
2021-02-10 00:00:00,X:BTCUSD,46493.9,44850.0,47383.0,43706.86,74472.65341744525
2021-02-10 00:00:00,X:ETHUSD,1771.91,1742.1,1839.0,1678.1,859432.6150369074
2021-02-11 00:00:00,X:BTCUSD,44850.0,48008.0,48703.6,43917.41935602,76790.16467142662
2021-02-11 00:00:00,X:ETHUSD,1742.51,1787.32,1821.9,1703.226,673799.1206390135
2021-02-12 00:00:00,X:BTCUSD,47993.6,47408.34,49006.56,45851.95356552,65210.85210387904
2021-02-12 00:00:00,X:ETHUSD,1787.33,1845.0,1868.9,1739.45,789974.3376718434
2021-02-13 00:00:00,X:BTCUSD,47424.25,47232.45,48224.1,46133.0,39634.13096741332
2021-02-13 00:00:00,X:ETHUSD,1844.78,1818.01,1877.88,1761.77,572416.4551403336
2021-02-14 00:00:00,X:BTCUSD,47240.75,48680.69,49714.66,47029.01,46548.92085200295
2021-02-14 00:00:00,X:ETHUSD,1817.85,1803.75,1853.3,1781.3,485310.8122644818
2021-02-15 00:00:00,X:BTCUSD,48655.4,47906.0,49093.44,45703.39,58832.18078465766
2021-02-15 00:00:00,X:ETHUSD,1803.25,1779.62,1839.25,1649.0,912318.87487343
2021-02-16 00:00:00,X:BTCUSD,47904.42,49158.71,50645.0,47029.62,68091.2117588558
2021-02-16 00:00:00,X:ETHUSD,1780.59,1781.97,1828.3,1722.801,648619.9173069792
2021-02-17 00:00:00,X:BTCUSD,49136.7,52170.01,52779.6,48896.19,74836.98046286662
2021-02-17 00:00:00,X:ETHUSD,1782.14,1848.7,1857.79,1732.995,636074.420274826
2021-02-18 00:00:00,X:BTCUSD,52141.23,51566.0,52566.98,50863.0,51240.57489308461
2021-02-18 00:00:00,X:ETHUSD,1848.7,1937.5,1951.26,1848.7,687737.045005759
2021-02-19 00:00:00,X:BTCUSD,51596.0,55903.52,56399.99,50627.32,73112.87269045995
2021-02-19 00:00:00,X:ETHUSD,1939.64,1957.68,1975.67,1890.0,751189.4376791338
2021-02-20 00:00:00,X:BTCUSD,55866.0,55923.52,57588.97,53910.05,67187.88853104699
2021-02-20 00:00:00,X:ETHUSD,1957.9,1915.46,2041.42,1780.0,1038268.4086373826
2021-02-21 00:00:00,X:BTCUSD,55921.44,57489.16,58367.0,55386.0,46050.19553374253
2021-02-21 00:00:00,X:ETHUSD,1915.03,1935.57,1978.7,1882.1,514799.98809935927
2021-02-22 00:00:00,X:BTCUSD,57489.16,54096.0,57577.69,45002.0,129264.96954883654
2021-02-22 00:00:00,X:ETHUSD,1935.67,1778.66,1938.95,700.0,1484189.6402347465
2021-02-23 00:00:00,X:BTCUSD,54173.64,48899.99,54206.22,44845.72,169401.62387075037
2021-02-23 00:00:00,X:ETHUSD,1778.33,1577.83,1783.22,1350.0,2138659.045979367
2021-02-24 00:00:00,X:BTCUSD,48899.99,49737.82,51459.51,46902.0,93935.7962828765
2021-02-24 00:00:00,X:ETHUSD,1576.6,1625.3,1716.0,1498.44,1037538.1605975924
2021-02-25 00:00:00,X:BTCUSD,49715.13,47061.5,52189.0,46700.0,71922.49229954845
2021-02-25 00:00:00,X:ETHUSD,1625.27,1481.68,1672.91,1448.593,841969.063409937
2021-02-25 00:00:00,X:SOLUSD,24.6,13.826,24.6,13.821,70884.29332110008
2021-02-26 00:00:00,X:BTCUSD,47063.9,46326.2,48476.62,44027.0,96573.17757261348
2021-02-26 00:00:00,X:ETHUSD,1485.3,1445.18,1564.11,1400.0,953477.9216393728
2021-02-26 00:00:00,X:SOLUSD,13.854,13.612,15.404,13.167,131414.36645997994
2021-02-27 00:00:00,X:BTCUSD,46324.15,46180.75,48407.0,45010.01,50921.43739790354
2021-02-27 00:00:00,X:ETHUSD,1445.09,1460.57,1527.7,1420.0,651010.580512662
2021-02-27 00:00:00,X:SOLUSD,13.59,13.197,14.691,13.118,197922.43930267025
2021-02-28 00:00:00,X:BTCUSD,46169.92,45231.75,46706.2,43006.77,67089.12175321678
2021-02-28 00:00:00,X:ETHUSD,1460.49,1414.904,1471.3,1289.098,1025400.6569507336
2021-02-28 00:00:00,X:SOLUSD,13.179,13.096,13.741,11.556,210657.64310542963
2021-03-01 00:00:00,X:BTCUSD,45231.74,49580.0,49831.52,44959.0,72800.38465822552
2021-03-01 00:00:00,X:ETHUSD,1424.4,1569.8,1574.28,1407.181,879113.5083229966
2021-03-01 00:00:00,X:SOLUSD,13.109,14.992,16.89,13.098,182168.9951610497
2021-03-02 00:00:00,X:BTCUSD,49635.3,48511.6,50250.0,47050.2,53916.786343370215
2021-03-02 00:00:00,X:ETHUSD,1571.87,1488.34,1616.17,1455.0,654361.2138199003
2021-03-02 00:00:00,X:SOLUSD,14.94,14.102,15.999,13.5,40114.13220844996
2021-03-03 00:00:00,X:BTCUSD,48502.18,50400.0,52674.5,48110.0,64560.68752267524
2021-03-03 00:00:00,X:ETHUSD,1488.34,1566.41,1658.0,1476.118,701263.4612436165
2021-03-03 00:00:00,X:SOLUSD,13.955,14.6,15.95,13.825,19733.156654010007
2021-03-04 00:00:00,X:BTCUSD,50370.33,48330.0,51820.4,47500.0,60006.08181050015
2021-03-04 00:00:00,X:ETHUSD,1567.9,1539.69,1626.6,1504.06,716088.6368006744
2021-03-04 00:00:00,X:SOLUSD,14.641,13.3,16.99,12.811,6853.891231610005
2021-03-05 00:00:00,X:BTCUSD,48370.97,48769.47,49539.3,46219.32,62615.77440118668
2021-03-05 00:00:00,X:ETHUSD,1539.53,1528.82,1551.19,1441.25,771036.3575800973
2021-03-05 00:00:00,X:SOLUSD,12.997,12.576,12.997,12.25,26408.81981667998
2021-03-06 00:00:00,X:BTCUSD,48766.01,48909.84,49238.0,47077.0,37523.220359311
2021-03-06 00:00:00,X:ETHUSD,1528.82,1650.6,1673.02,1512.45,985583.90096377
2021-03-06 00:00:00,X:SOLUSD,12.63,13.056,13.29,11.947,40959.30856289005
2021-03-07 00:00:00,X:BTCUSD,48909.84,50952.19,51477.53,48862.55,40833.68732472923
2021-03-07 00:00:00,X:ETHUSD,1651.08,1728.22,1735.0,1630.39,646528.8370507483
2021-03-07 00:00:00,X:SOLUSD,13.083,13.863,13.99,12.747,16850.77482614001
2021-03-08 00:00:00,X:BTCUSD,50976.22,52415.23,52444.0,49298.0,51064.221569572896
2021-03-08 00:00:00,X:ETHUSD,1727.95,1833.68,1843.99,1650.0,785952.1149094753
2021-03-08 00:00:00,X:SOLUSD,13.845,13.635,13.875,13.093,13014.914707850005
2021-03-09 00:00:00,X:BTCUSD,52399.0,54916.38,54955.30786704,51826.0,57647.36416991298
2021-03-09 00:00:00,X:ETHUSD,1833.4,1871.99,1873.3,1796.34,673491.2107055361
2021-03-09 00:00:00,X:SOLUSD,13.655,14.906,15.0,13.36,11793.149247900004
2021-03-10 00:00:00,X:BTCUSD,54955.30786704,55985.0,57444.0,53010.0,68123.65913252952
2021-03-10 00:00:00,X:ETHUSD,1873.0,1795.37,1879.69,1756.29,769223.1456224155
2021-03-10 00:00:00,X:SOLUSD,14.921,14.531,15.22,14.112,11302.001364179996
2021-03-11 00:00:00,X:BTCUSD,55918.09,57815.47,58266.0,54269.0,62113.34495022111
2021-03-11 00:00:00,X:ETHUSD,1795.55,1824.128,1849.9,1723.84,597860.8127209907
2021-03-11 00:00:00,X:SOLUSD,14.52,15.974,16.7,13.755,44061.466156690025
2021-03-12 00:00:00,X:BTCUSD,57807.0,57234.0,58159.0,55011.0,57813.88504836936
2021-03-12 00:00:00,X:ETHUSD,1827.37,1767.79,1845.7,1720.55,569154.8965366546
2021-03-12 00:00:00,X:SOLUSD,16.104,14.632,16.5,14.214,29943.088626709992
2021-03-13 00:00:00,X:BTCUSD,57220.84,61202.887014,61825.84,56073.2,69179.54831490257
2021-03-13 00:00:00,X:ETHUSD,1766.76,1921.61,1944.0,1727.7,654200.7836565927
2021-03-13 00:00:00,X:SOLUSD,14.688,15.333,15.429,14.009,16015.658566760008
2021-03-14 00:00:00,X:BTCUSD,61177.03,59000.0,61700.0,58950.0,41614.41511530162
2021-03-14 00:00:00,X:ETHUSD,1922.467,1847.96830749,1933.0,1836.61,482679.4076515964
2021-03-14 00:00:00,X:SOLUSD,15.359,14.583,15.374,14.412,12249.494893410012
2021-03-15 00:00:00,X:BTCUSD,58972.71,55636.15,60649.54,54555.0,77085.43078716983
2021-03-15 00:00:00,X:ETHUSD,1848.56,1796.0,1893.75,1732.0,795273.1295595104
2021-03-15 00:00:00,X:SOLUSD,14.513,14.214,14.792,13.747,43666.69960811003
2021-03-16 00:00:00,X:BTCUSD,55616.42,56900.79,56970.0,52500.0,65245.42736905064
2021-03-16 00:00:00,X:ETHUSD,1796.7,1805.0,1824.2,1706.25,725284.5989788023
2021-03-16 00:00:00,X:SOLUSD,14.261,13.618,14.326,13.269,52047.02224379999
2021-03-17 00:00:00,X:BTCUSD,56928.38,58925.54,59128.0,53752.0,62263.72367763313
2021-03-17 00:00:00,X:ETHUSD,1805.7,1824.74,1841.13,1741.08,739262.9140938916
2021-03-17 00:00:00,X:SOLUSD,13.685,14.206,14.224,13.09,82023.61381679986
2021-03-18 00:00:00,X:BTCUSD,58867.0,57644.95,60190.0,56996.15,55743.49355904478
2021-03-18 00:00:00,X:ETHUSD,1821.8524069,1776.4,1850.0,1758.4,511135.9778184338
2021-03-18 00:00:00,X:SOLUSD,14.235,14.193,14.73,14.001,18702.18360831001
2021-03-19 00:00:00,X:BTCUSD,57642.0,58039.66,59480.0,56243.1,44449.4653732538
2021-03-19 00:00:00,X:ETHUSD,1776.4,1808.269,1842.0159641,1731.4,461169.1203492909
2021-03-19 00:00:00,X:SOLUSD,14.188,14.16,14.471,13.831,22063.404054270013
2021-03-20 00:00:00,X:BTCUSD,58049.0,58116.7,60000.0,57545.2,36585.43530691871
2021-03-20 00:00:00,X:ETHUSD,1808.95,1806.47,1871.97180834,1799.204,440733.92847959424
2021-03-20 00:00:00,X:SOLUSD,14.149,14.197,14.92,14.127,11455.698505539984
2021-03-21 00:00:00,X:BTCUSD,58126.34,57363.32,58835.6,55357.0,43965.79411480001
2021-03-21 00:00:00,X:ETHUSD,1806.04,1784.0,1818.86,1743.824,468052.23630684445
2021-03-21 00:00:00,X:SOLUSD,14.112,14.341,14.347,13.647,23657.691752400016
2021-03-22 00:00:00,X:BTCUSD,57377.29,54110.07,58525.0,53680.0,53599.63626894683
2021-03-22 00:00:00,X:ETHUSD,1784.11,1681.02,1808.34,1654.3,600586.4823259652
2021-03-22 00:00:00,X:SOLUSD,14.271,14.866,16.574,14.177,31253.717336810005
2021-03-23 00:00:00,X:BTCUSD,54117.71,54345.54,55866.44,52812.0,50047.84867853912
2021-03-23 00:00:00,X:ETHUSD,1682.0,1668.09,1723.61,1650.6,476958.7156021428
2021-03-23 00:00:00,X:SOLUSD,14.792,14.215,15.201,14.077,15705.773750029988
2021-03-24 00:00:00,X:BTCUSD,54333.27,52276.16,57212.0,51522.0,56964.89383028292
2021-03-24 00:00:00,X:ETHUSD,1668.4,1585.8,1740.91,1520.0,637906.530230134
2021-03-24 00:00:00,X:SOLUSD,14.203,13.612,15.332,13.612,12070.25414185
2021-03-25 00:00:00,X:BTCUSD,52259.69,51325.01,53271.59,50305.0,66370.96284238594
2021-03-25 00:00:00,X:ETHUSD,1585.8,1587.08,1680.0,1548.3,582107.7484275881
2021-03-25 00:00:00,X:SOLUSD,13.608,13.016,13.664,12.549,17745.487761450022
2021-03-26 00:00:00,X:BTCUSD,51320.76,54993.0,55125.13,51238.01,57508.87333904198
2021-03-26 00:00:00,X:ETHUSD,1587.01,1700.1,1701.29,1585.292,635744.3332648071
2021-03-26 00:00:00,X:SOLUSD,13.027,14.762,14.762,12.346,15887.601664809989
2021-03-27 00:00:00,X:BTCUSD,54982.0,55856.53,56686.15,53948.35,47876.40359373813
2021-03-27 00:00:00,X:ETHUSD,1699.97,1713.88,1733.8,1666.299,293365.3143063381
2021-03-27 00:00:00,X:SOLUSD,14.793,16.524,16.78,14.745,39336.431011620014
2021-03-28 00:00:00,X:BTCUSD,55856.54,55778.82,56609.0,54677.51,70151.23728299049
2021-03-28 00:00:00,X:ETHUSD,1713.8,1687.2,1727.7,1661.548,291355.5051989019
2021-03-28 00:00:00,X:SOLUSD,16.544,18.052,19.369,16.36,27884.45935606998
2021-03-29 00:00:00,X:BTCUSD,55781.22,57609.4,58619.7,54831.0,75661.458158607
2021-03-29 00:00:00,X:ETHUSD,1686.92,1815.73,1842.0,1675.28,552409.3751072714
2021-03-29 00:00:00,X:SOLUSD,18.215,18.89,18.941,17.685,10233.07833479001
2021-03-30 00:00:00,X:BTCUSD,57613.76,58786.46,59523.0,57000.0,63505.12739446014
2021-03-30 00:00:00,X:ETHUSD,1818.2,1841.16,1861.0,1779.484,512144.9429084677
2021-03-30 00:00:00,X:SOLUSD,18.961,19.28,30.0,18.961,20909.882731929996
2021-03-31 00:00:00,X:BTCUSD,58781.1,58800.0,59899.0,56713.45,74649.88480717492
2021-03-31 00:00:00,X:ETHUSD,1841.03,1920.0,1948.52489247,1770.001,615211.8305933165
2021-03-31 00:00:00,X:SOLUSD,19.7,19.9,20.29,18.17,15085.949750259992
2021-04-01 00:00:00,X:BTCUSD,58800.01,58726.48,59490.0,57910.69,61885.074849754965
2021-04-01 00:00:00,X:ETHUSD,1919.3,1968.38,1982.75,1884.88,499783.57077520987
2021-04-01 00:00:00,X:SOLUSD,20.006,19.459,24.0,18.914,5184.182904810003
2021-04-02 00:00:00,X:BTCUSD,58726.47,58981.04,60190.0,58327.9868938,51166.66026626262
2021-04-02 00:00:00,X:ETHUSD,1968.46,2133.1,2145.0,1948.67,671885.6664078718
2021-04-02 00:00:00,X:SOLUSD,19.049,20.105,20.105,18.728,2844.058855100001
2021-04-03 00:00:00,X:BTCUSD,58981.04,57094.34,59867.1,56872.0,53947.67748466304
2021-04-03 00:00:00,X:ETHUSD,2134.38,2008.551,2139.33,1996.16,436011.8689441921
2021-04-03 00:00:00,X:SOLUSD,19.826,22.602,23.959,19.826,9178.357206680012
2021-04-04 00:00:00,X:BTCUSD,57094.34,58215.94,58501.0,56440.0,52062.311964352
2021-04-04 00:00:00,X:ETHUSD,2007.75,2077.4,2093.07,1977.595,438950.2026642206
2021-04-04 00:00:00,X:SOLUSD,22.603,24.322,25.88,22.603,19287.82370323001
2021-04-05 00:00:00,X:BTCUSD,58216.73,59145.0,59280.3,56796.61,53286.75884833874
2021-04-05 00:00:00,X:ETHUSD,2076.31,2106.98,2131.6,1998.7,464626.86786975776
2021-04-05 00:00:00,X:SOLUSD,24.325,23.17,25.459,22.914,18940.654731609982
2021-04-06 00:00:00,X:BTCUSD,59135.36,58019.98,59499.0,57216.0,61897.52829551408
2021-04-06 00:00:00,X:ETHUSD,2107.45,2113.0,2151.63,2039.849,588646.5796633796
2021-04-06 00:00:00,X:SOLUSD,23.119,25.117,25.357,22.25,9221.900284860005
2021-04-07 00:00:00,X:BTCUSD,58024.9,55955.75,58668.0,55400.0,71856.49078262215
2021-04-07 00:00:00,X:ETHUSD,2112.59,1964.9,2129.39,1925.109,697365.6954509913
2021-04-07 00:00:00,X:SOLUSD,25.44,26.534,27.5,23.045,75356.75295263999
2021-04-08 00:00:00,X:BTCUSD,55962.67,58083.1,58165.62,55680.4,51401.54696947904
2021-04-08 00:00:00,X:ETHUSD,1963.44,2081.29,2084.95,1946.683,483802.8824258759
2021-04-08 00:00:00,X:SOLUSD,26.601,27.002,27.934,25.69,18829.87468070001
2021-04-09 00:00:00,X:BTCUSD,58066.18,58092.68,58890.4,57538.3,49829.351427245725
2021-04-09 00:00:00,X:ETHUSD,2081.29,2066.03,2100.65,2048.41,389388.4509232572
2021-04-09 00:00:00,X:SOLUSD,26.93,27.742,28.951,26.9,21274.36392208005
2021-04-10 00:00:00,X:BTCUSD,58092.68,59778.6,61301.21,57870.0,54414.95304522186
2021-04-10 00:00:00,X:ETHUSD,2066.5,2136.1,2200.0,2057.2,644456.3115177966
2021-04-10 00:00:00,X:SOLUSD,27.639,26.824,28.192,26.001,26005.222534680044
2021-04-11 00:00:00,X:BTCUSD,59817.0737853,59985.26,60722.0,59165.15,38134.57007215393
2021-04-11 00:00:00,X:ETHUSD,2133.07,2150.54,2166.9,2112.32,387425.24064731953
2021-04-11 00:00:00,X:SOLUSD,26.842,27.959,28.62,25.662,26507.115870920003
2021-04-12 00:00:00,X:BTCUSD,60033.0,59839.82,61338.0,59361.11,43615.93792069912
2021-04-12 00:00:00,X:ETHUSD,2150.54,2138.748,2203.9,2098.56,407704.490584411
2021-04-12 00:00:00,X:SOLUSD,27.918,28.566,29.882,26.964,21521.154091160017
2021-04-13 00:00:00,X:BTCUSD,59836.88,63587.2,63882.5,59780.0,63336.72514603722
2021-04-13 00:00:00,X:ETHUSD,2138.2,2299.92,2317.3,2135.0,608946.3376815517
2021-04-13 00:00:00,X:SOLUSD,28.56,27.532,28.807,26.409,10707.29699408
2021-04-14 00:00:00,X:BTCUSD,63519.0,62971.8,64900.0,61277.91,66258.39562462756
2021-04-14 00:00:00,X:ETHUSD,2296.7,2429.9,2446.96,2281.1,780504.7946911509
2021-04-14 00:00:00,X:SOLUSD,27.516,26.394,27.516,24.848,53035.59153376019
2021-04-15 00:00:00,X:BTCUSD,62909.0,63229.04,63855.37,61980.0,47064.7075531302
2021-04-15 00:00:00,X:ETHUSD,2432.16,2516.4,2546.82,2397.2,599642.9355002994
2021-04-15 00:00:00,X:SOLUSD,26.482,27.804,28.193,25.515,19096.34089483004
2021-04-16 00:00:00,X:BTCUSD,63229.04,61322.0,63604.34,60005.0,60130.6627030958
2021-04-16 00:00:00,X:ETHUSD,2517.03,2426.64,2548.93,2298.6,724770.2781782838
2021-04-16 00:00:00,X:SOLUSD,27.831,25.372,28.205,24.957,55127.83683175982
2021-04-17 00:00:00,X:BTCUSD,61436.23,60085.2,62636.4,59590.72,36043.8398851448
2021-04-17 00:00:00,X:ETHUSD,2421.9,2318.7,2497.84,2305.55,631428.5918074412
2021-04-17 00:00:00,X:SOLUSD,25.329,24.8,26.713,24.8,18411.89103583998
2021-04-18 00:00:00,X:BTCUSD,60048.82,56172.0,60437.97,50500.0,100813.55353387876
2021-04-18 00:00:00,X:ETHUSD,2319.15,2241.46,2341.68,1925.384,1189521.649011247
2021-04-18 00:00:00,X:SOLUSD,24.852,32.167,32.846,21.106,157229.7576784622
2021-04-19 00:00:00,X:BTCUSD,56273.65,55630.0,57633.0,54187.85,51364.3537644777
2021-04-19 00:00:00,X:ETHUSD,2241.67,2160.427,2282.6,2050.0,846841.8528101579
2021-04-19 00:00:00,X:SOLUSD,32.318,31.553,35.976,29.942,66372.25968735002
2021-04-20 00:00:00,X:BTCUSD,55694.55,56499.29,57119.0,53330.0,52920.81338740093
2021-04-20 00:00:00,X:ETHUSD,2163.69,2332.6,2349.81,2051.057,938809.928255984
2021-04-20 00:00:00,X:SOLUSD,31.657,31.751,32.534,28.776,90385.21178742003
2021-04-21 00:00:00,X:BTCUSD,56471.151714,53780.0,56850.0,53600.0,45122.27320485289
2021-04-21 00:00:00,X:ETHUSD,2332.18,2357.21,2471.72,2236.08,990877.7983040488
2021-04-21 00:00:00,X:SOLUSD,31.752,32.637,34.954,30.219,105109.07290541008
2021-04-22 00:00:00,X:BTCUSD,53823.48,51701.59,55500.0,50400.0,70554.61184808699
2021-04-22 00:00:00,X:ETHUSD,2357.74,2401.22,2646.2,2300.0,1358463.122619519
2021-04-22 00:00:00,X:SOLUSD,32.713,39.06,40.703,31.6,111451.75111108986
2021-04-23 00:00:00,X:BTCUSD,51695.98,51187.27,52131.34,47459.37,99377.96833190272
2021-04-23 00:00:00,X:ETHUSD,2399.21,2370.05,2442.89,2040.0,1350180.3103462658
2021-04-23 00:00:00,X:SOLUSD,39.14,37.355,41.282,31.572,35967.17957305002
2021-04-24 00:00:00,X:BTCUSD,51177.77,50089.15,51260.61,48664.67,42331.13827191376
2021-04-24 00:00:00,X:ETHUSD,2369.07,2216.72,2371.18,2155.597,622769.1786020517
2021-04-24 00:00:00,X:SOLUSD,37.404,41.238,43.606,34.963,46164.95945712994
2021-04-25 00:00:00,X:BTCUSD,50101.42,49121.0,50671.0,46985.02,41497.92373043523
2021-04-25 00:00:00,X:ETHUSD,2216.18,2319.394,2360.2,2163.527,771189.9364128206
2021-04-25 00:00:00,X:SOLUSD,40.998,47.69,48.472,40.526,53918.48855967966
2021-04-26 00:00:00,X:BTCUSD,49121.0,54053.6,54419.5,48780.0,53612.78269762226
2021-04-26 00:00:00,X:ETHUSD,2322.09,2534.0,2544.98,2303.859,778308.3501628102
2021-04-26 00:00:00,X:SOLUSD,47.475,43.959,49.861,43.493,88003.22567468963
2021-04-27 00:00:00,X:BTCUSD,54094.0,55069.62,55519.37,53250.0,42072.29072464602
2021-04-27 00:00:00,X:ETHUSD,2533.99,2667.86,2683.65,2482.328,848858.2569217117
2021-04-27 00:00:00,X:SOLUSD,43.951,43.285,46.594,42.722,35633.51575885994
2021-04-28 00:00:00,X:BTCUSD,55077.4,54894.03,56500.0,53770.9,44170.70343343623
2021-04-28 00:00:00,X:ETHUSD,2665.7,2748.5,2763.75,2551.0,849080.1633158646
2021-04-28 00:00:00,X:SOLUSD,43.287,45.149,46.935,40.901,30447.467286370003
2021-04-29 00:00:00,X:BTCUSD,54860.0,53580.0,55246.3,52323.21,44333.30491965239
2021-04-29 00:00:00,X:ETHUSD,2751.56,2758.92,2800.89,2668.789,811921.3455539468
2021-04-29 00:00:00,X:SOLUSD,44.98,42.423,46.064,41.067,44404.191238030086
2021-04-30 00:00:00,X:BTCUSD,53580.0,57630.0,58075.01,53047.29,44898.10742643886
2021-04-30 00:00:00,X:ETHUSD,2759.56,2776.45,2802.06,2724.464,581644.355026343
2021-04-30 00:00:00,X:SOLUSD,42.414,42.789,44.221,41.332,45451.57167934001
2021-05-01 00:00:00,X:BTCUSD,57798.77,57859.28,58550.0,57000.0,30164.75951270253
2021-05-01 00:00:00,X:ETHUSD,2769.4,2945.171,2956.0,2752.2,552276.7825521729
2021-05-01 00:00:00,X:SOLUSD,42.776,49.46,49.758,42.042,59722.8081148901
2021-05-02 00:00:00,X:BTCUSD,57774.0,56625.2,57972.26,56047.97,26269.750870642984
2021-05-02 00:00:00,X:ETHUSD,2948.92,2952.09,2986.01,2851.0,538224.3690744815
2021-05-02 00:00:00,X:SOLUSD,49.543,46.882,49.802,45.956,51285.39957878033
2021-05-03 00:00:00,X:BTCUSD,56625.21,57212.73,59000.0,56450.5,41834.2490118039
2021-05-03 00:00:00,X:ETHUSD,2952.21,3433.99,3457.75,2949.7,1115580.579543128
2021-05-03 00:00:00,X:SOLUSD,46.874,45.88,48.993,44.762,44553.73366260001
2021-05-04 00:00:00,X:BTCUSD,57227.64,53241.92,57250.85,53057.7,56748.76833386864
2021-05-04 00:00:00,X:ETHUSD,3431.6,3240.01,3534.5,3165.307,1385334.0443598214
2021-05-04 00:00:00,X:SOLUSD,45.941,42.798,47.701,42.35,87412.49642655038
2021-05-05 00:00:00,X:BTCUSD,53221.75,57515.69,57999.8,52913.02,52136.34338297495
2021-05-05 00:00:00,X:ETHUSD,3239.61,3529.97,3559.97,3201.33,879598.4086669418
2021-05-05 00:00:00,X:SOLUSD,42.685,44.952,45.961,42.37,54590.76144373023
2021-05-06 00:00:00,X:BTCUSD,57494.2,56440.66,58420.83,55250.01,45772.103071180885
2021-05-06 00:00:00,X:ETHUSD,3524.7,3492.75,3610.04,3377.351,536411.2277650085
2021-05-06 00:00:00,X:SOLUSD,44.925,43.466,44.93,42.706,30640.93170694004
2021-05-07 00:00:00,X:BTCUSD,56444.82,57380.39,58743.85,55265.0,41659.10004319412
2021-05-07 00:00:00,X:ETHUSD,3492.33,3484.7,3595.07,3350.849,676130.5140065307
2021-05-07 00:00:00,X:SOLUSD,43.542,43.2,46.186,41.464,62654.769268880336
2021-05-08 00:00:00,X:BTCUSD,57371.02,58958.05,59564.24,56930.0,38931.638831598575
2021-05-08 00:00:00,X:ETHUSD,3484.69,3917.26,3962.44,3451.799,781674.8709426684
2021-05-08 00:00:00,X:SOLUSD,43.221,45.62,46.589,42.404,61192.92755349999
2021-05-09 00:00:00,X:BTCUSD,58951.5,58312.57,59300.62,56250.4,40721.21714288666
2021-05-09 00:00:00,X:ETHUSD,3910.90415771,3928.44,3985.0,3724.1,697098.7544205658
2021-05-09 00:00:00,X:SOLUSD,45.762,44.343,47.056,42.981,55417.061609280114
2021-05-10 00:00:00,X:BTCUSD,58313.84,55866.41,59603.0,53470.0,61071.79979314755
2021-05-10 00:00:00,X:ETHUSD,3928.41,3949.45,4213.85,3500.0,1204003.113388102
2021-05-10 00:00:00,X:SOLUSD,44.341,42.898,45.933,39.6,140137.14422150995
2021-05-11 00:00:00,X:BTCUSD,55854.43,56753.19,56972.33,54138.73738416,38866.43964300822
2021-05-11 00:00:00,X:ETHUSD,3949.45,4179.76,4185.0,3760.0,840757.2640832792
2021-05-11 00:00:00,X:SOLUSD,42.842,44.605,45.101,39.688,104729.74419480024
2021-05-12 00:00:00,X:BTCUSD,56683.65,49498.77,58041.0,48500.0,69732.6937440908
2021-05-12 00:00:00,X:ETHUSD,4179.77,3826.37,4384.43,3700.0,1284973.9288736912
2021-05-12 00:00:00,X:SOLUSD,44.606,43.49,49.032,42.238,245081.83376272483
2021-05-13 00:00:00,X:BTCUSD,49529.48,49690.11,52500.0,45000.0,94844.27715118047
2021-05-13 00:00:00,X:ETHUSD,3802.47,3719.23,4055.62,3512.517,1391252.06169433
2021-05-13 00:00:00,X:SOLUSD,43.411,41.024,45.4,37.528,218101.4311409073
2021-05-14 00:00:00,X:BTCUSD,49711.64,49893.48,51572.0,48873.4,47686.25912973553
2021-05-14 00:00:00,X:ETHUSD,3719.22,4080.51,4178.65,3693.0,866214.0024379876
2021-05-14 00:00:00,X:SOLUSD,41.011,42.772,44.871,40.0,82037.11111889992
2021-05-15 00:00:00,X:BTCUSD,49835.98,46771.09,50827.3,46448.53,47612.919016004016
2021-05-15 00:00:00,X:ETHUSD,4080.51,3649.54,4138.0,3629.61,715351.593716736
2021-05-15 00:00:00,X:SOLUSD,42.745,43.435,45.591,39.437,112764.54602253056
2021-05-16 00:00:00,X:BTCUSD,46771.01,46450.79,49870.0,43769.4,71464.2889420086
2021-05-16 00:00:00,X:ETHUSD,3648.16,3585.62,4200.0,3334.88,991466.0265866804
2021-05-16 00:00:00,X:SOLUSD,43.608,47.057,52.503,42.101,256518.65726625692
2021-05-17 00:00:00,X:BTCUSD,46450.78,43580.5,46796.0,42100.0,112393.67583357688
2021-05-17 00:00:00,X:ETHUSD,3584.79,3283.32,3598.8,3101.0,1310628.396211445
2021-05-17 00:00:00,X:SOLUSD,47.04,46.68,51.872,43.385,440339.6764599083
2021-05-18 00:00:00,X:BTCUSD,43571.89,42877.75,45872.05,42023.69,60574.43205088717
2021-05-18 00:00:00,X:ETHUSD,3283.32,3375.96,3570.48,3238.6,831454.1292033133
2021-05-18 00:00:00,X:SOLUSD,46.495,55.901,58.304,46.185,219670.02725462845
2021-05-19 00:00:00,X:BTCUSD,42865.05,36742.3,43601.63,29257.95,260505.1532056244
2021-05-19 00:00:00,X:ETHUSD,3378.6,2441.6,3444.96,1801.606,3200486.3826345787
2021-05-19 00:00:00,X:SOLUSD,56.131,35.177,57.564,29.661,772185.7090055812
2021-05-20 00:00:00,X:BTCUSD,36793.39,40623.33,43000.0,34900.0,117985.52696850516
2021-05-20 00:00:00,X:ETHUSD,2443.76,2775.07,3000.0,2145.001,1765954.7030335711
2021-05-20 00:00:00,X:SOLUSD,35.076,44.451,50.888,32.315,724933.3425906771
2021-05-21 00:00:00,X:BTCUSD,40623.24,37391.38484175,42298.12038263,33496.82,120176.47899984008
2021-05-21 00:00:00,X:ETHUSD,2775.06,2439.8,2950.0,2102.781,1700208.86960755
2021-05-21 00:00:00,X:SOLUSD,44.648,39.012,47.658,33.87,775167.6195487648
2021-05-22 00:00:00,X:BTCUSD,37382.8588411,37476.83,38956.0,35205.54,67263.78567066028
2021-05-22 00:00:00,X:ETHUSD,2439.7,2292.814,2495.0,2154.2,1195342.0603024347
2021-05-22 00:00:00,X:SOLUSD,38.984,31.288,40.046,31.256,352859.7713459089
2021-05-23 00:00:00,X:BTCUSD,37575.0,34672.64,38384.0,31062.09,112945.93612057249
2021-05-23 00:00:00,X:ETHUSD,2293.999,2097.6,2388.70694929,1703.779,2074784.250994992
2021-05-23 00:00:00,X:SOLUSD,31.311,24.554,32.397,19.299,1829138.503625802
2021-05-24 00:00:00,X:BTCUSD,34735.35,38845.0,39989.9,34394.06,87487.10679070195
2021-05-24 00:00:00,X:ETHUSD,2100.07,2651.24,2679.0,2072.15,1563187.0389289216
2021-05-24 00:00:00,X:SOLUSD,24.597,31.353,32.126,24.597,874191.1932357324
2021-05-25 00:00:00,X:BTCUSD,38848.36,38361.81,40000.0,36455.0,55531.890234149054
2021-05-25 00:00:00,X:ETHUSD,2647.7,2707.9,2788.0,2377.0,1253345.9733650186
2021-05-25 00:00:00,X:SOLUSD,31.299,30.069,33.13,26.18,437376.93955902616
2021-05-26 00:00:00,X:BTCUSD,38361.81,39293.23,40904.0,37803.79,59821.12248747337
2021-05-26 00:00:00,X:ETHUSD,2707.75,2889.61,2915.4,2643.885,962819.650943155
2021-05-26 00:00:00,X:SOLUSD,30.069,35.465,37.243,28.968,476484.3482896273
2021-05-27 00:00:00,X:BTCUSD,39293.23,38556.88,40500.0,37119.79,46338.54589623411
2021-05-27 00:00:00,X:ETHUSD,2889.43,2745.51,2893.96,2635.502,766796.5220493252
2021-05-27 00:00:00,X:SOLUSD,35.465,33.727,35.63,31.195,906521.8334773522
2021-05-28 00:00:00,X:BTCUSD,38556.88,35680.47,38905.12,34688.0,79572.35013258674
2021-05-28 00:00:00,X:ETHUSD,2745.25,2413.81,2763.64,2326.5,1152195.07670413
2021-05-28 00:00:00,X:SOLUSD,33.704,29.005,34.509,28.028,598633.0496664289
2021-05-29 00:00:00,X:BTCUSD,35680.48,34627.82,37381.0,33617.0,61365.72397400551
2021-05-29 00:00:00,X:ETHUSD,2413.28,2272.7,2576.7,2206.261,1019943.8525828716
2021-05-29 00:00:00,X:SOLUSD,29.015,27.35,30.061,25.788,325526.88021562033
2021-05-30 00:00:00,X:BTCUSD,34644.09,35669.44,36516.99,33333.0,41739.86470548469
2021-05-30 00:00:00,X:ETHUSD,2272.7,2387.66,2480.69,2178.4,1019541.4291297852
2021-05-30 00:00:00,X:SOLUSD,27.393,28.513,29.68,25.622,188721.4510667597
2021-05-31 00:00:00,X:BTCUSD,35669.44,37279.31,37540.96,34160.0,50966.97894514541
2021-05-31 00:00:00,X:ETHUSD,2387.65,2705.39785315,2722.0,2271.0,843417.2138762478
2021-05-31 00:00:00,X:SOLUSD,28.546,32.703,32.947,27.529,526067.041377987
2021-06-01 00:00:00,X:BTCUSD,37276.23,36685.0,37934.3,35655.04,44606.02495385052
2021-06-01 00:00:00,X:ETHUSD,2707.87,2634.42,2748.0,2525.363,688485.2922583666
2021-06-01 00:00:00,X:SOLUSD,32.687,31.003,33.262,29.893,261308.8608361799
2021-06-02 00:00:00,X:BTCUSD,36684.99,37577.91,38256.3,35920.0,39768.597165448606
2021-06-02 00:00:00,X:ETHUSD,2634.46,2706.64,2803.52,2551.0,701197.5292281745
2021-06-02 00:00:00,X:SOLUSD,31.006,33.994,34.962,30.416,160534.9146206202
2021-06-03 00:00:00,X:BTCUSD,37581.83,39226.0,39490.0,37159.1,29368.79224643318
2021-06-03 00:00:00,X:ETHUSD,2706.87,2856.68,2890.6,2662.0,445426.33288965415
2021-06-03 00:00:00,X:SOLUSD,33.915,39.469,41.241,33.756,264618.47410821926
2021-06-04 00:00:00,X:BTCUSD,39225.5146501,36856.52,39291.24,35576.67,34627.26657039043
2021-06-04 00:00:00,X:ETHUSD,2856.73,2690.68,2860.28,2550.13,482151.2076186162
2021-06-04 00:00:00,X:SOLUSD,39.606,37.463,39.653,34.275,261725.19564839068
2021-06-05 00:00:00,X:BTCUSD,36856.53,35534.6,37935.8,34822.56648447,29881.351672764293
2021-06-05 00:00:00,X:ETHUSD,2691.13,2629.75,2819.09,2548.12,417611.3624765432
2021-06-05 00:00:00,X:SOLUSD,37.457,39.683,42.733,37.065,283906.7238837889
2021-06-06 00:00:00,X:BTCUSD,35539.97,35800.48,36510.58,35218.0,20409.35948834267
2021-06-06 00:00:00,X:ETHUSD,2629.45,2710.97,2747.44,2615.0,242094.7356784236
2021-06-06 00:00:00,X:SOLUSD,39.669,42.254,43.421,39.03,117372.41496467018
2021-06-07 00:00:00,X:BTCUSD,35800.48,33575.91,36812.39,33321.09,40048.81259306055
2021-06-07 00:00:00,X:ETHUSD,2710.97,2592.47,2850.0,2570.33,480034.46336818935
2021-06-07 00:00:00,X:SOLUSD,42.207,38.312,44.1,37.932,194938.77756979072
2021-06-08 00:00:00,X:BTCUSD,33567.51,33402.13,34085.61,31004.95,67455.81190138735
2021-06-08 00:00:00,X:ETHUSD,2592.47,2509.11,2623.47,2306.02,746402.8388340884
2021-06-08 00:00:00,X:SOLUSD,38.178,41.204,42.52,33.648,560470.6423110008
2021-06-09 00:00:00,X:BTCUSD,33402.13,37368.0,37573.99,32408.53,71047.6388690434
2021-06-09 00:00:00,X:ETHUSD,2509.1,2611.27,2630.0,2406.33,523752.4521407721
2021-06-09 00:00:00,X:SOLUSD,41.228,41.978,44.086,39.407,199367.7186511006
2021-06-10 00:00:00,X:BTCUSD,37404.75,36694.05,38446.24,35800.0,42930.30665089566
2021-06-10 00:00:00,X:ETHUSD,2611.4,2471.59,2625.0,2425.4,332930.8051222619
2021-06-10 00:00:00,X:SOLUSD,42.039,41.075,42.989,39.51,65882.71366726993
2021-06-11 00:00:00,X:BTCUSD,36680.0,37338.44,37695.0,35929.0,29520.06958414431
2021-06-11 00:00:00,X:ETHUSD,2471.59,2355.27,2499.73,2320.88548912,327310.6595053241
2021-06-11 00:00:00,X:SOLUSD,41.057,36.17,41.304,35.15,97796.37075280024
2021-06-12 00:00:00,X:BTCUSD,37340.08,35557.33,37461.34593121,34630.0,31386.069258846022
2021-06-12 00:00:00,X:ETHUSD,2354.64,2371.49,2456.48020554,2252.58,302693.37961768184
2021-06-12 00:00:00,X:SOLUSD,36.2,36.456,37.627,34.3,98558.07904525031
2021-06-13 00:00:00,X:BTCUSD,35563.66,38998.89297611,39409.4,34780.57,35109.21874190295
2021-06-13 00:00:00,X:ETHUSD,2371.85,2508.49058317,2555.59,2307.9,306266.1576114083
2021-06-13 00:00:00,X:SOLUSD,36.509,38.793,39.377,34.778,66028.85854860017
2021-06-14 00:00:00,X:BTCUSD,38998.89297611,40539.47,41076.03,38732.0,47315.93745346609
2021-06-14 00:00:00,X:ETHUSD,2510.22,2582.86,2613.9,2460.8674582,291584.22525001504
2021-06-14 00:00:00,X:SOLUSD,38.812,39.691,40.45,36.666,71905.00687853983
2021-06-15 00:00:00,X:BTCUSD,40537.93,40162.37,41341.8,39445.88757188,35807.347485595565
2021-06-15 00:00:00,X:ETHUSD,2582.45,2543.58,2641.49,2505.2,262673.9950744961
2021-06-15 00:00:00,X:SOLUSD,39.643,39.582,41.663,39.166,56841.76686642996
2021-06-16 00:00:00,X:BTCUSD,40143.0,38346.0,40506.59,38095.41,34528.96390307078
2021-06-16 00:00:00,X:ETHUSD,2543.57,2367.73,2555.79327982,2350.62,303956.2568989416
2021-06-16 00:00:00,X:SOLUSD,39.451,39.613,41.549,37.5,79484.27940008984
2021-06-17 00:00:00,X:BTCUSD,38351.0,38073.0,39561.4,37350.0,29080.37921379264
2021-06-17 00:00:00,X:ETHUSD,2368.24,2373.33,2461.51,2304.27,286006.07672190835
2021-06-17 00:00:00,X:SOLUSD,39.675,39.319,41.208,38.219,259504.90766078013
2021-06-18 00:00:00,X:BTCUSD,38074.0,35845.0,38216.22,35126.0,45671.57719445373
2021-06-18 00:00:00,X:ETHUSD,2373.8,2234.5,2377.8,2125.12,428724.6640395402
2021-06-18 00:00:00,X:SOLUSD,39.251,36.842,39.45,35.0,536266.1580247785
2021-06-19 00:00:00,X:BTCUSD,35846.0,35570.0,36457.18,34718.21,35981.15771015232
2021-06-19 00:00:00,X:ETHUSD,2234.8,2166.27,2279.5,2161.46,251537.17028306023
2021-06-19 00:00:00,X:SOLUSD,36.875,35.2,37.361,34.977,325173.4064886288
2021-06-20 00:00:00,X:BTCUSD,35484.8,35585.78,36226.37661535,33337.0,46569.38980112654
2021-06-20 00:00:00,X:ETHUSD,2166.26,2246.8385046,2282.0,2040.91,407563.7063856188
2021-06-20 00:00:00,X:SOLUSD,35.2,35.271,35.973,31.324,403912.2796638586
2021-06-21 00:00:00,X:BTCUSD,35585.79,31609.82,35832.0,31238.69,84765.57037692796
2021-06-21 00:00:00,X:ETHUSD,2242.89,1885.67,2263.9,1864.5,1147077.065750735
2021-06-21 00:00:00,X:SOLUSD,35.286,26.689,35.559,26.0,1149001.302549335
2021-06-22 00:00:00,X:BTCUSD,31609.82,32538.37,33368.0,28600.0,101223.36825919645
2021-06-22 00:00:00,X:ETHUSD,1885.49,1881.65,2005.33413628,1700.0,1493142.1342274947
2021-06-22 00:00:00,X:SOLUSD,26.631,26.991,28.873,20.181,2061868.4500440292
2021-06-23 00:00:00,X:BTCUSD,32547.57,33688.35,35000.0,31670.89,44409.69166497984
2021-06-23 00:00:00,X:ETHUSD,1883.6,1968.37,2045.65,1823.92,598019.9478733195
2021-06-23 00:00:00,X:SOLUSD,26.979,30.838,32.957,25.682,1441520.6560375188
2021-06-24 00:00:00,X:BTCUSD,33688.51,34665.0,35311.2,32300.0,31274.092997259257
2021-06-24 00:00:00,X:ETHUSD,1968.36,1988.81,2036.72,1884.1,380937.5755876381
2021-06-24 00:00:00,X:SOLUSD,30.851,31.187,33.0,28.477,1107606.5481411547
2021-06-25 00:00:00,X:BTCUSD,34654.87,31594.63,35517.22,31264.0,75743.55358688276
2021-06-25 00:00:00,X:ETHUSD,1988.81,1809.07,2020.03,1788.0,748530.2736387642
2021-06-25 00:00:00,X:SOLUSD,31.201,28.646,32.98,27.921,971840.4640562248
2021-06-26 00:00:00,X:BTCUSD,31577.3,32355.66423628,32714.46,30082.79,47297.339762564894
2021-06-26 00:00:00,X:ETHUSD,1809.07,1830.01,1852.43,1715.0,484201.9747327174
2021-06-26 00:00:00,X:SOLUSD,28.646,29.739,30.121,26.72,688112.6946097083
2021-06-27 00:00:00,X:BTCUSD,32275.9,34675.3,34794.0,32002.21,50622.19860924644
2021-06-27 00:00:00,X:ETHUSD,1829.0,1984.71,1988.62,1806.85,496698.0302860304
2021-06-27 00:00:00,X:SOLUSD,29.739,31.92,31.98,29.205,542008.1139042148
2021-06-28 00:00:00,X:BTCUSD,34743.0,34493.22,35357.13,33864.99,28148.02734895594
2021-06-28 00:00:00,X:ETHUSD,1984.84,2083.79,2147.5,1957.24,497994.7185085423
2021-06-28 00:00:00,X:SOLUSD,31.935,33.013,34.323,31.01,576250.9558286828
2021-06-29 00:00:00,X:BTCUSD,34493.22,35922.41743186,36675.0,34226.75253341,31034.59945377717
2021-06-29 00:00:00,X:ETHUSD,2084.16,2166.18,2247.03,2074.53,362784.0879206768
2021-06-29 00:00:00,X:SOLUSD,33.033,33.873,35.829,32.655,634684.6214225291
2021-06-30 00:00:00,X:BTCUSD,35906.17,35060.0,36099.82,34033.0,28736.418718479832
2021-06-30 00:00:00,X:ETHUSD,2165.64,2276.72,2289.4,2088.49,410490.3550372763
2021-06-30 00:00:00,X:SOLUSD,33.964,35.522,36.0,31.602,850277.857485059
2021-07-01 00:00:00,X:BTCUSD,35060.0,33516.11,35071.34,32700.88,26077.10794953756
2021-07-01 00:00:00,X:ETHUSD,2275.5,2107.01,2277.44,2065.77,417233.9174728112
2021-07-01 00:00:00,X:SOLUSD,35.565,33.356,35.601,32.182,721869.2955278408
2021-07-02 00:00:00,X:BTCUSD,33537.11,33805.02,34000.0,32700.0,21760.80819664604
2021-07-02 00:00:00,X:ETHUSD,2106.91,2156.0,2160.3,2017.07,324933.9032782968
2021-07-02 00:00:00,X:SOLUSD,33.29,33.991,34.1,31.408,542174.3762610662
2021-07-03 00:00:00,X:BTCUSD,33805.01,34688.3,34959.72,33320.0,13181.08555676426
2021-07-03 00:00:00,X:ETHUSD,2156.0,2226.95,2240.77,2108.58,191121.9977115749
2021-07-03 00:00:00,X:SOLUSD,33.991,34.487,35.421,33.26,305905.5889510807
2021-07-04 00:00:00,X:BTCUSD,34685.03,35284.05,35960.0,34376.0,11933.986446332854
2021-07-04 00:00:00,X:ETHUSD,2227.46,2323.15,2389.22,2189.7,241616.29553310983
2021-07-04 00:00:00,X:SOLUSD,34.515,34.332,35.524,33.582,286197.18430943176
2021-07-05 00:00:00,X:BTCUSD,35284.06,33697.78,35305.1,33080.3,23526.29111588385
2021-07-05 00:00:00,X:ETHUSD,2323.27,2195.20588584,2324.44,2156.92,279693.6866723892
2021-07-05 00:00:00,X:SOLUSD,34.304,32.951,34.483,32.382,303400.46435340145
2021-07-06 00:00:00,X:BTCUSD,33697.78,34225.73,35196.0,33300.0,24533.77159974652
2021-07-06 00:00:00,X:ETHUSD,2197.34,2321.84,2351.19,2192.41107338,282412.2138321662
2021-07-06 00:00:00,X:SOLUSD,32.92,34.262,35.048,32.909,446182.2448799512
2021-07-07 00:00:00,X:BTCUSD,34225.72,33885.1,35091.0,33770.01,17573.981645376385
2021-07-07 00:00:00,X:ETHUSD,2322.2,2316.82,2411.19,2294.1,269452.8517005496
2021-07-07 00:00:00,X:SOLUSD,34.217,36.718,38.1,33.83,1022058.7200918776
2021-07-08 00:00:00,X:BTCUSD,33879.5,32882.2,33946.8,32063.0,36765.48880362543
2021-07-08 00:00:00,X:ETHUSD,2317.64,2116.95,2325.8,2082.87444617,663990.1465312872
2021-07-08 00:00:00,X:SOLUSD,36.678,33.161,36.962,32.586,856738.5278870465
2021-07-09 00:00:00,X:BTCUSD,32875.95,33824.26,34115.44,32237.0,19321.319608884038
2021-07-09 00:00:00,X:ETHUSD,2115.61,2147.38,2189.28,2045.7,496980.8009091251
2021-07-09 00:00:00,X:SOLUSD,33.163,33.335,34.43,31.991,416382.8077739511
2021-07-10 00:00:00,X:BTCUSD,33768.0,33515.35,34267.14,32968.2,15723.926542394924
2021-07-10 00:00:00,X:ETHUSD,2147.38,2110.55,2192.98,2072.5,209552.8309222807
2021-07-10 00:00:00,X:SOLUSD,33.3,31.722,34.223,30.991,410357.423145343
2021-07-11 00:00:00,X:BTCUSD,33515.35,34246.9,34635.82,33316.0,12286.620786044085
2021-07-11 00:00:00,X:ETHUSD,2110.56,2139.6,2174.11,2081.0,130149.12893612676
2021-07-11 00:00:00,X:SOLUSD,31.716,32.2,32.551,31.368,260778.9183247279
2021-07-12 00:00:00,X:BTCUSD,34246.9,33078.0,34677.0,32600.0,22845.379846653817
2021-07-12 00:00:00,X:ETHUSD,2140.0,2030.72,2169.18,2002.0,274960.81908074004
2021-07-12 00:00:00,X:SOLUSD,32.191,30.794,32.686,29.999,397246.19703232346
2021-07-13 00:00:00,X:BTCUSD,33077.43,32734.14,33340.7,32190.0,18203.57037537133
2021-07-13 00:00:00,X:ETHUSD,2030.74,1940.76,2047.72,1917.0,328529.5238225794
2021-07-13 00:00:00,X:SOLUSD,30.749,29.145,31.09,28.83,389699.5001434601
2021-07-14 00:00:00,X:BTCUSD,32729.0,32816.39,33128.0,31555.6,21707.385832736796
2021-07-14 00:00:00,X:ETHUSD,1940.3,1994.11,2020.5,1863.6,318703.2146310551
2021-07-14 00:00:00,X:SOLUSD,29.15,31.358,31.468,27.442,461092.2062613106
2021-07-15 00:00:00,X:BTCUSD,32821.0,31890.0,33200.0,31064.77,24050.70850543893
2021-07-15 00:00:00,X:ETHUSD,1994.9,1918.07,2041.8,1880.0,342610.243235034
2021-07-15 00:00:00,X:SOLUSD,31.366,28.583,31.5,28.0,566904.0829238393
2021-07-16 00:00:00,X:BTCUSD,31872.49,31388.06,32271.0,31012.93,20846.72282625406
2021-07-16 00:00:00,X:ETHUSD,1919.7675586,1877.22,1967.0,1845.07,279482.04505100515
2021-07-16 00:00:00,X:SOLUSD,28.595,26.296,29.48,26.204,432675.7141589253
2021-07-17 00:00:00,X:BTCUSD,31389.57,31533.91,32000.0,31175.2,23446.99318067243
2021-07-17 00:00:00,X:ETHUSD,1877.22,1899.75,1920.6,1845.13,229002.0357412129
2021-07-17 00:00:00,X:SOLUSD,26.291,26.785,27.822,26.0,446828.901025011
2021-07-18 00:00:00,X:BTCUSD,31533.9,31788.25,32453.0,31100.0,20425.25903272465
2021-07-18 00:00:00,X:ETHUSD,1899.75,1891.46,1994.4,1877.92,227642.8710675308
2021-07-18 00:00:00,X:SOLUSD,26.781,26.718,27.753,26.265,216300.8279707404
2021-07-19 00:00:00,X:BTCUSD,31786.37,30842.03,31928.0,30400.0,29348.05647506266
2021-07-19 00:00:00,X:ETHUSD,1891.46,1818.44,1919.8,1802.88,327611.2838233394
2021-07-19 00:00:00,X:SOLUSD,26.725,24.524,26.725,24.0,774727.5049002391
2021-07-20 00:00:00,X:BTCUSD,30842.04,29796.16,31079.0,29288.6,35386.46948312838
2021-07-20 00:00:00,X:ETHUSD,1818.45,1786.46,1842.2,1717.17,535330.3695335974
2021-07-20 00:00:00,X:SOLUSD,24.539,23.472,24.993,22.122,807745.2767879693
2021-07-21 00:00:00,X:BTCUSD,29796.15,32154.0,32875.42,29500.0,34361.27849499635
2021-07-21 00:00:00,X:ETHUSD,1785.35,1996.18,2037.00276253,1752.0,458142.8557366494
2021-07-21 00:00:00,X:SOLUSD,23.489,26.691,27.476,22.818,863621.3791219295
2021-07-22 00:00:00,X:BTCUSD,32152.68,32287.74,32611.84,31703.15,17995.709664946105
2021-07-22 00:00:00,X:ETHUSD,1996.21,2024.75,2048.9,1945.61,303883.7481805887
2021-07-22 00:00:00,X:SOLUSD,26.702,27.715,28.193,25.935,623426.3189045227
2021-07-23 00:00:00,X:BTCUSD,32287.75,33647.26,33684.17,32000.0,17290.81997601338
2021-07-23 00:00:00,X:ETHUSD,2024.75,2125.81,2132.81,1995.0,282937.9536167729
2021-07-23 00:00:00,X:SOLUSD,27.713,28.539,28.704,26.404,565938.2411342218
2021-07-24 00:00:00,X:BTCUSD,33650.0,34283.01,34534.32,33419.31,15465.082329675372
2021-07-24 00:00:00,X:ETHUSD,2125.82,2185.95,2200.8,2106.3,319660.4618282563
2021-07-24 00:00:00,X:SOLUSD,28.554,28.669,29.508,28.036,513217.84280074673
2021-07-25 00:00:00,X:BTCUSD,34291.67,35428.26,35451.04,33869.9,16469.500123535017
2021-07-25 00:00:00,X:ETHUSD,2186.76,2194.0,2199.49,2108.0,189185.6768939426
2021-07-25 00:00:00,X:SOLUSD,28.652,28.253,28.9,26.554,591120.3060103103
2021-07-26 00:00:00,X:BTCUSD,35428.25,37262.77,40595.0,35233.0,75800.3771654344
2021-07-26 00:00:00,X:ETHUSD,2192.38,2228.7,2437.99,2172.99,656074.540078653
2021-07-26 00:00:00,X:SOLUSD,28.237,28.199,31.103,27.883,1391664.3374730404
2021-07-27 00:00:00,X:BTCUSD,37265.93349564,39500.0,39589.0,36386.19,41705.75713339056
2021-07-27 00:00:00,X:ETHUSD,2228.71,2300.59,2321.8,2150.62,426378.5032544266
2021-07-27 00:00:00,X:SOLUSD,28.2,28.158,29.013,26.909,759042.5696444258
2021-07-28 00:00:00,X:BTCUSD,39490.0,40035.1,40927.53,38786.8,46347.17358493323
2021-07-28 00:00:00,X:ETHUSD,2300.28,2300.42,2347.88,2244.1,316607.9054776456
2021-07-28 00:00:00,X:SOLUSD,28.152,27.899,28.782,27.38,640945.6244687708
2021-07-29 00:00:00,X:BTCUSD,40035.1,40000.0,40662.8,39229.47,20595.14150112656
2021-07-29 00:00:00,X:ETHUSD,2300.76,2383.32,2404.08,2265.22,243411.50948945968
2021-07-29 00:00:00,X:SOLUSD,27.894,31.295,31.935,27.33,734790.1584069829
2021-07-30 00:00:00,X:BTCUSD,40039.44,42214.50801313,42335.5,38331.37,31599.061859326903
2021-07-30 00:00:00,X:ETHUSD,2384.16,2463.82,2474.82,2316.91,344826.1005223358
2021-07-30 00:00:00,X:SOLUSD,31.309,32.372,33.082,29.998,1176990.0088023988
2021-07-31 00:00:00,X:BTCUSD,42236.72,41488.5,42414.61,41007.51,18903.005166059487
2021-07-31 00:00:00,X:ETHUSD,2462.9,2533.74,2555.0,2420.4,222985.30671741444
2021-07-31 00:00:00,X:SOLUSD,32.385,36.759,37.0,31.705,1027510.8879435676
2021-08-01 00:00:00,X:BTCUSD,41489.16,39865.41,42614.85,39413.5,25221.789346503272
2021-08-01 00:00:00,X:ETHUSD,2533.54,2557.3,2699.0,2511.0,476672.1637264632
2021-08-01 00:00:00,X:SOLUSD,36.797,34.198,36.866,33.276,758252.8891632919
2021-08-02 00:00:00,X:BTCUSD,39875.2,39152.3,40459.68,38687.62,22911.02757041956
2021-08-02 00:00:00,X:ETHUSD,2557.3,2609.6,2667.3,2503.7,423335.15780451306
2021-08-02 00:00:00,X:SOLUSD,34.248,33.187,35.93,33.03,814531.8564393865
2021-08-03 00:00:00,X:BTCUSD,39149.59,38191.44,39792.83,37627.21,26405.34548151833
2021-08-03 00:00:00,X:ETHUSD,2608.12,2508.31,2633.0,2442.58,402157.2352722605
2021-08-03 00:00:00,X:SOLUSD,33.227,34.116,35.878,32.36,901752.6868731668
2021-08-04 00:00:00,X:BTCUSD,38189.4,39722.41,39973.94,37481.0,26361.402705236284
2021-08-04 00:00:00,X:ETHUSD,2510.0,2724.71,2775.0,2455.4,408255.2932540282
2021-08-04 00:00:00,X:SOLUSD,34.116,35.794,36.699,33.268,786388.3859623773
2021-08-05 00:00:00,X:BTCUSD,39742.77,40888.74,41447.89,37300.0,45470.20794154949
2021-08-05 00:00:00,X:ETHUSD,2724.71,2829.35,2845.0,2530.69,566310.3858440472
2021-08-05 00:00:00,X:SOLUSD,35.785,37.386,38.28,35.483,930781.0753832908
2021-08-06 00:00:00,X:BTCUSD,40888.73,42869.58,43401.9,39876.74,35010.889755503966
2021-08-06 00:00:00,X:ETHUSD,2829.49,2892.98,2950.16,2720.01,442618.13454912696
2021-08-06 00:00:00,X:SOLUSD,37.398,39.513,40.453,35.672,799409.7881739185
2021-08-07 00:00:00,X:BTCUSD,42853.0,44637.34,44763.14,42251.0,38461.67039204748
2021-08-07 00:00:00,X:ETHUSD,2891.9,3163.09,3175.0,2866.39,511521.3747775561
2021-08-07 00:00:00,X:SOLUSD,39.52,39.516,40.496,37.571,696456.4618619051
2021-08-08 00:00:00,X:BTCUSD,44628.11,43845.6,45363.83,43131.97,34192.449172772736
2021-08-08 00:00:00,X:ETHUSD,3158.0,3012.95,3191.99,2947.5,408267.3065186064
2021-08-08 00:00:00,X:SOLUSD,39.506,37.689,39.594,36.92,411471.35841522366
2021-08-09 00:00:00,X:BTCUSD,43829.15,46282.21851123,46529.02,42790.0,40803.41882840061
2021-08-09 00:00:00,X:ETHUSD,3014.12,3162.34,3191.43,2892.5,550852.5816106866
2021-08-09 00:00:00,X:SOLUSD,37.654,38.654,40.023,36.382,527085.5214585684
2021-08-10 00:00:00,X:BTCUSD,46280.0,45595.66,46759.0,44635.0,25614.106445638565
2021-08-10 00:00:00,X:ETHUSD,3167.0,3142.09,3235.1,3050.0,405424.22788729466
2021-08-10 00:00:00,X:SOLUSD,38.676,40.691,41.768,38.222,705554.2378376687
2021-08-11 00:00:00,X:BTCUSD,45601.82,45531.0,46787.6,45341.0,22067.97276476944
2021-08-11 00:00:00,X:ETHUSD,3142.18,3162.61,3279.88,3121.7,329417.9444993961
2021-08-11 00:00:00,X:SOLUSD,40.691,41.65,43.749,40.634,771182.2730901666
2021-08-12 00:00:00,X:BTCUSD,45536.8,44422.14,46236.7,43714.36,24848.548525832728
2021-08-12 00:00:00,X:ETHUSD,3160.51,3047.21,3240.0,2978.57,406348.6057410871
2021-08-12 00:00:00,X:SOLUSD,41.653,41.102,43.49,39.286,831224.1905728327
2021-08-13 00:00:00,X:BTCUSD,44413.35,47833.64,47967.0,44249.64,25934.35155450247
2021-08-13 00:00:00,X:ETHUSD,3047.21,3324.51,3330.08,3034.52,344068.3673723775
2021-08-13 00:00:00,X:SOLUSD,41.126,44.9,44.963,40.702,949728.4352706362
2021-08-14 00:00:00,X:BTCUSD,47836.0,47109.65,48190.0,45935.0,17361.595024034297
2021-08-14 00:00:00,X:ETHUSD,3324.51,3266.52,3333.33,3204.71,185036.1765462606
2021-08-14 00:00:00,X:SOLUSD,44.885,44.187,44.906,42.8,380883.1798278489
2021-08-15 00:00:00,X:BTCUSD,47109.64,47014.49,47424.0,45471.0,15405.225131902438
2021-08-15 00:00:00,X:ETHUSD,3265.3,3310.93,3325.0,3104.8,287173.1210868201
2021-08-15 00:00:00,X:SOLUSD,44.175,53.556,56.0,43.418,2234576.2390792966
2021-08-16 00:00:00,X:BTCUSD,47014.38,45902.46,48076.52,45654.14,21677.52598464145
2021-08-16 00:00:00,X:ETHUSD,3311.1,3146.6,3341.47,3133.12,312903.0085213279
2021-08-16 00:00:00,X:SOLUSD,53.565,62.055,69.8,52.3,4481397.352541978
2021-08-17 00:00:00,X:BTCUSD,45903.22,44671.58,47183.37,44401.2,26268.31128418612
2021-08-17 00:00:00,X:ETHUSD,3146.6,3011.01,3293.72,2991.62,395257.68312131305
2021-08-17 00:00:00,X:SOLUSD,62.127,64.169,75.0,58.677,5224983.482809281
2021-08-18 00:00:00,X:BTCUSD,44675.34,44707.98,46041.62,44216.47,21606.275886030297
2021-08-18 00:00:00,X:ETHUSD,3013.81,3014.38,3128.29,2951.0,293561.15027846384
2021-08-18 00:00:00,X:SOLUSD,64.209,72.736,80.55,59.772,6250983.063893383
2021-08-19 00:00:00,X:BTCUSD,44709.1,46765.87,47114.99,43935.54,23307.903107297272
2021-08-19 00:00:00,X:ETHUSD,3014.38,3184.67,3189.49,2957.95,259411.3756424866
2021-08-19 00:00:00,X:SOLUSD,72.703,72.831,75.496,68.339,3097999.89980373
2021-08-20 00:00:00,X:BTCUSD,46769.02,49342.4,49436.1,46644.95,25586.688685242745
2021-08-20 00:00:00,X:ETHUSD,3184.32,3286.58,3305.09,3178.49,284792.6124155399
2021-08-20 00:00:00,X:SOLUSD,72.803,78.685,80.0,70.926,2455732.780684449
2021-08-21 00:00:00,X:BTCUSD,49349.99,48837.0,49833.02,48219.0,17962.537738598985
2021-08-21 00:00:00,X:ETHUSD,3287.9,3226.73,3312.53,3206.9,172666.52813042665
2021-08-21 00:00:00,X:SOLUSD,78.685,73.886,82.044,72.672,1696385.2282924778
2021-08-22 00:00:00,X:BTCUSD,48883.84,49284.63,49540.01,48058.1,11715.632815081244
2021-08-22 00:00:00,X:ETHUSD,3226.38,3241.42,3276.43,3127.0,149500.53596469385
2021-08-22 00:00:00,X:SOLUSD,73.896,72.809,77.64,71.321,1032853.4449431966
2021-08-23 00:00:00,X:BTCUSD,49284.38,49506.5,50562.11,49010.0,21785.1876812746
2021-08-23 00:00:00,X:ETHUSD,3242.33,3323.12,3381.47,3232.5,297076.4910963688
2021-08-23 00:00:00,X:SOLUSD,72.811,75.655,76.783,70.795,1825692.8348981843
2021-08-24 00:00:00,X:BTCUSD,49523.0,47682.45,49893.5,47555.0,22208.00012922207
2021-08-24 00:00:00,X:ETHUSD,3323.4,3171.52,3361.13,3133.45,258634.5198662253
2021-08-24 00:00:00,X:SOLUSD,75.655,70.591,79.467,68.595,2526650.182371715
2021-08-25 00:00:00,X:BTCUSD,47682.45,48987.33,49277.0,47100.0,17924.96920896114
2021-08-25 00:00:00,X:ETHUSD,3170.94,3228.51,3250.0,3077.1,234453.81728845343
2021-08-25 00:00:00,X:SOLUSD,70.503,71.986,72.82,66.151,1844484.6085025116
2021-08-26 00:00:00,X:BTCUSD,48992.29076835,46848.9,49387.6,46284.8,23416.16431955653
2021-08-26 00:00:00,X:ETHUSD,3228.51,3092.74,3256.02,3055.0,229156.0060609745
2021-08-26 00:00:00,X:SOLUSD,72.0,74.823,78.372,66.254,3495695.515202913
2021-08-27 00:00:00,X:BTCUSD,46851.47,49077.57,49187.0,46361.01,19336.070718441308
2021-08-27 00:00:00,X:ETHUSD,3092.74,3275.92,3283.47,3050.0,257343.87635362463
2021-08-27 00:00:00,X:SOLUSD,74.905,88.053,88.881,72.577,3260297.463817415
2021-08-28 00:00:00,X:BTCUSD,49081.08,48914.0,49325.0,48244.88,9189.91986660444
2021-08-28 00:00:00,X:ETHUSD,3275.32,3247.99,3290.51,3211.06,104810.29532028743
2021-08-28 00:00:00,X:SOLUSD,88.087,96.246,98.0,85.634,2235219.488470134
2021-08-29 00:00:00,X:BTCUSD,48942.89,48800.0,49667.1,47760.0,14257.91831020971
2021-08-29 00:00:00,X:ETHUSD,3247.99,3226.46,3289.4,3152.19,140883.4605051222
2021-08-29 00:00:00,X:SOLUSD,96.254,94.287,97.836,90.403,1565046.2188051385
2021-08-30 00:00:00,X:BTCUSD,48802.58,46993.71,48924.66460268,46855.41,20577.068523839927
2021-08-30 00:00:00,X:ETHUSD,3226.45,3229.01,3350.0,3142.6,319526.7408853544
2021-08-30 00:00:00,X:SOLUSD,94.305,110.347,116.6,93.722,5321534.899377761
2021-08-31 00:00:00,X:BTCUSD,46996.8,47112.5,48270.33,46699.0,21673.34992026486
2021-08-31 00:00:00,X:ETHUSD,3229.02,3430.23,3486.8,3189.92,469697.24920418847
2021-08-31 00:00:00,X:SOLUSD,110.347,108.29,130.09,103.099,7162906.218107101
2021-09-01 00:00:00,X:BTCUSD,47110.33,48823.0,49139.0,46532.42,23487.88973995481
2021-09-01 00:00:00,X:ETHUSD,3430.0,3827.2,3848.11,3383.9,463953.8714788464
2021-09-01 00:00:00,X:SOLUSD,108.29,110.671,119.68,105.96,3793419.640499728
2021-09-02 00:00:00,X:BTCUSD,48834.27,49279.37,50392.19,48620.73,24777.12165194346
2021-09-02 00:00:00,X:ETHUSD,3829.29,3787.97,3839.02,3722.65,288850.4472085051
2021-09-02 00:00:00,X:SOLUSD,110.674,128.346,132.162,109.203,3567056.344219087
2021-09-03 00:00:00,X:BTCUSD,49279.38,50018.6,51142.0,48332.0,27767.026645860056
2021-09-03 00:00:00,X:ETHUSD,3788.2,3940.06,4030.35,3708.89,417549.07521542726
2021-09-03 00:00:00,X:SOLUSD,128.339,146.524,149.062,128.12,5001666.319491102
2021-09-04 00:00:00,X:BTCUSD,50025.0,49942.98,50570.94,49363.6,12437.845824537822
2021-09-04 00:00:00,X:ETHUSD,3940.06,3887.53,3974.25,3832.02,184856.33784138344
2021-09-04 00:00:00,X:SOLUSD,146.487,138.998,150.721,135.681,2882560.8757814453
2021-09-05 00:00:00,X:BTCUSD,49944.89,51789.17,51907.08,49470.0,16077.224294059864
2021-09-05 00:00:00,X:ETHUSD,3887.58,3952.17,3984.34,3833.8,162896.5706912203
2021-09-05 00:00:00,X:SOLUSD,139.01,142.138,145.258,134.84,2184835.730479781
2021-09-06 00:00:00,X:BTCUSD,51768.0,52698.81,52810.0,51020.08,19451.607038802493
2021-09-06 00:00:00,X:ETHUSD,3951.68,3928.89,3973.53,3866.62,188514.557261056
2021-09-06 00:00:00,X:SOLUSD,142.137,164.316,199.0,137.512,3375657.437053027
2021-09-07 00:00:00,X:BTCUSD,52672.0,46849.0,52956.47,42000.0,61318.890015425655
2021-09-07 00:00:00,X:ETHUSD,3928.72,3432.33,3949.0,2900.0,823470.3277473882
2021-09-07 00:00:00,X:SOLUSD,164.377,173.4,200.0,134.242,10180803.325593889
2021-09-08 00:00:00,X:BTCUSD,46854.0,46060.36,47386.72,44423.49,33974.59459193101
2021-09-08 00:00:00,X:ETHUSD,3436.75,3500.2,3562.98,3216.0,505964.7491601792
2021-09-08 00:00:00,X:SOLUSD,173.4,191.03,198.0,146.69,7390158.70015329
2021-09-09 00:00:00,X:BTCUSD,46059.94,46400.0,47419.95,45498.7,22370.837813457583
2021-09-09 00:00:00,X:ETHUSD,3499.54,3424.95,3571.91,3387.62,346575.44919901766
2021-09-09 00:00:00,X:SOLUSD,190.927,187.908,216.47,180.901,7021127.561619031
2021-09-10 00:00:00,X:BTCUSD,46396.26,44851.45,47044.0,44125.0,25782.366559789185
2021-09-10 00:00:00,X:ETHUSD,3424.32,3209.82,3515.4,3142.67,406452.8904163639
2021-09-10 00:00:00,X:SOLUSD,187.907,179.5,197.55,167.808,4564134.700083822
2021-09-11 00:00:00,X:BTCUSD,44851.0,45171.83,45993.32,44730.29,10899.07692716263
2021-09-11 00:00:00,X:ETHUSD,3209.29,3266.77,3349.43,3199.88,182121.0015065305
2021-09-11 00:00:00,X:SOLUSD,179.557,179.122,193.775,175.3,3191752.235212678
2021-09-12 00:00:00,X:BTCUSD,45173.66,46024.23,46491.63,44752.96,12105.71609958474
2021-09-12 00:00:00,X:ETHUSD,3266.97,3404.7,3472.99,3231.75,208050.51128361933
2021-09-12 00:00:00,X:SOLUSD,179.24,174.272,181.675,170.175,1757392.6087857534
2021-09-13 00:00:00,X:BTCUSD,46039.0,44947.72,46900.0,43374.9,29763.43605091768
2021-09-13 00:00:00,X:ETHUSD,3403.81,3286.2,3430.95,3109.03393701,377042.1038903332
2021-09-13 00:00:00,X:SOLUSD,174.288,169.797,175.153,150.331,4585799.52605134
2021-09-14 00:00:00,X:BTCUSD,44958.0,47127.22,47274.92,44679.92,19924.80855650175
2021-09-14 00:00:00,X:ETHUSD,3285.66,3436.29,3439.7,3270.74,232894.8377934221
2021-09-14 00:00:00,X:SOLUSD,169.57,158.64,171.95,142.0,4632898.987546012
2021-09-15 00:00:00,X:BTCUSD,47127.81,48148.12,48481.0,46702.26,19592.42785897426
2021-09-15 00:00:00,X:ETHUSD,3436.29,3615.65,3621.15,3359.96,233564.2597072937
2021-09-15 00:00:00,X:SOLUSD,158.64,158.433,166.386,153.75,2832278.5035954863
2021-09-16 00:00:00,X:BTCUSD,48137.76809977,47753.16,48530.0,47020.82,19605.2269702878
2021-09-16 00:00:00,X:ETHUSD,3614.4,3568.66,3677.0,3482.97,296719.4022704149
2021-09-16 00:00:00,X:SOLUSD,158.478,152.043,163.04,147.254,2415150.257922432
2021-09-17 00:00:00,X:BTCUSD,47753.15,47296.0,48185.9,46712.14,15147.078149189969
2021-09-17 00:00:00,X:ETHUSD,3569.8,3400.0,3595.41,3350.0,261033.1580145743
2021-09-17 00:00:00,X:SOLUSD,152.018,147.592,155.14,134.1,4108489.3262378345
2021-09-18 00:00:00,X:BTCUSD,47296.15646179,48314.56,48834.0,47050.0,12267.485198976736
2021-09-18 00:00:00,X:ETHUSD,3400.45,3436.31,3545.7,3367.47,205942.0173481789
2021-09-18 00:00:00,X:SOLUSD,147.58,169.336,171.726,144.2,4344507.988055121
2021-09-19 00:00:00,X:BTCUSD,48309.86,47255.92,48389.52,46837.0,11582.834179347774
2021-09-19 00:00:00,X:ETHUSD,3436.59,3328.59,3457.89,3278.0,149222.77498054382
2021-09-19 00:00:00,X:SOLUSD,169.391,152.842,171.27,150.66,2618592.3631979823
2021-09-20 00:00:00,X:BTCUSD,47257.86,43012.97,47358.92,42453.97,50329.576462849545
2021-09-20 00:00:00,X:ETHUSD,3328.64271937,2976.48,3347.2,2911.81,667989.7145337361
2021-09-20 00:00:00,X:SOLUSD,152.81,132.567,153.432,130.275,5019741.703217202
2021-09-21 00:00:00,X:BTCUSD,43025.0,40719.6,43643.34,39573.21,55458.23507027223
2021-09-21 00:00:00,X:ETHUSD,2976.36,2765.69,3105.01,2650.0,705919.3415126826
2021-09-21 00:00:00,X:SOLUSD,132.622,124.3,144.653,115.92,5495737.051287122
2021-09-22 00:00:00,X:BTCUSD,40736.81,43589.53,44035.44,40570.42,34440.79291278025
2021-09-22 00:00:00,X:ETHUSD,2765.33,3078.43,3093.41,2737.79,404050.4500073638
2021-09-22 00:00:00,X:SOLUSD,124.219,148.197,152.408,122.105,4983248.335097874
2021-09-23 00:00:00,X:BTCUSD,43575.19,44897.59,45013.17,43096.73,25228.208176283817
2021-09-23 00:00:00,X:ETHUSD,3078.42,3154.62,3182.34,3034.4,243577.39421253733
2021-09-23 00:00:00,X:SOLUSD,148.19,150.034,152.477,143.021,2376012.258099963
2021-09-24 00:00:00,X:BTCUSD,44896.55,42848.92,45200.0,40683.29,42976.1415852284
2021-09-24 00:00:00,X:ETHUSD,3154.42,2930.61,3161.69,2731.3,552931.7686427683
2021-09-24 00:00:00,X:SOLUSD,150.0,139.308,151.421,128.0,3216144.160602088
2021-09-25 00:00:00,X:BTCUSD,42861.0,42705.51,43021.7,41675.0,12281.548257357128
2021-09-25 00:00:00,X:ETHUSD,2931.8,2924.01,2969.63,2800.0,234863.83027559548
2021-09-25 00:00:00,X:SOLUSD,139.272,136.117,144.14,133.554,1271363.5040088692
2021-09-26 00:00:00,X:BTCUSD,42705.51,43178.02,43963.0,40800.0,19407.574704513
2021-09-26 00:00:00,X:ETHUSD,2923.91,3060.71,3117.8,2740.62,285243.3568174189
2021-09-26 00:00:00,X:SOLUSD,136.109,135.698,140.9,125.0,1701866.927203506
2021-09-27 00:00:00,X:BTCUSD,43172.17,42171.76,44377.7,42111.0,18273.707481082667
2021-09-27 00:00:00,X:ETHUSD,3059.92,2925.27,3168.03,2922.5,265929.6249952983
2021-09-27 00:00:00,X:SOLUSD,135.632,136.35,149.0,133.75,2020963.9136182088
2021-09-28 00:00:00,X:BTCUSD,42166.31,41026.07,42780.0,40875.6,21133.78334950501
2021-09-28 00:00:00,X:ETHUSD,2927.7,2805.65,2971.16,2782.6,294660.0124647684
2021-09-28 00:00:00,X:SOLUSD,136.378,132.182,139.484,128.167,1500914.3137345396
2021-09-29 00:00:00,X:BTCUSD,41046.0,41522.16,42638.99,40750.0,18205.21948150847
2021-09-29 00:00:00,X:ETHUSD,2805.64,2850.14,2950.6,2781.99,277815.23826500826
2021-09-29 00:00:00,X:SOLUSD,132.214,135.304,140.16,131.101,1775390.1833712347
2021-09-30 00:00:00,X:BTCUSD,41519.11,43824.43,44122.0,41409.67,23582.047897309247
2021-09-30 00:00:00,X:ETHUSD,2849.71,3000.46,3050.6,2835.43,262005.554539744
2021-09-30 00:00:00,X:SOLUSD,135.35,141.358,142.97,134.069,1617167.677043768
2021-10-01 00:00:00,X:BTCUSD,43828.89,48165.76,48500.0,43287.44,38375.5045896336
2021-10-01 00:00:00,X:ETHUSD,3001.14,3311.16,3337.15,2967.41,348579.4627912456
2021-10-01 00:00:00,X:SOLUSD,141.358,161.649,165.0,138.242,2539594.401962844
2021-10-02 00:00:00,X:BTCUSD,48185.61,47657.69,48361.83,47438.0,12310.0001580053
2021-10-02 00:00:00,X:ETHUSD,3310.2,3387.82,3471.7,3258.94,212308.94498725835
2021-10-02 00:00:00,X:SOLUSD,161.58,168.979,175.108,156.24,1916033.739120183
2021-10-03 00:00:00,X:BTCUSD,47649.0,48233.99,49300.0,47119.87,14411.10109784625
2021-10-03 00:00:00,X:ETHUSD,3388.67,3420.07,3491.0,3342.52,173524.97361670068
2021-10-03 00:00:00,X:SOLUSD,169.12,173.129,178.02,165.537,1468557.9672515222
2021-10-04 00:00:00,X:BTCUSD,48233.99,49245.54,49530.53,46895.8,25695.195930506303
2021-10-04 00:00:00,X:ETHUSD,3419.66566055,3387.2,3441.3,3268.4,241097.67595537304
2021-10-04 00:00:00,X:SOLUSD,173.04,167.212,173.151,162.102,1659142.9023981248
2021-10-05 00:00:00,X:BTCUSD,49244.13,51493.99,51922.0,49057.18,30764.502316866867
2021-10-05 00:00:00,X:ETHUSD,3386.9,3515.7,3548.19,3364.74,232174.1954340322
2021-10-05 00:00:00,X:SOLUSD,167.231,164.623,170.25,160.0,1643974.1757127878
2021-10-06 00:00:00,X:BTCUSD,51499.77,55339.48,55800.0,50366.4,48213.85968762438
2021-10-06 00:00:00,X:ETHUSD,3517.26,3575.85,3632.69680954,3336.09,347405.04163911083
2021-10-06 00:00:00,X:SOLUSD,164.679,153.922,165.55,150.29,2407292.351588601
2021-10-07 00:00:00,X:BTCUSD,55346.95,53797.82,55360.32,53289.57,26239.71016039005
2021-10-07 00:00:00,X:ETHUSD,3576.45,3587.3,3655.02,3470.01,259544.35227651524
2021-10-07 00:00:00,X:SOLUSD,153.949,154.338,161.6,150.35,1884011.087536316
2021-10-08 00:00:00,X:BTCUSD,53816.16,53963.82,56168.0,53623.02,22748.60544427877
2021-10-08 00:00:00,X:ETHUSD,3588.83,3563.96,3674.93,3525.01,215787.4425191732
2021-10-08 00:00:00,X:SOLUSD,154.355,158.833,169.0,152.368,1854499.325018816
2021-10-09 00:00:00,X:BTCUSD,53965.18,54962.29,55515.1,53674.69,11864.83030378596
2021-10-09 00:00:00,X:ETHUSD,3563.96,3575.83,3637.1,3538.25,114396.43533191767
2021-10-09 00:00:00,X:SOLUSD,158.858,156.827,161.64,154.23,1105665.3746136392
2021-10-10 00:00:00,X:BTCUSD,54963.29,54690.53,56561.0,51000.0,19238.33306955114
2021-10-10 00:00:00,X:ETHUSD,3575.2,3415.0,3605.49,3389.6,163702.85269675867
2021-10-10 00:00:00,X:SOLUSD,156.783,147.624,158.554,145.67,978560.757203498
2021-10-11 00:00:00,X:BTCUSD,54679.0,57487.44,57855.79,54411.54,25689.31158491245
2021-10-11 00:00:00,X:ETHUSD,3414.75,3543.07,3625.0,3370.01,206073.5241168149
2021-10-11 00:00:00,X:SOLUSD,147.637,144.853,154.0,140.175,1524807.7098190528
2021-10-12 00:00:00,X:BTCUSD,57470.0,56005.1,57701.0,53837.51997218,28320.857796626708
2021-10-12 00:00:00,X:ETHUSD,3542.2,3490.61,3549.26,3403.51,246459.3542208244
2021-10-12 00:00:00,X:SOLUSD,144.854,152.452,153.626,137.59,2417355.6024194453
2021-10-13 00:00:00,X:BTCUSD,56005.1,57367.32,57777.0,54231.0,24127.0628578888
2021-10-13 00:00:00,X:ETHUSD,3490.17,3608.21,3614.48,3411.71,208208.03979728752
2021-10-13 00:00:00,X:SOLUSD,152.441,148.039,155.549,144.344,1259785.2113721098
2021-10-14 00:00:00,X:BTCUSD,57367.32,57359.51,58580.4,56825.0,21266.27219732225
2021-10-14 00:00:00,X:ETHUSD,3607.7,3791.66,3828.84,3587.96,304469.110721991
2021-10-14 00:00:00,X:SOLUSD,148.0,150.016,155.76,147.318,1270638.9847756838
2021-10-15 00:00:00,X:BTCUSD,57359.51,61695.39,62944.94,56867.11,48367.169334709964
2021-10-15 00:00:00,X:ETHUSD,3791.2,3869.73,3907.96,3734.44,294803.14669991256
2021-10-15 00:00:00,X:SOLUSD,150.026,163.214,165.33,146.75,2024858.507968028
2021-10-16 00:00:00,X:BTCUSD,61690.32,60877.42,62400.0,60100.27,17671.332396546964
2021-10-16 00:00:00,X:ETHUSD,3869.73,3829.66,3973.2,3792.56,197402.92671668
2021-10-16 00:00:00,X:SOLUSD,163.193,157.562,164.91,156.33,765905.049814528
2021-10-17 00:00:00,X:BTCUSD,60867.05,61527.11,61744.17,58900.2,17700.336611321018
2021-10-17 00:00:00,X:ETHUSD,3829.7,3847.18,3920.0,3638.59,204270.8136091302
2021-10-17 00:00:00,X:SOLUSD,157.615,159.98,167.5,153.2,1049464.6713369212
2021-10-18 00:00:00,X:BTCUSD,61530.07,62042.41,62682.0,59013.0,37519.32664470879
2021-10-18 00:00:00,X:ETHUSD,3847.38,3745.48,3895.0,3675.4,268675.43861928955
2021-10-18 00:00:00,X:SOLUSD,160.132,157.15,162.952,154.96,847524.7724181395
2021-10-19 00:00:00,X:BTCUSD,62042.4,64303.14,64500.0,61320.0,33346.125947638306
2021-10-19 00:00:00,X:ETHUSD,3745.9,3878.17,3890.36,3700.0,214199.74969304845
2021-10-19 00:00:00,X:SOLUSD,157.11,155.85,159.4,153.1,746836.8276563692
2021-10-20 00:00:00,X:BTCUSD,64263.93176072,66026.54,67016.5,63525.0,35080.36983513495
2021-10-20 00:00:00,X:ETHUSD,3878.35,4161.94,4170.0,3828.4,324527.40661993885
2021-10-20 00:00:00,X:SOLUSD,155.81,176.787,176.89,155.04,1692600.4658859444
2021-10-21 00:00:00,X:BTCUSD,66021.26,62204.02,66664.1,54100.0,47245.69120266341
2021-10-21 00:00:00,X:ETHUSD,4164.59,4053.9,4375.0,3800.0,442143.18706792296
2021-10-21 00:00:00,X:SOLUSD,176.759,190.473,194.42,176.759,3467697.682108444
2021-10-22 00:00:00,X:BTCUSD,62204.01,60687.64,63757.9,59953.74,29702.844595240025
2021-10-22 00:00:00,X:ETHUSD,4053.97,3972.9,4170.05,3885.25,273954.0875680071
2021-10-22 00:00:00,X:SOLUSD,190.52,196.247,215.0,188.025,3782017.188548406
2021-10-23 00:00:00,X:BTCUSD,60682.88,61296.9,61764.0,59610.4,11751.840374547985
2021-10-23 00:00:00,X:ETHUSD,3971.89,4168.56,4177.17,3935.32,156654.07029458735
2021-10-23 00:00:00,X:SOLUSD,196.246,197.707,205.719,192.017,1558289.5165522809
2021-10-24 00:00:00,X:BTCUSD,61300.02,60854.48,61497.33,59510.0,14098.83174867695
2021-10-24 00:00:00,X:ETHUSD,4167.7,4082.64,4188.42,3962.05,175286.02737948747
2021-10-24 00:00:00,X:SOLUSD,197.76,202.304,205.0,185.313,1803909.2178303984
2021-10-25 00:00:00,X:BTCUSD,60847.91,63083.54,63733.93,60632.0,18198.023604354425
2021-10-25 00:00:00,X:ETHUSD,4080.1,4220.93,4239.12,4066.7473858,211363.94755885343
2021-10-25 00:00:00,X:SOLUSD,202.303,209.6,219.37,198.127,2201540.3252170044
2021-10-26 00:00:00,X:BTCUSD,63081.96,60337.62,63332.60744575,59766.0,21471.81625851588
2021-10-26 00:00:00,X:ETHUSD,4221.16,4128.0,4300.0,4086.62,238439.78760180983
2021-10-26 00:00:00,X:SOLUSD,209.585,199.857,214.163,196.446,1903938.027322701
2021-10-27 00:00:00,X:BTCUSD,60285.0,58455.47,61489.0,57950.0,33433.37483375883
2021-10-27 00:00:00,X:ETHUSD,4127.9,3922.5,4332.29,3909.0,408264.928007236
2021-10-27 00:00:00,X:SOLUSD,199.911,184.682,205.599,179.48,2718622.128734644
2021-10-28 00:00:00,X:BTCUSD,58471.06,60591.65,62524.0,56425.0,35711.77287436709
2021-10-28 00:00:00,X:ETHUSD,3925.26,4288.26,4299.0,3889.05,370871.358703954
2021-10-28 00:00:00,X:SOLUSD,184.682,195.3,201.561,181.57,2049573.7533320228
2021-10-29 00:00:00,X:BTCUSD,60579.0,62276.72,62980.0,60154.53,26034.626710161505
2021-10-29 00:00:00,X:ETHUSD,4288.25,4416.36,4461.96,4266.91,366452.4132555804
2021-10-29 00:00:00,X:SOLUSD,195.3,200.439,205.307,194.627,1386205.3126008906
2021-10-30 00:00:00,X:BTCUSD,62264.0,61892.41,62379.2,60660.02,11779.452865595384
2021-10-30 00:00:00,X:ETHUSD,4421.23,4322.9,4435.03,4233.31,172798.07685436253
2021-10-30 00:00:00,X:SOLUSD,200.428,195.913,200.687,187.51,958734.9007656372
2021-10-31 00:00:00,X:BTCUSD,61896.38,61343.68,62438.85,60000.0,13856.30190532053
2021-10-31 00:00:00,X:ETHUSD,4325.55,4290.16,4397.95,4164.9,205652.55104042645
2021-10-31 00:00:00,X:SOLUSD,195.924,202.673,205.264,185.54,1409853.9865575444
2021-11-01 00:00:00,X:BTCUSD,61346.17,60949.54,62500.0,59449.1,21697.86533183649
2021-11-01 00:00:00,X:ETHUSD,4290.31,4322.89,4385.16,4146.2,236974.78166614272
2021-11-01 00:00:00,X:SOLUSD,202.673,204.035,211.687,197.85,1716284.3126660227
2021-11-02 00:00:00,X:BTCUSD,60956.4,63266.51,64327.0,60661.0,24980.664943162046
2021-11-02 00:00:00,X:ETHUSD,4322.89,4595.01,4604.99,4285.9,311334.75969360233
2021-11-02 00:00:00,X:SOLUSD,204.061,221.168,222.44,201.024,1694302.0669705018
2021-11-03 00:00:00,X:BTCUSD,63249.0,62935.41,63568.36,60018.46,22440.564628538454
2021-11-03 00:00:00,X:ETHUSD,4594.99,4606.07,4671.0,4455.14,314358.96301615034
2021-11-03 00:00:00,X:SOLUSD,221.031,243.553,246.884,216.003,2913517.138060468
2021-11-04 00:00:00,X:BTCUSD,62893.0,61444.5,63136.82,60644.2,17366.619980498435
2021-11-04 00:00:00,X:ETHUSD,4606.07,4537.15,4610.24,4415.83,235302.91894894533
2021-11-04 00:00:00,X:SOLUSD,243.525,247.244,250.566,234.39,2128239.7597131254
2021-11-05 00:00:00,X:BTCUSD,61410.0,61006.15,62666.52,60735.0,15856.020251146463
2021-11-05 00:00:00,X:ETHUSD,4533.4750634,4479.47,4575.1,4432.38004027,186253.71548876245
2021-11-05 00:00:00,X:SOLUSD,247.202,236.364,248.622,230.537,1349132.733553227
2021-11-06 00:00:00,X:BTCUSD,61006.14,61539.31,61609.5,60100.0,11905.137889309408
2021-11-06 00:00:00,X:ETHUSD,4477.9,4523.16,4534.43,4327.6,157571.45647997997
2021-11-06 00:00:00,X:SOLUSD,236.306,258.763,260.0,235.0,1531466.852389817
2021-11-07 00:00:00,X:BTCUSD,61542.43,63309.13,63327.96,61388.0,11500.453301866182
2021-11-07 00:00:00,X:ETHUSD,4520.06033732,4617.02,4640.0,4506.2,126884.85337233264
2021-11-07 00:00:00,X:SOLUSD,258.764,249.808,258.926,245.8,1104910.0768897347
2021-11-08 00:00:00,X:BTCUSD,63300.0,67554.84,67803.55,63277.0,33221.91501258513
2021-11-08 00:00:00,X:ETHUSD,4617.27,4811.9,4825.0,4614.52139105,250504.4362856154
2021-11-08 00:00:00,X:SOLUSD,249.807,248.422,253.391,240.583,1784854.8749847566
2021-11-09 00:00:00,X:BTCUSD,67554.13,66944.66,68568.85,66250.0,26727.20840189769
2021-11-09 00:00:00,X:ETHUSD,4807.1,4731.59,4842.65,4697.9,234382.9805161245
2021-11-09 00:00:00,X:SOLUSD,248.354,239.045,253.259,237.536,1395455.6665198773
2021-11-10 00:00:00,X:BTCUSD,66928.42,64912.2,69000.0,62700.1,41038.77451502375
2021-11-10 00:00:00,X:ETHUSD,4731.58,4632.22,4868.79,4452.63,386837.9337183179
2021-11-10 00:00:00,X:SOLUSD,239.045,233.277,248.163,217.0,1966415.018440428
2021-11-11 00:00:00,X:BTCUSD,64919.18,64807.59,65625.44,64079.0,16314.322442489169
2021-11-11 00:00:00,X:ETHUSD,4629.8,4721.87,4783.27,4577.5,173486.14043422407
2021-11-11 00:00:00,X:SOLUSD,233.2,233.498,246.49,229.508,1283205.414644331
2021-11-12 00:00:00,X:BTCUSD,64807.73,64147.9,65497.53,62255.0,24450.462201492443
2021-11-12 00:00:00,X:ETHUSD,4721.07,4667.34,4810.93,4508.42,257584.4494706357
2021-11-12 00:00:00,X:SOLUSD,233.477,228.53,239.0,221.0,1332199.456525074
2021-11-13 00:00:00,X:BTCUSD,64144.42,64400.01,64990.0,63394.17,10058.012618513289
2021-11-13 00:00:00,X:ETHUSD,4667.79,4644.44,4708.6,4586.8,104559.51992787894
2021-11-13 00:00:00,X:SOLUSD,228.486,241.776,242.098,224.919,1110520.856558685
2021-11-14 00:00:00,X:BTCUSD,64403.43,65505.02,65525.0,63564.0,11003.50252441166
2021-11-14 00:00:00,X:ETHUSD,4645.58,4627.03,4695.07,4514.7,138851.34360251282
2021-11-14 00:00:00,X:SOLUSD,241.718,238.702,242.07,230.35,926095.9810845256
2021-11-15 00:00:00,X:BTCUSD,65509.87,63561.0,66387.4,63348.91,19883.15063270208
2021-11-15 00:00:00,X:ETHUSD,4625.22211311,4565.06,4771.23,4535.2,195974.3847000437
2021-11-15 00:00:00,X:SOLUSD,238.67,238.218,246.382,234.316,1167855.3290551803
2021-11-16 00:00:00,X:BTCUSD,63621.05,60107.98,63628.0,58563.0,48151.00604622952
2021-11-16 00:00:00,X:ETHUSD,4560.7,4209.5,4564.98,4105.0,508916.7876251983
2021-11-16 00:00:00,X:SOLUSD,238.217,219.155,238.219,214.21,1888662.8472086936
2021-11-17 00:00:00,X:BTCUSD,60069.0,60351.51,60888.5,58368.0,34469.11074300127
2021-11-17 00:00:00,X:ETHUSD,4208.2,4289.4,4301.15,4065.0,277645.52209986467
2021-11-17 00:00:00,X:SOLUSD,219.191,219.044,222.525,209.943,1634236.5591522332
2021-11-18 00:00:00,X:BTCUSD,60354.56777918,56898.0,60978.39,56514.13,49035.67572971993
2021-11-18 00:00:00,X:ETHUSD,4289.4,3997.93,4347.18,3958.67,429368.7191065384
2021-11-18 00:00:00,X:SOLUSD,219.04,195.252,222.886,186.77,2687852.053597559
2021-11-19 00:00:00,X:BTCUSD,56898.46,58122.16,58412.12,55625.0,29252.49851902848
2021-11-19 00:00:00,X:ETHUSD,3998.4,4299.55,4314.82,3975.24,304344.64966687176
2021-11-19 00:00:00,X:SOLUSD,195.265,215.385,220.0,189.26,1870152.6347790104
2021-11-20 00:00:00,X:BTCUSD,58122.15,59760.76,59900.0,57423.35,13634.829089579009
2021-11-20 00:00:00,X:ETHUSD,4298.9,4416.69,4440.0,4205.87,151076.56975869412
2021-11-20 00:00:00,X:SOLUSD,215.441,217.865,221.374,206.0,991734.4495769376
2021-11-21 00:00:00,X:BTCUSD,59760.76,58691.0,60090.55,58509.69,11372.672746502833
2021-11-21 00:00:00,X:ETHUSD,4415.77421546,4262.99,4441.0,4246.07,123783.39831233268
2021-11-21 00:00:00,X:SOLUSD,217.97,230.785,235.584,210.622,1373851.8665174623
2021-11-22 00:00:00,X:BTCUSD,58679.27,56280.81,59526.51,55628.57,31582.39076560744
2021-11-22 00:00:00,X:ETHUSD,4264.08,4089.16,4322.86,4024.03,279473.5556675562
2021-11-22 00:00:00,X:SOLUSD,230.752,215.788,232.269,211.757,1648809.9095814023
2021-11-23 00:00:00,X:BTCUSD,56280.81,57566.85,57897.54,55128.6,29113.91371496172
2021-11-23 00:00:00,X:ETHUSD,4089.1,4341.62,4390.82,4060.0,261225.75501316655
2021-11-23 00:00:00,X:SOLUSD,215.768,221.97,226.193,211.0,1066134.0730315906
2021-11-24 00:00:00,X:BTCUSD,57562.65,57162.66,57762.0,55875.01,21718.070125993007
2021-11-24 00:00:00,X:ETHUSD,4341.8,4270.74,4378.16,4166.12,178525.00552701228
2021-11-24 00:00:00,X:SOLUSD,221.971,205.685,222.5,200.14,1416745.2067389018
2021-11-25 00:00:00,X:BTCUSD,57158.58,59015.78236183,59445.99,57037.04,18791.717772435943
2021-11-25 00:00:00,X:ETHUSD,4271.9,4527.3,4556.42,4248.4,186135.3272850798
2021-11-25 00:00:00,X:SOLUSD,205.752,210.139,216.5,202.054,1196293.348755355
2021-11-26 00:00:00,X:BTCUSD,58994.72,53757.67,59238.0,53524.03,49773.817897264125
2021-11-26 00:00:00,X:ETHUSD,4527.03,4043.67,4556.0,3915.0,478861.2112264985
2021-11-26 00:00:00,X:SOLUSD,210.124,192.541,210.72,182.73,1976829.6800359448
2021-11-27 00:00:00,X:BTCUSD,53757.67,54759.05,55382.0,53642.58,15312.516098235948
2021-11-27 00:00:00,X:ETHUSD,4044.64,4098.31,4187.6,4030.8,138260.13292871247
2021-11-27 00:00:00,X:SOLUSD,192.68,192.952,199.55,190.627,939228.0602205636
2021-11-28 00:00:00,X:BTCUSD,54759.04,57317.17,57490.0,53300.0,16693.585747565096
2021-11-28 00:00:00,X:ETHUSD,4099.3,4298.38,4303.35,3950.0,198857.05324180436
2021-11-28 00:00:00,X:SOLUSD,192.942,200.907,203.009,181.067,1189698.5289570182
2021-11-29 00:00:00,X:BTCUSD,57329.0,57838.06,58931.07,56730.0,23570.35150546303
2021-11-29 00:00:00,X:ETHUSD,4298.38,4449.42,4466.0,4280.57,230909.4998105917
2021-11-29 00:00:00,X:SOLUSD,200.838,204.187,212.993,199.863,1431170.9164024205
2021-11-30 00:00:00,X:BTCUSD,57843.33,56987.97,59250.0,55899.0,31957.525207432343
2021-11-30 00:00:00,X:ETHUSD,4449.42,4630.31,4759.0,4350.0,496616.7600977171
2021-11-30 00:00:00,X:SOLUSD,204.205,208.65,218.549,199.7,1624663.2467792153
2021-12-01 00:00:00,X:BTCUSD,56998.35,57226.5,59118.84,56465.75,28515.64757649093
2021-12-01 00:00:00,X:ETHUSD,4631.27,4586.95,4784.5,4524.86,360037.4860864302
2021-12-01 00:00:00,X:SOLUSD,208.716,229.928,232.51,207.821,2066904.789729172
2021-12-02 00:00:00,X:BTCUSD,57226.51,56521.46,57423.69,55839.85,23361.359331882708
2021-12-02 00:00:00,X:ETHUSD,4587.4,4514.59,4639.86,4432.4,258630.78557323857
2021-12-02 00:00:00,X:SOLUSD,229.928,233.845,243.564,220.113,1919901.16495534
2021-12-03 00:00:00,X:BTCUSD,56521.45,53638.04,57688.9,51333.0,37630.98850390665
2021-12-03 00:00:00,X:ETHUSD,4514.54,4216.93,4662.75,4035.0,444060.0420696497
2021-12-03 00:00:00,X:SOLUSD,233.808,211.757,239.609,204.12,2179833.429659526
2021-12-04 00:00:00,X:BTCUSD,53685.47,49249.0,53893.4,40150.1,80539.11022517455
2021-12-04 00:00:00,X:ETHUSD,4216.3,4123.13,4242.14,3327.62,730250.7665376907
2021-12-04 00:00:00,X:SOLUSD,211.59,201.114,213.0,170.04,2977222.4236394563
2021-12-05 00:00:00,X:BTCUSD,49240.81,49484.22,49783.0,47827.0,35410.57709591021
2021-12-05 00:00:00,X:ETHUSD,4123.13,4203.22,4258.0,4035.47,339601.9131325796
2021-12-05 00:00:00,X:SOLUSD,201.102,196.687,204.78,181.5,1795826.5139625506
2021-12-06 00:00:00,X:BTCUSD,49484.21,50529.56,51105.0,47111.0,39853.01854168594
2021-12-06 00:00:00,X:ETHUSD,4202.73,4354.22,4382.2,3901.01,518798.3389264002
2021-12-06 00:00:00,X:SOLUSD,196.758,193.751,197.875,176.45,2195471.7156306733
2021-12-07 00:00:00,X:BTCUSD,50529.56,50650.1,51995.0,50062.13,22445.89628845604
2021-12-07 00:00:00,X:ETHUSD,4354.09,4310.19,4433.99,4256.06,274027.26319312706
2021-12-07 00:00:00,X:SOLUSD,193.721,190.366,204.338,188.06,1809573.3940524173
2021-12-08 00:00:00,X:BTCUSD,50625.24,50519.68,51275.0,48579.3,21770.40429310262
2021-12-08 00:00:00,X:ETHUSD,4310.21,4440.51,4457.43,4226.05,260537.3786372289
2021-12-08 00:00:00,X:SOLUSD,190.417,194.792,196.506,183.65,1764800.0847040534
2021-12-09 00:00:00,X:BTCUSD,50520.94,47568.43,50844.86,47298.4,26330.6028418892
2021-12-09 00:00:00,X:ETHUSD,4440.94,4106.06,4497.7,4073.42,317675.3633666724
2021-12-09 00:00:00,X:SOLUSD,194.792,181.45,196.818,178.775,1399980.8159216107
2021-12-10 00:00:00,X:BTCUSD,47568.43,47170.94,50212.0,46886.0,29888.65814228431
2021-12-10 00:00:00,X:ETHUSD,4105.99,3902.9,4238.0,3885.05,378902.15673985606
2021-12-10 00:00:00,X:SOLUSD,181.46,167.77,184.89,167.14,1432881.5187511884
2021-12-11 00:00:00,X:BTCUSD,47170.94,49426.0,49539.4,46786.78,19726.721151804068
2021-12-11 00:00:00,X:ETHUSD,3899.97,4088.8,4099.87,3833.36,230386.83019717265
2021-12-11 00:00:00,X:SOLUSD,167.63,172.18,173.88,161.51,1335513.7622140928
2021-12-12 00:00:00,X:BTCUSD,49420.51,50089.64,50828.13,48665.43,17538.251389379744
2021-12-12 00:00:00,X:ETHUSD,4091.17,4132.92,4186.16,3987.85,155529.6490964392
2021-12-12 00:00:00,X:SOLUSD,172.24,172.93,176.95,167.8,817702.009624931
2021-12-13 00:00:00,X:BTCUSD,50089.64,46727.89,50234.0,45727.92,37768.58271634956
2021-12-13 00:00:00,X:ETHUSD,4134.97838721,3783.81,4147.1,3660.0,541426.310124995
2021-12-13 00:00:00,X:SOLUSD,172.93,155.19,172.98,148.03,2338751.0640712576
2021-12-14 00:00:00,X:BTCUSD,46727.89,48399.0,48690.0,46300.0,28430.20983309097
2021-12-14 00:00:00,X:ETHUSD,3784.0,3860.74,3884.4,3686.49,290195.0318261814
2021-12-14 00:00:00,X:SOLUSD,155.19,161.38,163.39,149.65,1835803.1195750488
2021-12-15 00:00:00,X:BTCUSD,48359.23,48884.78,49520.0,46530.0,35501.611253349845
2021-12-15 00:00:00,X:ETHUSD,3860.72,4021.53,4097.0,3614.6,479967.4494200984
2021-12-15 00:00:00,X:SOLUSD,161.34,178.57,186.0,156.79,2368766.442382628
2021-12-16 00:00:00,X:BTCUSD,48876.84,47634.22,49480.0,47506.21,21058.96604098041
2021-12-16 00:00:00,X:ETHUSD,4021.41,3957.28,4121.84,3952.81,257032.1804575989
2021-12-16 00:00:00,X:SOLUSD,178.59,176.94,189.61,174.11,1545399.4218092246
2021-12-17 00:00:00,X:BTCUSD,47634.2,46166.5,48038.0,45469.32,30283.40870042333
2021-12-17 00:00:00,X:ETHUSD,3957.0,3876.02,3996.96435954,3695.19,330587.1469031114
2021-12-17 00:00:00,X:SOLUSD,176.95,175.55,182.51,168.03,1573404.1756662666
2021-12-18 00:00:00,X:BTCUSD,46163.0,46859.46,47483.0,45501.0,14608.24534641944
2021-12-18 00:00:00,X:ETHUSD,3876.37,3961.92,4003.2,3768.14,181121.38779771264
2021-12-18 00:00:00,X:SOLUSD,175.58,182.91,184.39,171.01,833607.6805725342
2021-12-19 00:00:00,X:BTCUSD,46857.49,46687.19,48364.0,46440.11,18097.542392208325
2021-12-19 00:00:00,X:ETHUSD,3961.93,3925.79,4039.73,3883.44,150229.41187256642
2021-12-19 00:00:00,X:SOLUSD,182.91,179.95,189.7,178.31,745107.9868978434
2021-12-20 00:00:00,X:BTCUSD,46687.2,46926.07,47549.8,45568.0,26408.09461726444
2021-12-20 00:00:00,X:ETHUSD,3925.78,3946.16,3985.3,3750.77,243360.05913720385
2021-12-20 00:00:00,X:SOLUSD,179.99,174.06,181.32,168.3,1236010.0839683071
2021-12-21 00:00:00,X:BTCUSD,46926.07,48914.7,49369.0,46645.05,25727.92585480386
2021-12-21 00:00:00,X:ETHUSD,3947.2,4017.11,4065.5,3908.13,225313.58720792743
2021-12-21 00:00:00,X:SOLUSD,174.06,179.75,182.78,170.27,1147216.1840308153
2021-12-22 00:00:00,X:BTCUSD,48914.7,48608.62,49600.0,48449.87,17239.748672229794
2021-12-22 00:00:00,X:ETHUSD,4017.35,3981.12,4076.3,3930.0,161405.89074857236
2021-12-22 00:00:00,X:SOLUSD,179.75,178.45,187.57,177.12,1476257.987143597
2021-12-23 00:00:00,X:BTCUSD,48608.61,50842.2,51413.12295813,48032.16,25853.13354537693
2021-12-23 00:00:00,X:ETHUSD,3980.82,4113.08,4157.82,3895.7,268876.671809523
2021-12-23 00:00:00,X:SOLUSD,178.38,190.07,193.76,175.66,1268480.7945160358
2021-12-24 00:00:00,X:BTCUSD,50850.0,50851.38,51878.6,50405.0,18097.939677177
2021-12-24 00:00:00,X:ETHUSD,4112.9,4049.65,4138.71,4005.0,158341.54493800644
2021-12-24 00:00:00,X:SOLUSD,190.11,190.65,197.62,184.1,1299797.956347857
2021-12-25 00:00:00,X:BTCUSD,50857.42,50428.31,51179.36,50182.0,9586.642030326886
2021-12-25 00:00:00,X:ETHUSD,4047.4,4097.43,4143.13,4021.31,93871.67957513506
2021-12-25 00:00:00,X:SOLUSD,190.66,193.06,195.5,189.26,810548.713820575
2021-12-26 00:00:00,X:BTCUSD,50435.06967051,50801.79,51300.0,49427.9,11862.025153777757
2021-12-26 00:00:00,X:ETHUSD,4098.67,4065.91,4109.0,4002.97,95927.21000581574
2021-12-26 00:00:00,X:SOLUSD,193.1,198.0,200.69,190.31,729196.9422172891
2021-12-27 00:00:00,X:BTCUSD,50804.33,50717.77,52111.0,50479.44,17848.014831694374
2021-12-27 00:00:00,X:ETHUSD,4066.14,4038.64,4128.9,4027.56,145237.4895547709
2021-12-27 00:00:00,X:SOLUSD,198.0,195.74,204.9,194.76,766496.1063330845
2021-12-28 00:00:00,X:BTCUSD,50720.35,47548.1,50720.35,47300.0,34285.11991611768
2021-12-28 00:00:00,X:ETHUSD,4037.9,3793.67,4040.2,3758.96,292410.8815170006
2021-12-28 00:00:00,X:SOLUSD,195.77,177.27,195.77,176.23,1829738.459829328
2021-12-29 00:00:00,X:BTCUSD,47556.0,46471.24,48166.0,46079.0,28886.931221194667
2021-12-29 00:00:00,X:ETHUSD,3793.66,3630.59,3828.6,3602.21,250790.76577736365
2021-12-29 00:00:00,X:SOLUSD,177.32,170.64,180.65,170.02,1137809.0194697834
2021-12-30 00:00:00,X:BTCUSD,46464.0,47122.08,47926.15,45930.1,34702.58841993716
2021-12-30 00:00:00,X:ETHUSD,3630.18,3710.02,3769.99,3583.0,220145.4824242888
2021-12-30 00:00:00,X:SOLUSD,170.63,172.52,175.79,168.07,875122.2709383126
